{
  "type": "FeatureCollection",
  "generator": "overpass-turbo",
  "copyright": "The data included in this document is from www.openstreetmap.org. The data is made available under ODbL.",
  "timestamp": "2026-07-01T19:29:57Z",
  "features": [
    {
      "type": "Feature",
      "properties": {
        "@id": "way/48465832",
        "addr:city": "Hanover",
        "addr:housenumber": "4",
        "addr:postcode": "03755",
        "addr:state": "NH",
        "addr:street": "Summer Court",
        "building": "yes",
        "leisure": "ice_rink",
        "name": "Thompson Arena",
        "sport": "ice_hockey",
        "wikidata": "Q7795691"
      },
      "geometry": {
        "type": "Polygon",
        "coordinates": [
          [
            [
              -72.2807352,
              43.7012789
            ],
            [
              -72.2807299,
              43.7011044
            ],
            [
              -72.2807752,
              43.7011037
            ],
            [
              -72.2808091,
              43.7010716
            ],
            [
              -72.280835,
              43.7010715
            ],
            [
              -72.2808343,
              43.7010137
            ],
            [
              -72.2808337,
              43.7009558
            ],
            [
              -72.2808114,
              43.7009559
            ],
            [
              -72.2807808,
              43.7009398
            ],
            [
              -72.280721,
              43.7009408
            ],
            [
              -72.2807159,
              43.7007764
            ],
            [
              -72.2795471,
              43.700795
            ],
            [
              -72.2795625,
              43.7012976
            ],
            [
              -72.2807352,
              43.7012789
            ]
          ]
        ]
      },
      "id": "way/48465832"
    },
    {
      "type": "Feature",
      "properties": {
        "@id": "way/48465833",
        "addr:city": "Hanover",
        "addr:housenumber": "26",
        "addr:postcode": "03755",
        "addr:state": "NH",
        "addr:street": "South Park Street",
        "building": "university",
        "leisure": "sports_centre",
        "name": "Leverone Field House",
        "sport": "multi"
      },
      "geometry": {
        "type": "Polygon",
        "coordinates": [
          [
            [
              -72.2834814,
              43.7011626
            ],
            [
              -72.2833827,
              43.7008426
            ],
            [
              -72.2832653,
              43.7004544
            ],
            [
              -72.2819451,
              43.7006615
            ],
            [
              -72.2821578,
              43.7013703
            ],
            [
              -72.2833015,
              43.7011908
            ],
            [
              -72.2834266,
              43.7011712
            ],
            [
              -72.2834814,
              43.7011626
            ]
          ]
        ]
      },
      "id": "way/48465833"
    },
    {
      "type": "Feature",
      "properties": {
        "@id": "way/48465834",
        "addr:city": "Hanover",
        "addr:housenumber": "4",
        "addr:postcode": "03755",
        "addr:state": "NH",
        "addr:street": "Crosby Street",
        "building": "grandstand",
        "name": "West Stands"
      },
      "geometry": {
        "type": "Polygon",
        "coordinates": [
          [
            [
              -72.2851864,
              43.7016686
            ],
            [
              -72.2848777,
              43.7006792
            ],
            [
              -72.284592,
              43.7007258
            ],
            [
              -72.2849007,
              43.7017152
            ],
            [
              -72.2851864,
              43.7016686
            ]
          ]
        ]
      },
      "id": "way/48465834"
    },
    {
      "type": "Feature",
      "properties": {
        "@id": "way/48465835",
        "addr:city": "Hanover",
        "addr:housenumber": "12",
        "addr:postcode": "03755",
        "addr:state": "NH",
        "addr:street": "East Wheelock Street",
        "building": "dormitory",
        "name": "Topliff Hall"
      },
      "geometry": {
        "type": "Polygon",
        "coordinates": [
          [
            [
              -72.2863426,
              43.7026957
            ],
            [
              -72.2862945,
              43.7025595
            ],
            [
              -72.2861358,
              43.7025888
            ],
            [
              -72.28609,
              43.7024591
            ],
            [
              -72.2859665,
              43.7024819
            ],
            [
              -72.2860139,
              43.702616
            ],
            [
              -72.2859786,
              43.7026226
            ],
            [
              -72.2858856,
              43.7023593
            ],
            [
              -72.2857104,
              43.7023916
            ],
            [
              -72.2858499,
              43.7027867
            ],
            [
              -72.2863426,
              43.7026957
            ]
          ]
        ]
      },
      "id": "way/48465835"
    },
    {
      "type": "Feature",
      "properties": {
        "@id": "way/48465836",
        "addr:city": "Hanover",
        "addr:housenumber": "6",
        "addr:postcode": "03755",
        "addr:state": "NH",
        "addr:street": "South Park Street",
        "building": "yes",
        "leisure": "sports_centre",
        "name": "Berry Sports Center",
        "sport": "basketball;squash"
      },
      "geometry": {
        "type": "Polygon",
        "coordinates": [
          [
            [
              -72.2830272,
              43.7026037
            ],
            [
              -72.2823248,
              43.7027866
            ],
            [
              -72.2823393,
              43.7028157
            ],
            [
              -72.2824827,
              43.7031035
            ],
            [
              -72.2826209,
              43.7033809
            ],
            [
              -72.2833196,
              43.7031989
            ],
            [
              -72.2832574,
              43.7030741
            ],
            [
              -72.2833065,
              43.7030613
            ],
            [
              -72.2833597,
              43.7030475
            ],
            [
              -72.2833209,
              43.7029697
            ],
            [
              -72.2832708,
              43.7029828
            ],
            [
              -72.2832223,
              43.7029954
            ],
            [
              -72.2830272,
              43.7026037
            ]
          ]
        ]
      },
      "id": "way/48465836"
    },
    {
      "type": "Feature",
      "properties": {
        "@id": "way/48465837",
        "addr:city": "Hanover",
        "addr:housenumber": "4",
        "addr:postcode": "03755",
        "addr:state": "NH",
        "addr:street": "Crosby Street",
        "building": "grandstand",
        "name": "East Stands"
      },
      "geometry": {
        "type": "Polygon",
        "coordinates": [
          [
            [
              -72.2839268,
              43.7019603
            ],
            [
              -72.2835729,
              43.7008119
            ],
            [
              -72.2833827,
              43.7008426
            ],
            [
              -72.2834814,
              43.7011626
            ],
            [
              -72.2837369,
              43.7019909
            ],
            [
              -72.2839268,
              43.7019603
            ]
          ]
        ]
      },
      "id": "way/48465837"
    },
    {
      "type": "Feature",
      "properties": {
        "@id": "way/48465838",
        "addr:city": "Hanover",
        "addr:housenumber": "29",
        "addr:postcode": "03755",
        "addr:state": "NH",
        "addr:street": "College Street",
        "amenity": "place_of_worship",
        "building": "yes",
        "ele": "166",
        "gnis:feature_id": "1916788",
        "name": "Rollins Chapel",
        "religion": "christian"
      },
      "geometry": {
        "type": "Polygon",
        "coordinates": [
          [
            [
              -72.2874233,
              43.704568
            ],
            [
              -72.2874966,
              43.7045694
            ],
            [
              -72.2874966,
              43.7044078
            ],
            [
              -72.2873885,
              43.7044075
            ],
            [
              -72.2873877,
              43.7043348
            ],
            [
              -72.2872017,
              43.7043376
            ],
            [
              -72.2871938,
              43.7043376
            ],
            [
              -72.2871957,
              43.7043877
            ],
            [
              -72.2870295,
              43.7043863
            ],
            [
              -72.2870315,
              43.7044264
            ],
            [
              -72.2869919,
              43.7044335
            ],
            [
              -72.2869524,
              43.7044544
            ],
            [
              -72.2869464,
              43.7044907
            ],
            [
              -72.2869602,
              43.7045322
            ],
            [
              -72.2869919,
              43.704558
            ],
            [
              -72.2870335,
              43.7045623
            ],
            [
              -72.2870354,
              43.7046009
            ],
            [
              -72.2871918,
              43.7046009
            ],
            [
              -72.2871938,
              43.704659
            ],
            [
              -72.2873818,
              43.7046596
            ],
            [
              -72.2873803,
              43.7046043
            ],
            [
              -72.2874214,
              43.7046052
            ],
            [
              -72.2874233,
              43.704568
            ]
          ]
        ]
      },
      "id": "way/48465838"
    },
    {
      "type": "Feature",
      "properties": {
        "@id": "way/48465839",
        "addr:city": "Hanover",
        "addr:housenumber": "3",
        "addr:postcode": "03755",
        "addr:state": "NH",
        "addr:street": "Maynard Street",
        "building": "university",
        "name": "Moore Psychology Building"
      },
      "geometry": {
        "type": "Polygon",
        "coordinates": [
          [
            [
              -72.2880848,
              43.7075457
            ],
            [
              -72.2882281,
              43.7073886
            ],
            [
              -72.2882166,
              43.7073831
            ],
            [
              -72.288233,
              43.7073651
            ],
            [
              -72.2882217,
              43.7073597
            ],
            [
              -72.2881739,
              43.7073369
            ],
            [
              -72.2880102,
              43.7072588
            ],
            [
              -72.2881787,
              43.7070742
            ],
            [
              -72.2880875,
              43.7070307
            ],
            [
              -72.2880145,
              43.7069959
            ],
            [
              -72.2878283,
              43.7071999
            ],
            [
              -72.2877728,
              43.7071735
            ],
            [
              -72.2877299,
              43.7072205
            ],
            [
              -72.2876839,
              43.7072708
            ],
            [
              -72.2876307,
              43.7073291
            ],
            [
              -72.2880848,
              43.7075457
            ]
          ]
        ]
      },
      "id": "way/48465839"
    },
    {
      "type": "Feature",
      "properties": {
        "@id": "way/48465840",
        "addr:city": "Hanover",
        "addr:housenumber": "37",
        "addr:postcode": "03755",
        "addr:state": "NH",
        "addr:street": "North Main Street",
        "building": "university",
        "name": "Sherman House"
      },
      "geometry": {
        "type": "Polygon",
        "coordinates": [
          [
            [
              -72.2884169,
              43.7076783
            ],
            [
              -72.2884826,
              43.7076008
            ],
            [
              -72.2883571,
              43.7075452
            ],
            [
              -72.2883657,
              43.707535
            ],
            [
              -72.2883297,
              43.707519
            ],
            [
              -72.2883184,
              43.7075324
            ],
            [
              -72.2882359,
              43.7074959
            ],
            [
              -72.2881841,
              43.707557
            ],
            [
              -72.2882187,
              43.7075724
            ],
            [
              -72.288204,
              43.7075898
            ],
            [
              -72.2882409,
              43.7076062
            ],
            [
              -72.2882309,
              43.707618
            ],
            [
              -72.288298,
              43.7076478
            ],
            [
              -72.2883117,
              43.7076316
            ],
            [
              -72.2884169,
              43.7076783
            ]
          ]
        ]
      },
      "id": "way/48465840"
    },
    {
      "type": "Feature",
      "properties": {
        "@id": "way/48466703",
        "addr:city": "Hanover",
        "addr:housenumber": "9",
        "addr:postcode": "03755",
        "addr:state": "NH",
        "addr:street": "East Wheelock Street",
        "amenity": "social_centre",
        "building": "yes",
        "name": "Alpha Delta"
      },
      "geometry": {
        "type": "Polygon",
        "coordinates": [
          [
            [
              -72.2849425,
              43.703664
            ],
            [
              -72.2849005,
              43.7035803
            ],
            [
              -72.284863,
              43.7035056
            ],
            [
              -72.2846503,
              43.7035614
            ],
            [
              -72.2847342,
              43.7037287
            ],
            [
              -72.2848249,
              43.7037049
            ],
            [
              -72.2848369,
              43.7037289
            ],
            [
              -72.2849077,
              43.7037104
            ],
            [
              -72.2848912,
              43.7036775
            ],
            [
              -72.2849425,
              43.703664
            ]
          ]
        ]
      },
      "id": "way/48466703"
    },
    {
      "type": "Feature",
      "properties": {
        "@id": "way/48466704",
        "addr:city": "Hanover",
        "addr:housenumber": "5",
        "addr:postcode": "03755",
        "addr:state": "NH",
        "addr:street": "Teagan Avenue",
        "building": "house"
      },
      "geometry": {
        "type": "Polygon",
        "coordinates": [
          [
            [
              -72.2806325,
              43.7020184
            ],
            [
              -72.2805559,
              43.701959
            ],
            [
              -72.2804354,
              43.7020401
            ],
            [
              -72.2805119,
              43.7020995
            ],
            [
              -72.2806325,
              43.7020184
            ]
          ]
        ]
      },
      "id": "way/48466704"
    },
    {
      "type": "Feature",
      "properties": {
        "@id": "way/48466705",
        "addr:city": "Hanover",
        "addr:housenumber": "17",
        "addr:postcode": "03755",
        "addr:state": "NH",
        "addr:street": "South Park Street",
        "building": "garage"
      },
      "geometry": {
        "type": "Polygon",
        "coordinates": [
          [
            [
              -72.2814037,
              43.7022131
            ],
            [
              -72.2813863,
              43.7021374
            ],
            [
              -72.2812685,
              43.7021516
            ],
            [
              -72.2812859,
              43.7022273
            ],
            [
              -72.2814037,
              43.7022131
            ]
          ]
        ]
      },
      "id": "way/48466705"
    },
    {
      "type": "Feature",
      "properties": {
        "@id": "way/48466706",
        "addr:city": "Hanover",
        "addr:housenumber": "1",
        "addr:postcode": "03755",
        "addr:state": "NH",
        "addr:street": "Austin Avenue",
        "building": "house"
      },
      "geometry": {
        "type": "Polygon",
        "coordinates": [
          [
            [
              -72.2812915,
              43.7019434
            ],
            [
              -72.2812753,
              43.7018825
            ],
            [
              -72.2811295,
              43.7019028
            ],
            [
              -72.2811457,
              43.7019637
            ],
            [
              -72.2812915,
              43.7019434
            ]
          ]
        ]
      },
      "id": "way/48466706"
    },
    {
      "type": "Feature",
      "properties": {
        "@id": "way/48466707",
        "addr:city": "Hanover",
        "addr:housenumber": "7",
        "addr:postcode": "03755",
        "addr:state": "NH",
        "addr:street": "Austin Avenue",
        "building": "garages"
      },
      "geometry": {
        "type": "Polygon",
        "coordinates": [
          [
            [
              -72.2811934,
              43.7020894
            ],
            [
              -72.2811112,
              43.7020965
            ],
            [
              -72.2811477,
              43.7023175
            ],
            [
              -72.2812298,
              43.7023104
            ],
            [
              -72.2811934,
              43.7020894
            ]
          ]
        ]
      },
      "id": "way/48466707"
    },
    {
      "type": "Feature",
      "properties": {
        "@id": "way/48466708",
        "addr:city": "Hanover",
        "addr:housenumber": "4",
        "addr:postcode": "03755",
        "addr:state": "NH",
        "addr:street": "Austin Avenue",
        "building": "semidetached_house"
      },
      "geometry": {
        "type": "Polygon",
        "coordinates": [
          [
            [
              -72.2806633,
              43.7022759
            ],
            [
              -72.2805904,
              43.7022556
            ],
            [
              -72.2805287,
              43.7023712
            ],
            [
              -72.2806016,
              43.7023915
            ],
            [
              -72.2806633,
              43.7022759
            ]
          ]
        ]
      },
      "id": "way/48466708"
    },
    {
      "type": "Feature",
      "properties": {
        "@id": "way/48466709",
        "addr:city": "Hanover",
        "addr:housenumber": "11",
        "addr:postcode": "03755",
        "addr:state": "NH",
        "addr:street": "South Park Street",
        "building": "garage"
      },
      "geometry": {
        "type": "Polygon",
        "coordinates": [
          [
            [
              -72.2814801,
              43.7028756
            ],
            [
              -72.2814721,
              43.7028274
            ],
            [
              -72.2814687,
              43.7028068
            ],
            [
              -72.2813731,
              43.702815
            ],
            [
              -72.2813845,
              43.7028839
            ],
            [
              -72.2814801,
              43.7028756
            ]
          ]
        ]
      },
      "id": "way/48466709"
    },
    {
      "type": "Feature",
      "properties": {
        "@id": "way/48466717",
        "addr:city": "Hanover",
        "addr:housenumber": "15",
        "addr:postcode": "03755",
        "addr:state": "NH",
        "addr:street": "East Wheelock Street",
        "building": "dormitory",
        "name": "Morton Hall"
      },
      "geometry": {
        "type": "Polygon",
        "coordinates": [
          [
            [
              -72.283548,
              43.703853
            ],
            [
              -72.2833716,
              43.703896
            ],
            [
              -72.2834393,
              43.7040413
            ],
            [
              -72.2834276,
              43.7040601
            ],
            [
              -72.2834402,
              43.7040982
            ],
            [
              -72.2834728,
              43.7041073
            ],
            [
              -72.2835418,
              43.7042579
            ],
            [
              -72.2836183,
              43.7042433
            ],
            [
              -72.2837171,
              43.7042157
            ],
            [
              -72.283548,
              43.703853
            ]
          ]
        ]
      },
      "id": "way/48466717"
    },
    {
      "type": "Feature",
      "properties": {
        "@id": "way/48466718",
        "addr:city": "Hanover",
        "addr:housenumber": "10",
        "addr:postcode": "03755",
        "addr:state": "NH",
        "addr:street": "Ivy Lane",
        "building": "dormitory",
        "name": "Zimmerman Hall"
      },
      "geometry": {
        "type": "Polygon",
        "coordinates": [
          [
            [
              -72.2841177,
              43.7044939
            ],
            [
              -72.2840721,
              43.7044091
            ],
            [
              -72.2840494,
              43.704367
            ],
            [
              -72.2839377,
              43.7043985
            ],
            [
              -72.2838401,
              43.7043665
            ],
            [
              -72.2837967,
              43.7042853
            ],
            [
              -72.2836582,
              43.7043239
            ],
            [
              -72.2835976,
              43.7043417
            ],
            [
              -72.2837254,
              43.7045883
            ],
            [
              -72.2841177,
              43.7044939
            ]
          ]
        ]
      },
      "id": "way/48466718"
    },
    {
      "type": "Feature",
      "properties": {
        "@id": "way/48466719",
        "addr:city": "Hanover",
        "addr:housenumber": "8",
        "addr:postcode": "03755",
        "addr:state": "NH",
        "addr:street": "Ivy Lane",
        "building": "dormitory",
        "name": "Andres Hall"
      },
      "geometry": {
        "type": "Polygon",
        "coordinates": [
          [
            [
              -72.284378,
              43.7040098
            ],
            [
              -72.2842177,
              43.7040527
            ],
            [
              -72.2842611,
              43.7041374
            ],
            [
              -72.2842283,
              43.7041462
            ],
            [
              -72.2842546,
              43.7041975
            ],
            [
              -72.2841238,
              43.7042325
            ],
            [
              -72.2841826,
              43.7043475
            ],
            [
              -72.2845065,
              43.7042609
            ],
            [
              -72.284378,
              43.7040098
            ]
          ]
        ]
      },
      "id": "way/48466719"
    },
    {
      "type": "Feature",
      "properties": {
        "@id": "way/48466720",
        "addr:city": "Hanover",
        "addr:housenumber": "2.5",
        "addr:postcode": "03755",
        "addr:state": "NH",
        "addr:street": "North Park Street",
        "building": "dormitory",
        "name": "McCulloch Hall"
      },
      "geometry": {
        "type": "Polygon",
        "coordinates": [
          [
            [
              -72.28358,
              43.7046115
            ],
            [
              -72.2834483,
              43.7043622
            ],
            [
              -72.2834316,
              43.7043308
            ],
            [
              -72.2834173,
              43.7042993
            ],
            [
              -72.2833536,
              43.7042698
            ],
            [
              -72.2832631,
              43.7042932
            ],
            [
              -72.2832519,
              43.7043399
            ],
            [
              -72.283334,
              43.7045253
            ],
            [
              -72.2831285,
              43.7045811
            ],
            [
              -72.283141,
              43.7046105
            ],
            [
              -72.2831031,
              43.7046208
            ],
            [
              -72.283139,
              43.7046973
            ],
            [
              -72.2831771,
              43.7046899
            ],
            [
              -72.2831839,
              43.7047129
            ],
            [
              -72.28358,
              43.7046115
            ]
          ]
        ]
      },
      "id": "way/48466720"
    },
    {
      "type": "Feature",
      "properties": {
        "@id": "way/48466721",
        "addr:city": "Hanover",
        "addr:housenumber": "19",
        "addr:postcode": "03755",
        "addr:state": "NH",
        "addr:street": "East Wheelock Street",
        "building": "university"
      },
      "geometry": {
        "type": "Polygon",
        "coordinates": [
          [
            [
              -72.2828907,
              43.7040268
            ],
            [
              -72.2827536,
              43.7040634
            ],
            [
              -72.2826251,
              43.7040977
            ],
            [
              -72.2826699,
              43.7041854
            ],
            [
              -72.2827473,
              43.7041647
            ],
            [
              -72.2827563,
              43.7041824
            ],
            [
              -72.2828664,
              43.704153
            ],
            [
              -72.2828566,
              43.7041339
            ],
            [
              -72.2829348,
              43.7041131
            ],
            [
              -72.2828907,
              43.7040268
            ]
          ]
        ]
      },
      "id": "way/48466721"
    },
    {
      "type": "Feature",
      "properties": {
        "@id": "way/48467159",
        "addr:city": "Hanover",
        "addr:housenumber": "16",
        "addr:postcode": "03755",
        "addr:state": "NH",
        "addr:street": "East Wheelock Street",
        "building": "yes",
        "leisure": "sports_centre",
        "name": "Alumni Gymnasium",
        "wikidata": "Q4737441"
      },
      "geometry": {
        "type": "Polygon",
        "coordinates": [
          [
            [
              -72.2847529,
              43.7028488
            ],
            [
              -72.284587,
              43.7025098
            ],
            [
              -72.2843695,
              43.7025654
            ],
            [
              -72.28425,
              43.7023212
            ],
            [
              -72.284072,
              43.7023667
            ],
            [
              -72.284081,
              43.7023851
            ],
            [
              -72.28412,
              43.7024649
            ],
            [
              -72.2839703,
              43.702502
            ],
            [
              -72.2839267,
              43.7024298
            ],
            [
              -72.2836211,
              43.702511
            ],
            [
              -72.2836882,
              43.7026507
            ],
            [
              -72.2836305,
              43.7026676
            ],
            [
              -72.2835718,
              43.7025265
            ],
            [
              -72.2835532,
              43.7025322
            ],
            [
              -72.2835394,
              43.7025045
            ],
            [
              -72.2831623,
              43.7026107
            ],
            [
              -72.283276,
              43.702843
            ],
            [
              -72.2832606,
              43.7028469
            ],
            [
              -72.2833209,
              43.7029697
            ],
            [
              -72.2833597,
              43.7030475
            ],
            [
              -72.2834265,
              43.7031858
            ],
            [
              -72.2839435,
              43.7030536
            ],
            [
              -72.2839642,
              43.7030958
            ],
            [
              -72.2841037,
              43.7030601
            ],
            [
              -72.2842618,
              43.7030197
            ],
            [
              -72.2842421,
              43.7029794
            ],
            [
              -72.2847529,
              43.7028488
            ]
          ]
        ]
      },
      "id": "way/48467159"
    },
    {
      "type": "Feature",
      "properties": {
        "@id": "way/48467160",
        "addr:city": "Hanover",
        "addr:housenumber": "14",
        "addr:postcode": "03755",
        "addr:state": "NH",
        "addr:street": "East Wheelock Street",
        "building": "university",
        "ele": "155",
        "gnis:feature_id": "1916513",
        "import_uuid": "gnis.57871b70-0100-4405-bb30-88b2e001a944",
        "name": "Davis Varsity House",
        "source": "USGS Geonames"
      },
      "geometry": {
        "type": "Polygon",
        "coordinates": [
          [
            [
              -72.284691,
              43.7021828
            ],
            [
              -72.2845375,
              43.702221
            ],
            [
              -72.284333,
              43.702272
            ],
            [
              -72.2844035,
              43.7024199
            ],
            [
              -72.2844979,
              43.7023963
            ],
            [
              -72.284518,
              43.7024385
            ],
            [
              -72.2846298,
              43.7024107
            ],
            [
              -72.2846803,
              43.7023981
            ],
            [
              -72.2846611,
              43.7023578
            ],
            [
              -72.2847624,
              43.7023326
            ],
            [
              -72.2847036,
              43.7022091
            ],
            [
              -72.284691,
              43.7021828
            ]
          ]
        ]
      },
      "id": "way/48467160"
    },
    {
      "type": "Feature",
      "properties": {
        "@id": "way/48467531",
        "addr:city": "Hanover",
        "addr:housenumber": "8",
        "addr:postcode": "03755",
        "addr:state": "NH",
        "addr:street": "South Balch Street",
        "building": "house"
      },
      "geometry": {
        "type": "Polygon",
        "coordinates": [
          [
            [
              -72.2805908,
              43.703289
            ],
            [
              -72.2805875,
              43.7032765
            ],
            [
              -72.280569,
              43.7032054
            ],
            [
              -72.2805635,
              43.7031841
            ],
            [
              -72.2805272,
              43.703189
            ],
            [
              -72.280522,
              43.7031693
            ],
            [
              -72.2804803,
              43.703175
            ],
            [
              -72.2804852,
              43.7031939
            ],
            [
              -72.2804377,
              43.7032003
            ],
            [
              -72.2804435,
              43.7032225
            ],
            [
              -72.2804627,
              43.7032962
            ],
            [
              -72.2804654,
              43.7033064
            ],
            [
              -72.2805066,
              43.7033008
            ],
            [
              -72.2805135,
              43.7033271
            ],
            [
              -72.2805665,
              43.7033199
            ],
            [
              -72.2805595,
              43.7032932
            ],
            [
              -72.2805908,
              43.703289
            ]
          ]
        ]
      },
      "id": "way/48467531"
    },
    {
      "type": "Feature",
      "properties": {
        "@id": "way/48467532",
        "addr:city": "Hanover",
        "addr:housenumber": "9",
        "addr:postcode": "03755",
        "addr:state": "NH",
        "addr:street": "South Balch Street",
        "building": "semidetached_house"
      },
      "geometry": {
        "type": "Polygon",
        "coordinates": [
          [
            [
              -72.2800879,
              43.7035417
            ],
            [
              -72.2800466,
              43.7033723
            ],
            [
              -72.2799194,
              43.7033886
            ],
            [
              -72.2799607,
              43.703558
            ],
            [
              -72.2800879,
              43.7035417
            ]
          ]
        ]
      },
      "id": "way/48467532"
    },
    {
      "type": "Feature",
      "properties": {
        "@id": "way/48467533",
        "addr:city": "Hanover",
        "addr:housenumber": "5",
        "addr:postcode": "03755",
        "addr:state": "NH",
        "addr:street": "South Balch Street",
        "building": "semidetached_house"
      },
      "geometry": {
        "type": "Polygon",
        "coordinates": [
          [
            [
              -72.2801052,
              43.7036306
            ],
            [
              -72.2799795,
              43.703647
            ],
            [
              -72.2800208,
              43.703813
            ],
            [
              -72.2801465,
              43.7037967
            ],
            [
              -72.2801052,
              43.7036306
            ]
          ]
        ]
      },
      "id": "way/48467533"
    },
    {
      "type": "Feature",
      "properties": {
        "@id": "way/48467534",
        "addr:city": "Hanover",
        "addr:housenumber": "1",
        "addr:postcode": "03755",
        "addr:state": "NH",
        "addr:street": "South Balch Street",
        "building": "semidetached_house"
      },
      "geometry": {
        "type": "Polygon",
        "coordinates": [
          [
            [
              -72.2801626,
              43.7038847
            ],
            [
              -72.2800441,
              43.7038999
            ],
            [
              -72.2800843,
              43.7040635
            ],
            [
              -72.2802028,
              43.7040483
            ],
            [
              -72.2801626,
              43.7038847
            ]
          ]
        ]
      },
      "id": "way/48467534"
    },
    {
      "type": "Feature",
      "properties": {
        "@id": "way/48467879",
        "building": "yes"
      },
      "geometry": {
        "type": "Polygon",
        "coordinates": [
          [
            [
              -72.2807786,
              43.7039448
            ],
            [
              -72.2807488,
              43.7038434
            ],
            [
              -72.2807377,
              43.7038057
            ],
            [
              -72.2806059,
              43.703826
            ],
            [
              -72.280616,
              43.7038603
            ],
            [
              -72.2806377,
              43.7039343
            ],
            [
              -72.2806468,
              43.7039651
            ],
            [
              -72.2807786,
              43.7039448
            ]
          ]
        ]
      },
      "id": "way/48467879"
    },
    {
      "type": "Feature",
      "properties": {
        "@id": "way/48467880",
        "addr:city": "Hanover",
        "addr:housenumber": "30",
        "addr:postcode": "03755",
        "addr:state": "NH",
        "addr:street": "East Wheelock Street",
        "building": "house"
      },
      "geometry": {
        "type": "Polygon",
        "coordinates": [
          [
            [
              -72.2803159,
              43.7042304
            ],
            [
              -72.2803022,
              43.7041635
            ],
            [
              -72.2801713,
              43.7041775
            ],
            [
              -72.2801605,
              43.7041246
            ],
            [
              -72.2800002,
              43.7041418
            ],
            [
              -72.2800248,
              43.7042616
            ],
            [
              -72.2803159,
              43.7042304
            ]
          ]
        ]
      },
      "id": "way/48467880"
    },
    {
      "type": "Feature",
      "properties": {
        "@id": "way/48467881",
        "addr:city": "Hanover",
        "addr:housenumber": "26",
        "addr:postcode": "03755",
        "addr:state": "NH",
        "addr:street": "East Wheelock Street",
        "building": "yes"
      },
      "geometry": {
        "type": "Polygon",
        "coordinates": [
          [
            [
              -72.2812251,
              43.7040342
            ],
            [
              -72.2811837,
              43.7039465
            ],
            [
              -72.2810861,
              43.7039706
            ],
            [
              -72.2810664,
              43.7039288
            ],
            [
              -72.28099,
              43.7039477
            ],
            [
              -72.2810512,
              43.7040772
            ],
            [
              -72.2811568,
              43.7040511
            ],
            [
              -72.2812251,
              43.7040342
            ]
          ]
        ]
      },
      "id": "way/48467881"
    },
    {
      "type": "Feature",
      "properties": {
        "@id": "way/48784524",
        "addr:city": "Hanover",
        "addr:housenumber": "19",
        "addr:postcode": "03755",
        "addr:state": "NH",
        "addr:street": "College Street",
        "building": "university",
        "name": "Thornton Hall"
      },
      "geometry": {
        "type": "Polygon",
        "coordinates": [
          [
            [
              -72.2872155,
              43.7034754
            ],
            [
              -72.2872135,
              43.7033172
            ],
            [
              -72.286919,
              43.7033191
            ],
            [
              -72.28692,
              43.7033971
            ],
            [
              -72.2869211,
              43.7034773
            ],
            [
              -72.2872155,
              43.7034754
            ]
          ]
        ]
      },
      "id": "way/48784524"
    },
    {
      "type": "Feature",
      "properties": {
        "@id": "way/48784525",
        "addr:city": "Hanover",
        "addr:housenumber": "15",
        "addr:postcode": "03755",
        "addr:state": "NH",
        "addr:street": "College Street",
        "building": "university",
        "name": "Reed Hall"
      },
      "geometry": {
        "type": "Polygon",
        "coordinates": [
          [
            [
              -72.2875388,
              43.7032421
            ],
            [
              -72.2875371,
              43.7029377
            ],
            [
              -72.2874706,
              43.7029379
            ],
            [
              -72.287301,
              43.7029384
            ],
            [
              -72.2873016,
              43.7030387
            ],
            [
              -72.2873027,
              43.7032428
            ],
            [
              -72.2874399,
              43.7032424
            ],
            [
              -72.2875388,
              43.7032421
            ]
          ]
        ]
      },
      "id": "way/48784525"
    },
    {
      "type": "Feature",
      "properties": {
        "@id": "way/48784526",
        "addr:city": "Hanover",
        "addr:housenumber": "5",
        "addr:postcode": "03755",
        "addr:state": "NH",
        "addr:street": "East Wheelock Street",
        "building": "university",
        "name": "Bartlett Hall"
      },
      "geometry": {
        "type": "Polygon",
        "coordinates": [
          [
            [
              -72.2869881,
              43.7030864
            ],
            [
              -72.286966,
              43.7030161
            ],
            [
              -72.2869887,
              43.7030111
            ],
            [
              -72.2869996,
              43.7029968
            ],
            [
              -72.2869966,
              43.7029797
            ],
            [
              -72.2869719,
              43.702974
            ],
            [
              -72.2869501,
              43.7029754
            ],
            [
              -72.2869432,
              43.7029597
            ],
            [
              -72.2867279,
              43.7030132
            ],
            [
              -72.2867166,
              43.7030055
            ],
            [
              -72.2867005,
              43.7029994
            ],
            [
              -72.2866818,
              43.7030005
            ],
            [
              -72.2866701,
              43.703009
            ],
            [
              -72.2866657,
              43.7030203
            ],
            [
              -72.2867272,
              43.7031411
            ],
            [
              -72.2869881,
              43.7030864
            ]
          ]
        ]
      },
      "id": "way/48784526"
    },
    {
      "type": "Feature",
      "properties": {
        "@id": "way/48784527",
        "addr:city": "Hanover",
        "addr:housenumber": "5",
        "addr:postcode": "03755",
        "addr:state": "NH",
        "addr:street": "Wentworth Street",
        "alt_name": "Rauner Library",
        "building": "university",
        "name": "Webster Hall",
        "operator": "Dartmouth College"
      },
      "geometry": {
        "type": "Polygon",
        "coordinates": [
          [
            [
              -72.2883188,
              43.7042983
            ],
            [
              -72.2882707,
              43.7042983
            ],
            [
              -72.2882707,
              43.7042782
            ],
            [
              -72.2880532,
              43.7042784
            ],
            [
              -72.2880533,
              43.7043045
            ],
            [
              -72.2879965,
              43.7043045
            ],
            [
              -72.2879971,
              43.7045339
            ],
            [
              -72.2880133,
              43.7045339
            ],
            [
              -72.2880135,
              43.7045807
            ],
            [
              -72.2880689,
              43.7045805
            ],
            [
              -72.2880689,
              43.7045925
            ],
            [
              -72.2880897,
              43.7045925
            ],
            [
              -72.2880899,
              43.7046263
            ],
            [
              -72.2881028,
              43.7046422
            ],
            [
              -72.2881257,
              43.7046543
            ],
            [
              -72.2881652,
              43.7046595
            ],
            [
              -72.2882047,
              43.7046517
            ],
            [
              -72.2882337,
              43.7046432
            ],
            [
              -72.2882568,
              43.7046212
            ],
            [
              -72.2882597,
              43.7045993
            ],
            [
              -72.2882819,
              43.7045999
            ],
            [
              -72.288282,
              43.7045296
            ],
            [
              -72.2883427,
              43.7045297
            ],
            [
              -72.2883431,
              43.7043395
            ],
            [
              -72.2883188,
              43.7043395
            ],
            [
              -72.2883188,
              43.7042983
            ]
          ]
        ]
      },
      "id": "way/48784527"
    },
    {
      "type": "Feature",
      "properties": {
        "@id": "way/48784528",
        "addr:city": "Hanover",
        "addr:housenumber": "27",
        "addr:postcode": "03755",
        "addr:state": "NH",
        "addr:street": "College Street",
        "building": "university",
        "check_date": "2025-09-03",
        "name": "Wentworth Hall",
        "office": "educational_institution"
      },
      "geometry": {
        "type": "Polygon",
        "coordinates": [
          [
            [
              -72.2872045,
              43.7041937
            ],
            [
              -72.2872045,
              43.7040376
            ],
            [
              -72.2869184,
              43.7040376
            ],
            [
              -72.2869184,
              43.7041937
            ],
            [
              -72.2872045,
              43.7041937
            ]
          ]
        ]
      },
      "id": "way/48784528"
    },
    {
      "type": "Feature",
      "properties": {
        "@id": "way/48784540",
        "addr:city": "Hanover",
        "addr:housenumber": "23",
        "addr:postcode": "03755",
        "addr:state": "NH",
        "addr:street": "College Street",
        "building": "university",
        "name": "Dartmouth Hall"
      },
      "geometry": {
        "type": "Polygon",
        "coordinates": [
          [
            [
              -72.2871697,
              43.7039752
            ],
            [
              -72.2871721,
              43.7038139
            ],
            [
              -72.2872059,
              43.7038141
            ],
            [
              -72.2872074,
              43.7037099
            ],
            [
              -72.287175,
              43.7037097
            ],
            [
              -72.2871775,
              43.7035434
            ],
            [
              -72.2869385,
              43.7035415
            ],
            [
              -72.2869361,
              43.7037065
            ],
            [
              -72.2869151,
              43.7037064
            ],
            [
              -72.2869136,
              43.7038077
            ],
            [
              -72.2869309,
              43.7038078
            ],
            [
              -72.2869284,
              43.7039733
            ],
            [
              -72.2871697,
              43.7039752
            ]
          ]
        ]
      },
      "id": "way/48784540"
    },
    {
      "type": "Feature",
      "properties": {
        "@id": "way/49791103",
        "addr:city": "Hanover",
        "addr:housenumber": "7",
        "addr:postcode": "03755",
        "addr:state": "NH",
        "addr:street": "Fayerweather Hill Road",
        "building": "dormitory",
        "name": "Middle Fayerweather Hall"
      },
      "geometry": {
        "type": "Polygon",
        "coordinates": [
          [
            [
              -72.2864574,
              43.7037436
            ],
            [
              -72.2864612,
              43.7035762
            ],
            [
              -72.2861828,
              43.7035799
            ],
            [
              -72.2861733,
              43.7039173
            ],
            [
              -72.2862907,
              43.7039171
            ],
            [
              -72.2863931,
              43.7039172
            ],
            [
              -72.2864624,
              43.7039171
            ],
            [
              -72.2864619,
              43.7037765
            ],
            [
              -72.2864933,
              43.7037765
            ],
            [
              -72.2864932,
              43.7037435
            ],
            [
              -72.2864574,
              43.7037436
            ]
          ]
        ]
      },
      "id": "way/49791103"
    },
    {
      "type": "Feature",
      "properties": {
        "@id": "way/49791104",
        "addr:city": "Hanover",
        "addr:housenumber": "7",
        "addr:postcode": "03755",
        "addr:state": "NH",
        "addr:street": "East Wheelock Street",
        "amenity": "social_centre",
        "building": "yes",
        "name": "Sphinx Secret Society"
      },
      "geometry": {
        "type": "Polygon",
        "coordinates": [
          [
            [
              -72.2855001,
              43.7035736
            ],
            [
              -72.2854692,
              43.70345
            ],
            [
              -72.2853421,
              43.7034665
            ],
            [
              -72.2853729,
              43.7035902
            ],
            [
              -72.2855001,
              43.7035736
            ]
          ]
        ]
      },
      "id": "way/49791104"
    },
    {
      "type": "Feature",
      "properties": {
        "@id": "way/49791105",
        "addr:city": "Hanover",
        "addr:housenumber": "38",
        "addr:postcode": "03755",
        "addr:state": "NH",
        "addr:street": "College Street",
        "amenity": "social_centre",
        "building": "university",
        "name": "Sigma Alpha Epsilon",
        "old_name": "Sigma Alpha Epsilon",
        "start_date": "1916"
      },
      "geometry": {
        "type": "Polygon",
        "coordinates": [
          [
            [
              -72.2878824,
              43.7058663
            ],
            [
              -72.2878854,
              43.7057751
            ],
            [
              -72.2877689,
              43.7057731
            ],
            [
              -72.2876332,
              43.7057707
            ],
            [
              -72.2876302,
              43.7058619
            ],
            [
              -72.2878824,
              43.7058663
            ]
          ]
        ]
      },
      "id": "way/49791105"
    },
    {
      "type": "Feature",
      "properties": {
        "@id": "way/49791106",
        "addr:city": "Hanover",
        "addr:housenumber": "42",
        "addr:postcode": "03755",
        "addr:street": "College Street",
        "building": "dormitory",
        "name": "La Casa"
      },
      "geometry": {
        "type": "Polygon",
        "coordinates": [
          [
            [
              -72.2870168,
              43.7062646
            ],
            [
              -72.2869095,
              43.7062027
            ],
            [
              -72.2868894,
              43.7062209
            ],
            [
              -72.2868801,
              43.7062155
            ],
            [
              -72.2868531,
              43.70624
            ],
            [
              -72.286861,
              43.7062445
            ],
            [
              -72.2868343,
              43.7062687
            ],
            [
              -72.2869429,
              43.7063314
            ],
            [
              -72.2870168,
              43.7062646
            ]
          ]
        ]
      },
      "id": "way/49791106"
    },
    {
      "type": "Feature",
      "properties": {
        "@id": "way/49791107",
        "addr:city": "Hanover",
        "addr:housenumber": "13",
        "addr:postcode": "03755",
        "addr:state": "NH",
        "addr:street": "Fayerweather Hill Road",
        "building": "dormitory",
        "name": "Richardson Hall"
      },
      "geometry": {
        "type": "Polygon",
        "coordinates": [
          [
            [
              -72.2867424,
              43.7048621
            ],
            [
              -72.286746,
              43.7045833
            ],
            [
              -72.2865287,
              43.7045819
            ],
            [
              -72.2865252,
              43.7048606
            ],
            [
              -72.2867424,
              43.7048621
            ]
          ]
        ]
      },
      "id": "way/49791107"
    },
    {
      "type": "Feature",
      "properties": {
        "@id": "way/49795632",
        "addr:city": "Hanover",
        "addr:housenumber": "19",
        "addr:postcode": "03755",
        "addr:state": "NH",
        "addr:street": "Fayerweather Hill Road",
        "building": "university",
        "name": "Fairchild Physical Sciences Center"
      },
      "geometry": {
        "type": "Polygon",
        "coordinates": [
          [
            [
              -72.2861094,
              43.7059838
            ],
            [
              -72.2860787,
              43.7060334
            ],
            [
              -72.2863828,
              43.706141
            ],
            [
              -72.2865783,
              43.7058573
            ],
            [
              -72.2865282,
              43.7058376
            ],
            [
              -72.2865513,
              43.7057999
            ],
            [
              -72.286527,
              43.7057907
            ],
            [
              -72.2865477,
              43.7057478
            ],
            [
              -72.2864249,
              43.7056995
            ],
            [
              -72.2864923,
              43.7056001
            ],
            [
              -72.2864548,
              43.705591
            ],
            [
              -72.2864422,
              43.705588
            ],
            [
              -72.2864107,
              43.7055967
            ],
            [
              -72.2864022,
              43.7055801
            ],
            [
              -72.2864107,
              43.7055564
            ],
            [
              -72.2863866,
              43.7055577
            ],
            [
              -72.2861887,
              43.7055173
            ],
            [
              -72.2861369,
              43.7056528
            ],
            [
              -72.2861694,
              43.7056562
            ],
            [
              -72.2862034,
              43.7056478
            ],
            [
              -72.2862044,
              43.7056668
            ],
            [
              -72.2861917,
              43.7056682
            ],
            [
              -72.2861849,
              43.7056892
            ],
            [
              -72.286216,
              43.7057004
            ],
            [
              -72.28606,
              43.7059692
            ],
            [
              -72.2861094,
              43.7059838
            ]
          ]
        ]
      },
      "id": "way/49795632"
    },
    {
      "type": "Feature",
      "properties": {
        "@id": "way/49795634",
        "addr:city": "Hanover",
        "addr:housenumber": "5",
        "addr:postcode": "03755",
        "addr:state": "NH",
        "addr:street": "Maynard Street",
        "building": "university",
        "name": "Winfred-Raven House"
      },
      "geometry": {
        "type": "Polygon",
        "coordinates": [
          [
            [
              -72.2875671,
              43.7069292
            ],
            [
              -72.2875312,
              43.70697
            ],
            [
              -72.2874991,
              43.7069552
            ],
            [
              -72.2873032,
              43.707178
            ],
            [
              -72.2874052,
              43.7072249
            ],
            [
              -72.2874244,
              43.707203
            ],
            [
              -72.2874604,
              43.7072196
            ],
            [
              -72.2875129,
              43.70716
            ],
            [
              -72.287553,
              43.7071784
            ],
            [
              -72.2876172,
              43.7071053
            ],
            [
              -72.2875954,
              43.7070953
            ],
            [
              -72.2876913,
              43.7069862
            ],
            [
              -72.2875671,
              43.7069292
            ]
          ]
        ]
      },
      "id": "way/49795634"
    },
    {
      "type": "Feature",
      "properties": {
        "@id": "way/49796197",
        "addr:city": "Hanover",
        "addr:housenumber": "40",
        "addr:postcode": "03755",
        "addr:state": "NH",
        "addr:street": "College Street",
        "amenity": "place_of_worship",
        "building": "yes",
        "denomination": "united_church_of_christ",
        "email": "info@ccdcucc.org",
        "name": "The Church of Christ at Dartmouth College",
        "phone": "+1-603-643-3150",
        "religion": "christian",
        "website": "https://www.ccdcucc.org/"
      },
      "geometry": {
        "type": "Polygon",
        "coordinates": [
          [
            [
              -72.2871392,
              43.7061239
            ],
            [
              -72.2877038,
              43.7065043
            ],
            [
              -72.287844,
              43.7063956
            ],
            [
              -72.2878899,
              43.7063599
            ],
            [
              -72.2877462,
              43.7062631
            ],
            [
              -72.2877232,
              43.7062809
            ],
            [
              -72.2876125,
              43.7062063
            ],
            [
              -72.2877164,
              43.7061257
            ],
            [
              -72.2876097,
              43.7060538
            ],
            [
              -72.2874468,
              43.7061801
            ],
            [
              -72.2872434,
              43.706043
            ],
            [
              -72.2872082,
              43.7060704
            ],
            [
              -72.2871392,
              43.7061239
            ]
          ]
        ]
      },
      "id": "way/49796197"
    },
    {
      "type": "Feature",
      "properties": {
        "@id": "way/49796198",
        "addr:city": "Hanover",
        "addr:housenumber": "7",
        "addr:postcode": "03755",
        "addr:state": "NH",
        "addr:street": "Maynard Street",
        "building": "university",
        "name": "Parker House",
        "office": "educational_institution"
      },
      "geometry": {
        "type": "Polygon",
        "coordinates": [
          [
            [
              -72.2876125,
              43.7067759
            ],
            [
              -72.2876442,
              43.7067815
            ],
            [
              -72.2876692,
              43.7067527
            ],
            [
              -72.2876382,
              43.7067386
            ],
            [
              -72.2876668,
              43.7067058
            ],
            [
              -72.2875466,
              43.7066511
            ],
            [
              -72.2875193,
              43.7066825
            ],
            [
              -72.2874974,
              43.7066726
            ],
            [
              -72.287451,
              43.7067259
            ],
            [
              -72.2874767,
              43.7067376
            ],
            [
              -72.2874618,
              43.7067547
            ],
            [
              -72.2875829,
              43.7068099
            ],
            [
              -72.2876125,
              43.7067759
            ]
          ]
        ]
      },
      "id": "way/49796198"
    },
    {
      "type": "Feature",
      "properties": {
        "@id": "way/49796200",
        "addr:city": "Hanover",
        "addr:housenumber": "44",
        "addr:postcode": "03755",
        "addr:state": "NH",
        "addr:street": "College Street",
        "building": "university",
        "name": "Guarini Institute for International Education"
      },
      "geometry": {
        "type": "Polygon",
        "coordinates": [
          [
            [
              -72.2869228,
              43.7064289
            ],
            [
              -72.2868522,
              43.7063818
            ],
            [
              -72.286795,
              43.7064266
            ],
            [
              -72.286723,
              43.7063786
            ],
            [
              -72.2866145,
              43.7064636
            ],
            [
              -72.2867206,
              43.7065424
            ],
            [
              -72.2867801,
              43.7064939
            ],
            [
              -72.2868123,
              43.7065154
            ],
            [
              -72.2869228,
              43.7064289
            ]
          ]
        ]
      },
      "id": "way/49796200"
    },
    {
      "type": "Feature",
      "properties": {
        "@id": "way/49796201",
        "addr:city": "Hanover",
        "addr:housenumber": "9",
        "addr:postcode": "03755",
        "addr:state": "NH",
        "addr:street": "Maynard Street",
        "building": "university",
        "name": "Sudikoff Hall",
        "note": "Computer Science Department"
      },
      "geometry": {
        "type": "Polygon",
        "coordinates": [
          [
            [
              -72.2869507,
              43.7070147
            ],
            [
              -72.2870688,
              43.7069254
            ],
            [
              -72.2870871,
              43.7069381
            ],
            [
              -72.2873176,
              43.706764
            ],
            [
              -72.2872896,
              43.7067447
            ],
            [
              -72.287353,
              43.7066969
            ],
            [
              -72.2873329,
              43.7066829
            ],
            [
              -72.2873671,
              43.7066572
            ],
            [
              -72.2873914,
              43.706674
            ],
            [
              -72.2875312,
              43.7065687
            ],
            [
              -72.2872206,
              43.7063532
            ],
            [
              -72.2870196,
              43.7065046
            ],
            [
              -72.2871294,
              43.7065808
            ],
            [
              -72.2871977,
              43.7065294
            ],
            [
              -72.2872959,
              43.7065976
            ],
            [
              -72.2870209,
              43.7068047
            ],
            [
              -72.2869639,
              43.7067652
            ],
            [
              -72.2868967,
              43.7068158
            ],
            [
              -72.2868357,
              43.7067734
            ],
            [
              -72.2868541,
              43.7067596
            ],
            [
              -72.2867048,
              43.7066561
            ],
            [
              -72.2866848,
              43.7066712
            ],
            [
              -72.2866277,
              43.7066317
            ],
            [
              -72.2865979,
              43.7066542
            ],
            [
              -72.2866531,
              43.7066923
            ],
            [
              -72.2866003,
              43.7067322
            ],
            [
              -72.2866401,
              43.7067597
            ],
            [
              -72.2866125,
              43.7067806
            ],
            [
              -72.2867293,
              43.7068613
            ],
            [
              -72.2867822,
              43.7068213
            ],
            [
              -72.2868286,
              43.7068533
            ],
            [
              -72.2867628,
              43.7069031
            ],
            [
              -72.2868265,
              43.706947
            ],
            [
              -72.286839,
              43.7069375
            ],
            [
              -72.2869507,
              43.7070147
            ]
          ]
        ]
      },
      "id": "way/49796201"
    },
    {
      "type": "Feature",
      "properties": {
        "@id": "way/49796547",
        "addr:city": "Hanover",
        "addr:housenumber": "41",
        "addr:postcode": "03755",
        "addr:street": "College Street",
        "building": "university",
        "name": "Burke Laboratory"
      },
      "geometry": {
        "type": "Polygon",
        "coordinates": [
          [
            [
              -72.2858899,
              43.7064772
            ],
            [
              -72.2859417,
              43.7065104
            ],
            [
              -72.2862211,
              43.7062822
            ],
            [
              -72.2862642,
              43.7063098
            ],
            [
              -72.2863293,
              43.706305
            ],
            [
              -72.2863956,
              43.706253
            ],
            [
              -72.2864347,
              43.7062223
            ],
            [
              -72.2864325,
              43.706159
            ],
            [
              -72.2863828,
              43.706141
            ],
            [
              -72.2860787,
              43.7060334
            ],
            [
              -72.2860119,
              43.706132
            ],
            [
              -72.2859356,
              43.7061053
            ],
            [
              -72.2858623,
              43.7061661
            ],
            [
              -72.2858842,
              43.7061799
            ],
            [
              -72.2858674,
              43.7061938
            ],
            [
              -72.285847,
              43.7061809
            ],
            [
              -72.2857456,
              43.7062648
            ],
            [
              -72.2857626,
              43.7062756
            ],
            [
              -72.285606,
              43.7064049
            ],
            [
              -72.2856306,
              43.7064205
            ],
            [
              -72.2856012,
              43.7064447
            ],
            [
              -72.2856882,
              43.7065
            ],
            [
              -72.2857097,
              43.7064824
            ],
            [
              -72.2857579,
              43.7065131
            ],
            [
              -72.2857224,
              43.7065422
            ],
            [
              -72.2857717,
              43.7065737
            ],
            [
              -72.2858899,
              43.7064772
            ]
          ]
        ]
      },
      "id": "way/49796547"
    },
    {
      "type": "Feature",
      "properties": {
        "@id": "way/49796549",
        "addr:city": "Hanover",
        "addr:housenumber": "39",
        "addr:postcode": "03755",
        "addr:state": "NH",
        "addr:street": "College Street",
        "building": "university",
        "name": "Steele Hall"
      },
      "geometry": {
        "type": "Polygon",
        "coordinates": [
          [
            [
              -72.2864923,
              43.7056001
            ],
            [
              -72.2864249,
              43.7056995
            ],
            [
              -72.2865477,
              43.7057478
            ],
            [
              -72.2866219,
              43.705777
            ],
            [
              -72.2865934,
              43.7058243
            ],
            [
              -72.2867484,
              43.7058792
            ],
            [
              -72.2867843,
              43.7058365
            ],
            [
              -72.2869718,
              43.7058949
            ],
            [
              -72.2870384,
              43.7057939
            ],
            [
              -72.2871049,
              43.705693
            ],
            [
              -72.2870014,
              43.7056538
            ],
            [
              -72.2869652,
              43.7056894
            ],
            [
              -72.2868094,
              43.7056328
            ],
            [
              -72.2866579,
              43.7055777
            ],
            [
              -72.286676,
              43.7055373
            ],
            [
              -72.2865642,
              43.7055029
            ],
            [
              -72.2864923,
              43.7056001
            ]
          ]
        ]
      },
      "id": "way/49796549"
    },
    {
      "type": "Feature",
      "properties": {
        "@id": "way/49796550",
        "addr:city": "Hanover",
        "addr:housenumber": "17",
        "addr:postcode": "03755",
        "addr:state": "NH",
        "addr:street": "Fayerweather Hill Road",
        "building": "university",
        "name": "Wilder Hall"
      },
      "geometry": {
        "type": "Polygon",
        "coordinates": [
          [
            [
              -72.2864217,
              43.7051267
            ],
            [
              -72.2863325,
              43.7051085
            ],
            [
              -72.2863409,
              43.7050869
            ],
            [
              -72.2861939,
              43.7050571
            ],
            [
              -72.2861792,
              43.7050952
            ],
            [
              -72.2860618,
              43.7050715
            ],
            [
              -72.285918,
              43.7054446
            ],
            [
              -72.2858958,
              43.7055023
            ],
            [
              -72.2860526,
              43.7055327
            ],
            [
              -72.2860671,
              43.7054937
            ],
            [
              -72.2861887,
              43.7055173
            ],
            [
              -72.2863866,
              43.7055577
            ],
            [
              -72.2864948,
              43.7052806
            ],
            [
              -72.2865887,
              43.7050403
            ],
            [
              -72.2864653,
              43.7050151
            ],
            [
              -72.2864217,
              43.7051267
            ]
          ]
        ]
      },
      "id": "way/49796550"
    },
    {
      "type": "Feature",
      "properties": {
        "@id": "way/49796725",
        "addr:city": "Hanover",
        "addr:housenumber": "33",
        "addr:postcode": "03755",
        "addr:state": "NH",
        "addr:street": "College Street",
        "building": "dormitory",
        "building:levels": "4",
        "building:levels:underground": "1",
        "name": "Wheeler Hall",
        "wheelchair": "no"
      },
      "geometry": {
        "type": "Polygon",
        "coordinates": [
          [
            [
              -72.2870055,
              43.7051415
            ],
            [
              -72.2872739,
              43.7051648
            ],
            [
              -72.2875132,
              43.7051801
            ],
            [
              -72.2875503,
              43.7050238
            ],
            [
              -72.2873099,
              43.7049971
            ],
            [
              -72.2870425,
              43.7049673
            ],
            [
              -72.2870055,
              43.7051415
            ]
          ]
        ]
      },
      "id": "way/49796725"
    },
    {
      "type": "Feature",
      "properties": {
        "@id": "way/49796726",
        "addr:city": "Hanover",
        "addr:housenumber": "15",
        "addr:postcode": "03755",
        "addr:state": "NH",
        "addr:street": "Observatory Road",
        "building": "university",
        "man_made": "observatory",
        "name": "Shattuck Observatory",
        "wikidata": "Q7490733",
        "wikipedia": "en:Shattuck Observatory"
      },
      "geometry": {
        "type": "Polygon",
        "coordinates": [
          [
            [
              -72.2855776,
              43.705092
            ],
            [
              -72.2855794,
              43.7051478
            ],
            [
              -72.2856526,
              43.7051473
            ],
            [
              -72.285652,
              43.7050992
            ],
            [
              -72.2856852,
              43.7050919
            ],
            [
              -72.2857018,
              43.7050756
            ],
            [
              -72.2857,
              43.7050517
            ],
            [
              -72.2856853,
              43.7050365
            ],
            [
              -72.2856445,
              43.7050368
            ],
            [
              -72.2856439,
              43.7049891
            ],
            [
              -72.2855866,
              43.7049894
            ],
            [
              -72.2855873,
              43.7050471
            ],
            [
              -72.2854921,
              43.7050478
            ],
            [
              -72.2854948,
              43.7050933
            ],
            [
              -72.2855776,
              43.705092
            ]
          ]
        ]
      },
      "id": "way/49796726"
    },
    {
      "type": "Feature",
      "properties": {
        "@id": "way/49797072",
        "addr:city": "Hanover",
        "addr:housenumber": "29",
        "addr:postcode": "03755",
        "addr:state": "NH",
        "addr:street": "North Main Street",
        "building": "university",
        "name": "Kemeny Hall",
        "note": "Mathematics Department"
      },
      "geometry": {
        "type": "Polygon",
        "coordinates": [
          [
            [
              -72.289323,
              43.7065546
            ],
            [
              -72.289343,
              43.7063825
            ],
            [
              -72.2892528,
              43.7063946
            ],
            [
              -72.2890465,
              43.7063885
            ],
            [
              -72.2888822,
              43.7063933
            ],
            [
              -72.2887343,
              43.7063912
            ],
            [
              -72.2885762,
              43.7063774
            ],
            [
              -72.2885509,
              43.7063668
            ],
            [
              -72.2885193,
              43.706347
            ],
            [
              -72.2884813,
              43.7063393
            ],
            [
              -72.2884413,
              43.7063454
            ],
            [
              -72.2884138,
              43.7063637
            ],
            [
              -72.2884033,
              43.7063942
            ],
            [
              -72.288416,
              43.7064277
            ],
            [
              -72.2883822,
              43.7065802
            ],
            [
              -72.2885467,
              43.7065939
            ],
            [
              -72.2885551,
              43.7065649
            ],
            [
              -72.2886458,
              43.7065695
            ],
            [
              -72.2886521,
              43.706536
            ],
            [
              -72.2889895,
              43.7065481
            ],
            [
              -72.2889915,
              43.7065576
            ],
            [
              -72.289323,
              43.7065546
            ]
          ]
        ]
      },
      "id": "way/49797072"
    },
    {
      "type": "Feature",
      "properties": {
        "@id": "way/49797073",
        "addr:city": "Hanover",
        "addr:housenumber": "29",
        "addr:postcode": "03755",
        "addr:state": "NH",
        "addr:street": "North Main Street",
        "building": "university",
        "name": "Haldeman Center"
      },
      "geometry": {
        "type": "Polygon",
        "coordinates": [
          [
            [
              -72.2890465,
              43.7063885
            ],
            [
              -72.2892528,
              43.7063946
            ],
            [
              -72.2892453,
              43.7062057
            ],
            [
              -72.2893455,
              43.7062036
            ],
            [
              -72.2893386,
              43.7060302
            ],
            [
              -72.2892509,
              43.706032
            ],
            [
              -72.2892498,
              43.706006
            ],
            [
              -72.2890382,
              43.7060104
            ],
            [
              -72.2890392,
              43.7060366
            ],
            [
              -72.2889734,
              43.7060396
            ],
            [
              -72.2889742,
              43.70605
            ],
            [
              -72.2889792,
              43.7061337
            ],
            [
              -72.2889593,
              43.7061338
            ],
            [
              -72.2889277,
              43.7061556
            ],
            [
              -72.2889315,
              43.7061891
            ],
            [
              -72.2889612,
              43.706208
            ],
            [
              -72.2889833,
              43.7062081
            ],
            [
              -72.2889837,
              43.706215
            ],
            [
              -72.2890402,
              43.7062135
            ],
            [
              -72.2890465,
              43.7063885
            ]
          ]
        ]
      },
      "id": "way/49797073"
    },
    {
      "type": "Feature",
      "properties": {
        "@id": "way/49797492",
        "addr:city": "Hanover",
        "addr:housenumber": "30",
        "addr:postcode": "03755",
        "addr:state": "NH",
        "addr:street": "North Main Street",
        "amenity": "social_centre",
        "building": "university",
        "name": "Gamma Delta Chi"
      },
      "geometry": {
        "type": "Polygon",
        "coordinates": [
          [
            [
              -72.2900858,
              43.7066519
            ],
            [
              -72.2901052,
              43.7065185
            ],
            [
              -72.2900659,
              43.7065155
            ],
            [
              -72.2900665,
              43.706511
            ],
            [
              -72.2900287,
              43.7065081
            ],
            [
              -72.2900279,
              43.7065141
            ],
            [
              -72.2899818,
              43.7065106
            ],
            [
              -72.2899809,
              43.7065173
            ],
            [
              -72.2898524,
              43.7065075
            ],
            [
              -72.2898489,
              43.7065314
            ],
            [
              -72.2898342,
              43.7066328
            ],
            [
              -72.2900858,
              43.7066519
            ]
          ]
        ]
      },
      "id": "way/49797492"
    },
    {
      "type": "Feature",
      "properties": {
        "@id": "way/49797493",
        "addr:city": "Hanover",
        "addr:country": "US",
        "addr:housenumber": "1",
        "addr:postcode": "03755",
        "addr:state": "NH",
        "addr:street": "Webster Avenue",
        "amenity": "social_centre",
        "building": "university",
        "loc_name": "Pi Kap",
        "name": "Kappa Pi Kappa",
        "old_name": "Kappa Kappa Kappa",
        "wikidata": "Q6367049"
      },
      "geometry": {
        "type": "Polygon",
        "coordinates": [
          [
            [
              -72.2900785,
              43.7062379
            ],
            [
              -72.2900564,
              43.7062337
            ],
            [
              -72.2900537,
              43.7062424
            ],
            [
              -72.2899207,
              43.706212
            ],
            [
              -72.2899123,
              43.7062333
            ],
            [
              -72.2898584,
              43.7062223
            ],
            [
              -72.28985,
              43.7062437
            ],
            [
              -72.289824,
              43.7062384
            ],
            [
              -72.2898029,
              43.7062926
            ],
            [
              -72.2902212,
              43.7063779
            ],
            [
              -72.2902486,
              43.7063076
            ],
            [
              -72.2901207,
              43.7062815
            ],
            [
              -72.2901327,
              43.7062507
            ],
            [
              -72.2901169,
              43.7062476
            ],
            [
              -72.2901134,
              43.7062467
            ],
            [
              -72.290113,
              43.7062422
            ],
            [
              -72.2901106,
              43.706238
            ],
            [
              -72.2901063,
              43.7062346
            ],
            [
              -72.2901008,
              43.7062324
            ],
            [
              -72.2900945,
              43.7062316
            ],
            [
              -72.2900883,
              43.7062323
            ],
            [
              -72.2900828,
              43.7062345
            ],
            [
              -72.2900785,
              43.7062379
            ]
          ]
        ]
      },
      "id": "way/49797493"
    },
    {
      "type": "Feature",
      "properties": {
        "@id": "way/49797495",
        "addr:city": "Hanover",
        "addr:country": "US",
        "addr:housenumber": "12",
        "addr:postcode": "03755",
        "addr:state": "NH",
        "addr:street": "Webster Avenue",
        "air_conditioning": "no",
        "amenity": "social_centre",
        "branch": "Delta Beta",
        "building": "fraternity",
        "name": "Sigma Nu Delta Beta",
        "operator": "Sigma Nu Delta House Corperation",
        "operator:type": "association"
      },
      "geometry": {
        "type": "Polygon",
        "coordinates": [
          [
            [
              -72.2924475,
              43.7064009
            ],
            [
              -72.292499,
              43.7062851
            ],
            [
              -72.2922349,
              43.7062268
            ],
            [
              -72.2921874,
              43.7063436
            ],
            [
              -72.2923835,
              43.7063865
            ],
            [
              -72.2924475,
              43.7064009
            ]
          ]
        ]
      },
      "id": "way/49797495"
    },
    {
      "type": "Feature",
      "properties": {
        "@id": "way/49797496",
        "addr:city": "Hanover",
        "addr:country": "US",
        "addr:housenumber": "10",
        "addr:postcode": "03755",
        "addr:state": "NH",
        "addr:street": "Webster Avenue",
        "amenity": "social_centre",
        "building": "fraternity",
        "name": "Bones Gate"
      },
      "geometry": {
        "type": "Polygon",
        "coordinates": [
          [
            [
              -72.2920416,
              43.706278
            ],
            [
              -72.2920827,
              43.7061848
            ],
            [
              -72.291967,
              43.7061581
            ],
            [
              -72.2919798,
              43.7061292
            ],
            [
              -72.2918984,
              43.7061104
            ],
            [
              -72.2918616,
              43.7061019
            ],
            [
              -72.291847,
              43.706135
            ],
            [
              -72.291807,
              43.7061258
            ],
            [
              -72.2917705,
              43.7062087
            ],
            [
              -72.2917823,
              43.7062114
            ],
            [
              -72.2917661,
              43.7062481
            ],
            [
              -72.2918207,
              43.7062607
            ],
            [
              -72.2918678,
              43.7062716
            ],
            [
              -72.2918813,
              43.706241
            ],
            [
              -72.2920416,
              43.706278
            ]
          ]
        ]
      },
      "id": "way/49797496"
    },
    {
      "type": "Feature",
      "properties": {
        "@id": "way/49797497",
        "addr:city": "Hanover",
        "addr:country": "US",
        "addr:housenumber": "6",
        "addr:postcode": "03755",
        "addr:state": "NH",
        "addr:street": "Webster Avenue",
        "amenity": "social_centre",
        "building": "university",
        "name": "Beta Alpha Omega"
      },
      "geometry": {
        "type": "Polygon",
        "coordinates": [
          [
            [
              -72.2911254,
              43.7060941
            ],
            [
              -72.2911379,
              43.7060654
            ],
            [
              -72.2911684,
              43.7060723
            ],
            [
              -72.2911906,
              43.7060213
            ],
            [
              -72.2911613,
              43.7060146
            ],
            [
              -72.2911736,
              43.7059863
            ],
            [
              -72.2911654,
              43.7059844
            ],
            [
              -72.2911723,
              43.7059687
            ],
            [
              -72.2911124,
              43.705955
            ],
            [
              -72.2911046,
              43.7059731
            ],
            [
              -72.2908783,
              43.7059214
            ],
            [
              -72.2908767,
              43.705925
            ],
            [
              -72.2908662,
              43.7059226
            ],
            [
              -72.2908216,
              43.706025
            ],
            [
              -72.2909825,
              43.7060616
            ],
            [
              -72.2911254,
              43.7060941
            ]
          ]
        ]
      },
      "id": "way/49797497"
    },
    {
      "type": "Feature",
      "properties": {
        "@id": "way/49797498",
        "addr:city": "Hanover",
        "addr:country": "US",
        "addr:housenumber": "14",
        "addr:postcode": "03755",
        "addr:state": "NH",
        "addr:street": "Webster Avenue",
        "building": "house",
        "name": "President's House"
      },
      "geometry": {
        "type": "Polygon",
        "coordinates": [
          [
            [
              -72.2932875,
              43.7062181
            ],
            [
              -72.2932273,
              43.7061988
            ],
            [
              -72.2932386,
              43.7061804
            ],
            [
              -72.2929368,
              43.7060835
            ],
            [
              -72.2929243,
              43.706104
            ],
            [
              -72.2928572,
              43.7060824
            ],
            [
              -72.2928184,
              43.7061456
            ],
            [
              -72.2929519,
              43.7061885
            ],
            [
              -72.2929407,
              43.7062067
            ],
            [
              -72.2930281,
              43.7062348
            ],
            [
              -72.293014,
              43.7062577
            ],
            [
              -72.2930747,
              43.7062773
            ],
            [
              -72.2930875,
              43.7062566
            ],
            [
              -72.293173,
              43.706284
            ],
            [
              -72.2931862,
              43.7062625
            ],
            [
              -72.293248,
              43.7062824
            ],
            [
              -72.2932875,
              43.7062181
            ]
          ]
        ]
      },
      "id": "way/49797498"
    },
    {
      "type": "Feature",
      "properties": {
        "@id": "way/49797500",
        "addr:city": "Hanover",
        "addr:housenumber": "7",
        "addr:postcode": "03755",
        "addr:state": "NH",
        "addr:street": "Webster Avenue",
        "amenity": "social_centre",
        "building": "university",
        "name": "Chi Gamma Epsilon"
      },
      "geometry": {
        "type": "Polygon",
        "coordinates": [
          [
            [
              -72.2915682,
              43.7067554
            ],
            [
              -72.291577,
              43.706736
            ],
            [
              -72.2916141,
              43.7067448
            ],
            [
              -72.2916494,
              43.706667
            ],
            [
              -72.2916062,
              43.7066567
            ],
            [
              -72.2916141,
              43.7066393
            ],
            [
              -72.2915259,
              43.7066184
            ],
            [
              -72.291359,
              43.7065789
            ],
            [
              -72.2913422,
              43.706616
            ],
            [
              -72.2913059,
              43.7066074
            ],
            [
              -72.2912804,
              43.7066638
            ],
            [
              -72.2913176,
              43.7066726
            ],
            [
              -72.291308,
              43.7066938
            ],
            [
              -72.2915682,
              43.7067554
            ]
          ]
        ]
      },
      "id": "way/49797500"
    },
    {
      "type": "Feature",
      "properties": {
        "@id": "way/49797501",
        "addr:city": "Hanover",
        "addr:housenumber": "5",
        "addr:postcode": "03755",
        "addr:state": "NH",
        "addr:street": "Webster Avenue",
        "amenity": "social_centre",
        "building": "university",
        "name": "Phi Delta Alpha"
      },
      "geometry": {
        "type": "Polygon",
        "coordinates": [
          [
            [
              -72.2911766,
              43.7066763
            ],
            [
              -72.2912348,
              43.7065404
            ],
            [
              -72.2911261,
              43.7065141
            ],
            [
              -72.2909786,
              43.7064768
            ],
            [
              -72.2909191,
              43.7066135
            ],
            [
              -72.2910108,
              43.7066322
            ],
            [
              -72.2909999,
              43.7066685
            ],
            [
              -72.2910613,
              43.7066793
            ],
            [
              -72.2910774,
              43.7066429
            ],
            [
              -72.2911766,
              43.7066763
            ]
          ]
        ]
      },
      "id": "way/49797501"
    },
    {
      "type": "Feature",
      "properties": {
        "@id": "way/49797502",
        "addr:city": "Hanover",
        "addr:housenumber": "31",
        "addr:postcode": "03755",
        "addr:state": "NH",
        "addr:street": "North Main Street",
        "amenity": "social_centre",
        "building": "university",
        "designation": "Fraternity",
        "name": "Phi Tau"
      },
      "geometry": {
        "type": "Polygon",
        "coordinates": [
          [
            [
              -72.2891298,
              43.7067041
            ],
            [
              -72.289094,
              43.7066878
            ],
            [
              -72.2890473,
              43.706742
            ],
            [
              -72.2890146,
              43.7067278
            ],
            [
              -72.2889534,
              43.7068014
            ],
            [
              -72.2889862,
              43.7068156
            ],
            [
              -72.2889414,
              43.7068696
            ],
            [
              -72.2890722,
              43.7069264
            ],
            [
              -72.2892231,
              43.7067446
            ],
            [
              -72.2891899,
              43.7067302
            ],
            [
              -72.2892006,
              43.7067172
            ],
            [
              -72.2891406,
              43.7066912
            ],
            [
              -72.2891298,
              43.7067041
            ]
          ]
        ]
      },
      "id": "way/49797502"
    },
    {
      "type": "Feature",
      "properties": {
        "@id": "way/49797503",
        "addr:city": "Hanover",
        "addr:housenumber": "36",
        "addr:postcode": "03755",
        "addr:state": "NH",
        "addr:street": "North Main Street",
        "building": "dormitory",
        "name": "Chinese Language House"
      },
      "geometry": {
        "type": "Polygon",
        "coordinates": [
          [
            [
              -72.2892367,
              43.7074209
            ],
            [
              -72.2891305,
              43.7073758
            ],
            [
              -72.2890217,
              43.7075096
            ],
            [
              -72.2890481,
              43.7075209
            ],
            [
              -72.2890243,
              43.7075502
            ],
            [
              -72.289006,
              43.7075424
            ],
            [
              -72.288968,
              43.7075892
            ],
            [
              -72.2890659,
              43.7076308
            ],
            [
              -72.2892367,
              43.7074209
            ]
          ]
        ]
      },
      "id": "way/49797503"
    },
    {
      "type": "Feature",
      "properties": {
        "@id": "way/49797504",
        "addr:city": "Hanover",
        "addr:housenumber": "2",
        "addr:postcode": "03755",
        "addr:state": "NH",
        "addr:street": "Choate Road",
        "alt_name": "Sustainable Living Center",
        "building": "university",
        "name": "North Hall"
      },
      "geometry": {
        "type": "Polygon",
        "coordinates": [
          [
            [
              -72.2898856,
              43.7072645
            ],
            [
              -72.2899294,
              43.7071754
            ],
            [
              -72.2897396,
              43.7071266
            ],
            [
              -72.2896958,
              43.7072157
            ],
            [
              -72.2898367,
              43.7072519
            ],
            [
              -72.2898856,
              43.7072645
            ]
          ]
        ]
      },
      "id": "way/49797504"
    },
    {
      "type": "Feature",
      "properties": {
        "@id": "way/49797505",
        "addr:city": "Hanover",
        "addr:housenumber": "38",
        "addr:postcode": "03755",
        "addr:state": "NH",
        "addr:street": "North Main Street",
        "building": "dormitory",
        "name": "Latin American, Latino/a, and Caribbean House"
      },
      "geometry": {
        "type": "Polygon",
        "coordinates": [
          [
            [
              -72.2889516,
              43.7077518
            ],
            [
              -72.2888436,
              43.707699
            ],
            [
              -72.2886585,
              43.7078969
            ],
            [
              -72.2887659,
              43.7079494
            ],
            [
              -72.2888208,
              43.7078907
            ],
            [
              -72.2888341,
              43.7078972
            ],
            [
              -72.2888946,
              43.7078325
            ],
            [
              -72.288882,
              43.7078263
            ],
            [
              -72.2889516,
              43.7077518
            ]
          ]
        ]
      },
      "id": "way/49797505"
    },
    {
      "type": "Feature",
      "properties": {
        "@id": "way/49797507",
        "addr:city": "Hanover",
        "addr:housenumber": "9",
        "addr:postcode": "03755",
        "addr:state": "NH",
        "addr:street": "Ivy Lane",
        "building": "university"
      },
      "geometry": {
        "type": "Polygon",
        "coordinates": [
          [
            [
              -72.2833126,
              43.7049397
            ],
            [
              -72.283367,
              43.7052032
            ],
            [
              -72.2834673,
              43.7051924
            ],
            [
              -72.2834129,
              43.7049289
            ],
            [
              -72.2833126,
              43.7049397
            ]
          ]
        ]
      },
      "id": "way/49797507"
    },
    {
      "type": "Feature",
      "properties": {
        "@id": "way/49797508",
        "addr:city": "Hanover",
        "addr:housenumber": "1",
        "addr:postcode": "03755",
        "addr:state": "NH",
        "addr:street": "North Park Street",
        "building": "apartments"
      },
      "geometry": {
        "type": "Polygon",
        "coordinates": [
          [
            [
              -72.2820671,
              43.7044121
            ],
            [
              -72.2820499,
              43.7043534
            ],
            [
              -72.282032,
              43.7042924
            ],
            [
              -72.2819133,
              43.7043106
            ],
            [
              -72.2819275,
              43.7043591
            ],
            [
              -72.2818372,
              43.7043729
            ],
            [
              -72.2818409,
              43.7043857
            ],
            [
              -72.2817782,
              43.7043953
            ],
            [
              -72.2817963,
              43.7044569
            ],
            [
              -72.2817297,
              43.7044671
            ],
            [
              -72.2816283,
              43.7044827
            ],
            [
              -72.2816466,
              43.704545
            ],
            [
              -72.2818572,
              43.7045127
            ],
            [
              -72.2818435,
              43.704466
            ],
            [
              -72.2819144,
              43.7044551
            ],
            [
              -72.2819089,
              43.7044363
            ],
            [
              -72.2820671,
              43.7044121
            ]
          ]
        ]
      },
      "id": "way/49797508"
    },
    {
      "type": "Feature",
      "properties": {
        "@id": "way/49797510",
        "addr:city": "Hanover",
        "addr:housenumber": "7",
        "addr:postcode": "03755",
        "addr:state": "NH",
        "addr:street": "Ivy Lane",
        "building": "university"
      },
      "geometry": {
        "type": "Polygon",
        "coordinates": [
          [
            [
              -72.2834278,
              43.7049049
            ],
            [
              -72.2835996,
              43.7048519
            ],
            [
              -72.2835594,
              43.7047838
            ],
            [
              -72.2833876,
              43.7048368
            ],
            [
              -72.2834278,
              43.7049049
            ]
          ]
        ]
      },
      "id": "way/49797510"
    },
    {
      "type": "Feature",
      "properties": {
        "@id": "way/49797515",
        "addr:city": "Hanover",
        "addr:housenumber": "16",
        "addr:postcode": "03755",
        "addr:state": "NH",
        "addr:street": "North Park Street",
        "building": "dormitory"
      },
      "geometry": {
        "type": "Polygon",
        "coordinates": [
          [
            [
              -72.2833205,
              43.7060067
            ],
            [
              -72.2833146,
              43.7059795
            ],
            [
              -72.2833564,
              43.7059747
            ],
            [
              -72.2833216,
              43.705815
            ],
            [
              -72.2832814,
              43.7058196
            ],
            [
              -72.283274,
              43.7057856
            ],
            [
              -72.2831416,
              43.7058007
            ],
            [
              -72.2831507,
              43.7058421
            ],
            [
              -72.2831237,
              43.7058451
            ],
            [
              -72.2831566,
              43.7059963
            ],
            [
              -72.2831827,
              43.7059933
            ],
            [
              -72.2831889,
              43.7060217
            ],
            [
              -72.2833205,
              43.7060067
            ]
          ]
        ]
      },
      "id": "way/49797515"
    },
    {
      "type": "Feature",
      "properties": {
        "@id": "way/49797517",
        "addr:city": "Hanover",
        "addr:housenumber": "14",
        "addr:postcode": "03755",
        "addr:state": "NH",
        "addr:street": "North Park Street",
        "building": "dormitory"
      },
      "geometry": {
        "type": "Polygon",
        "coordinates": [
          [
            [
              -72.2833894,
              43.7057514
            ],
            [
              -72.2835,
              43.7057371
            ],
            [
              -72.2834875,
              43.7056866
            ],
            [
              -72.2834691,
              43.705689
            ],
            [
              -72.2834637,
              43.7056671
            ],
            [
              -72.2833714,
              43.705679
            ],
            [
              -72.2833894,
              43.7057514
            ]
          ]
        ]
      },
      "id": "way/49797517"
    },
    {
      "type": "Feature",
      "properties": {
        "@id": "way/49797518",
        "addr:city": "Hanover",
        "addr:housenumber": "12",
        "addr:postcode": "03755",
        "addr:state": "NH",
        "addr:street": "North Park Street",
        "building": "dormitory"
      },
      "geometry": {
        "type": "Polygon",
        "coordinates": [
          [
            [
              -72.2833118,
              43.7057635
            ],
            [
              -72.2832897,
              43.7056671
            ],
            [
              -72.2832268,
              43.7056747
            ],
            [
              -72.2832309,
              43.7056926
            ],
            [
              -72.2831574,
              43.7057014
            ],
            [
              -72.2831754,
              43.7057798
            ],
            [
              -72.2833118,
              43.7057635
            ]
          ]
        ]
      },
      "id": "way/49797518"
    },
    {
      "type": "Feature",
      "properties": {
        "@id": "way/49797519",
        "addr:city": "Hanover",
        "addr:housenumber": "10",
        "addr:postcode": "03755",
        "addr:state": "NH",
        "addr:street": "North Park Street",
        "building": "dormitory"
      },
      "geometry": {
        "type": "Polygon",
        "coordinates": [
          [
            [
              -72.2832389,
              43.7056536
            ],
            [
              -72.2832277,
              43.7056058
            ],
            [
              -72.2832594,
              43.7056019
            ],
            [
              -72.2832277,
              43.7054672
            ],
            [
              -72.2832014,
              43.7054704
            ],
            [
              -72.2831927,
              43.7054335
            ],
            [
              -72.2830575,
              43.7054501
            ],
            [
              -72.2830683,
              43.7054962
            ],
            [
              -72.2830406,
              43.7054996
            ],
            [
              -72.2830745,
              43.7056438
            ],
            [
              -72.2830934,
              43.7056414
            ],
            [
              -72.2831003,
              43.7056707
            ],
            [
              -72.2832389,
              43.7056536
            ]
          ]
        ]
      },
      "id": "way/49797519"
    },
    {
      "type": "Feature",
      "properties": {
        "@id": "way/49797520",
        "addr:city": "Hanover",
        "addr:housenumber": "8",
        "addr:postcode": "03755",
        "addr:state": "NH",
        "addr:street": "North Park Street",
        "building": "dormitory"
      },
      "geometry": {
        "type": "Polygon",
        "coordinates": [
          [
            [
              -72.2830665,
              43.7054249
            ],
            [
              -72.2832745,
              43.7054004
            ],
            [
              -72.2832505,
              43.7052908
            ],
            [
              -72.2832068,
              43.7052954
            ],
            [
              -72.2832032,
              43.705285
            ],
            [
              -72.2830149,
              43.7053113
            ],
            [
              -72.2830339,
              43.7054001
            ],
            [
              -72.2830604,
              43.7053977
            ],
            [
              -72.2830665,
              43.7054249
            ]
          ]
        ]
      },
      "id": "way/49797520"
    },
    {
      "type": "Feature",
      "properties": {
        "@id": "way/49797527",
        "addr:city": "Hanover",
        "addr:housenumber": "13",
        "addr:postcode": "03755",
        "addr:state": "NH",
        "addr:street": "North Balch Street",
        "building": "house"
      },
      "geometry": {
        "type": "Polygon",
        "coordinates": [
          [
            [
              -72.2808774,
              43.7067932
            ],
            [
              -72.280858,
              43.7067107
            ],
            [
              -72.2806453,
              43.7067368
            ],
            [
              -72.2806647,
              43.7068193
            ],
            [
              -72.2808774,
              43.7067932
            ]
          ]
        ]
      },
      "id": "way/49797527"
    },
    {
      "type": "Feature",
      "properties": {
        "@id": "way/49797530",
        "addr:city": "Hanover",
        "addr:housenumber": "22",
        "addr:postcode": "03755",
        "addr:state": "NH",
        "addr:street": "North Park Street",
        "building": "dormitory"
      },
      "geometry": {
        "type": "Polygon",
        "coordinates": [
          [
            [
              -72.2834985,
              43.7067769
            ],
            [
              -72.283494,
              43.7067582
            ],
            [
              -72.2835394,
              43.7067526
            ],
            [
              -72.2835025,
              43.7065964
            ],
            [
              -72.2834651,
              43.706601
            ],
            [
              -72.2834564,
              43.7065642
            ],
            [
              -72.2833187,
              43.7065812
            ],
            [
              -72.2833278,
              43.7066195
            ],
            [
              -72.2833016,
              43.7066227
            ],
            [
              -72.283337,
              43.7067729
            ],
            [
              -72.2833656,
              43.7067694
            ],
            [
              -72.2833711,
              43.7067926
            ],
            [
              -72.2834985,
              43.7067769
            ]
          ]
        ]
      },
      "id": "way/49797530"
    },
    {
      "type": "Feature",
      "properties": {
        "@id": "way/49797531",
        "addr:city": "Hanover",
        "addr:housenumber": "20",
        "addr:postcode": "03755",
        "addr:state": "NH",
        "addr:street": "North Park Street",
        "building": "dormitory"
      },
      "geometry": {
        "type": "Polygon",
        "coordinates": [
          [
            [
              -72.2835399,
              43.7065241
            ],
            [
              -72.2835151,
              43.706415
            ],
            [
              -72.2834852,
              43.7064185
            ],
            [
              -72.2834813,
              43.7064015
            ],
            [
              -72.2832793,
              43.7064255
            ],
            [
              -72.2832989,
              43.7065115
            ],
            [
              -72.2833295,
              43.7065078
            ],
            [
              -72.2833387,
              43.706548
            ],
            [
              -72.2835399,
              43.7065241
            ]
          ]
        ]
      },
      "id": "way/49797531"
    },
    {
      "type": "Feature",
      "properties": {
        "@id": "way/231749754",
        "access": "yes",
        "addr:city": "Hanover",
        "addr:housenumber": "1",
        "addr:postcode": "03755",
        "addr:state": "NH",
        "addr:street": "Currier Place",
        "amenity": "parking",
        "building": "parking",
        "fee": "yes",
        "name": "Hanover Public Parking Garage",
        "opening_hours": "24/7",
        "operator": "Town of Hanover",
        "operator:type": "public",
        "parking": "multi-storey"
      },
      "geometry": {
        "type": "Polygon",
        "coordinates": [
          [
            [
              -72.2881181,
              43.7000993
            ],
            [
              -72.287744,
              43.7000585
            ],
            [
              -72.287738,
              43.7001088
            ],
            [
              -72.2876427,
              43.700099
            ],
            [
              -72.2876167,
              43.7003079
            ],
            [
              -72.2875774,
              43.7005592
            ],
            [
              -72.2878346,
              43.700581
            ],
            [
              -72.2878385,
              43.7004937
            ],
            [
              -72.2879525,
              43.7004997
            ],
            [
              -72.2879713,
              43.7005026
            ],
            [
              -72.2879903,
              43.700507
            ],
            [
              -72.2880326,
              43.7005094
            ],
            [
              -72.2880488,
              43.7005016
            ],
            [
              -72.2880543,
              43.7004741
            ],
            [
              -72.2880732,
              43.7004758
            ],
            [
              -72.288103,
              43.7002054
            ],
            [
              -72.2881043,
              43.7001961
            ],
            [
              -72.2881109,
              43.7001502
            ],
            [
              -72.2881129,
              43.7001364
            ],
            [
              -72.2881181,
              43.7000993
            ]
          ]
        ]
      },
      "id": "way/231749754"
    },
    {
      "type": "Feature",
      "properties": {
        "@id": "way/247325745",
        "addr:city": "Hanover",
        "addr:housenumber": "41",
        "addr:postcode": "03755",
        "addr:state": "NH",
        "addr:street": "South Main Street",
        "amenity": "townhall",
        "building": "yes",
        "email": "info@hanovernh.org",
        "name": "Hanover Town Hall",
        "opening_hours": "Mo-Fr 08:30-16:30",
        "operator": "Town of Hanover",
        "phone": "+1-603-643-0742",
        "website": "https://www.hanovernh.org/"
      },
      "geometry": {
        "type": "Polygon",
        "coordinates": [
          [
            [
              -72.2896978,
              43.7010786
            ],
            [
              -72.2896974,
              43.7011403
            ],
            [
              -72.2896971,
              43.7011987
            ],
            [
              -72.2900022,
              43.7011997
            ],
            [
              -72.2900029,
              43.7010795
            ],
            [
              -72.2896978,
              43.7010786
            ]
          ]
        ]
      },
      "id": "way/247325745"
    },
    {
      "type": "Feature",
      "properties": {
        "@id": "way/261793901",
        "addr:city": "Hanover",
        "addr:housenumber": "10",
        "addr:postcode": "03755",
        "addr:state": "NH",
        "addr:street": "North Main Street",
        "building": "university",
        "name": "McNutt Hall"
      },
      "geometry": {
        "type": "Polygon",
        "coordinates": [
          [
            [
              -72.2901205,
              43.703639
            ],
            [
              -72.2901067,
              43.7034658
            ],
            [
              -72.2899436,
              43.7034725
            ],
            [
              -72.2899391,
              43.7034167
            ],
            [
              -72.2897079,
              43.7034263
            ],
            [
              -72.2897192,
              43.7035678
            ],
            [
              -72.2897307,
              43.7037127
            ],
            [
              -72.2899326,
              43.7037043
            ],
            [
              -72.289928,
              43.703647
            ],
            [
              -72.2901205,
              43.703639
            ]
          ]
        ]
      },
      "id": "way/261793901"
    },
    {
      "type": "Feature",
      "properties": {
        "@id": "way/261795166",
        "addr:city": "Hanover",
        "addr:housenumber": "14",
        "addr:postcode": "03755",
        "addr:state": "NH",
        "addr:street": "North Main Street",
        "building": "university",
        "ele": "164",
        "gnis:feature_id": "1916748",
        "import_uuid": "gnis.57871b70-0100-4405-bb30-88b2e001a944",
        "name": "Parkhurst Hall",
        "source": "USGS Geonames"
      },
      "geometry": {
        "type": "Polygon",
        "coordinates": [
          [
            [
              -72.2901587,
              43.7040867
            ],
            [
              -72.2901455,
              43.7039675
            ],
            [
              -72.2899937,
              43.7039763
            ],
            [
              -72.2899864,
              43.7039101
            ],
            [
              -72.2898432,
              43.7039183
            ],
            [
              -72.2898517,
              43.7039956
            ],
            [
              -72.2897329,
              43.7040025
            ],
            [
              -72.2897394,
              43.7040607
            ],
            [
              -72.2897519,
              43.7041737
            ],
            [
              -72.2899705,
              43.7041611
            ],
            [
              -72.2899665,
              43.7041245
            ],
            [
              -72.2899979,
              43.7041227
            ],
            [
              -72.289995,
              43.7040962
            ],
            [
              -72.2901587,
              43.7040867
            ]
          ]
        ]
      },
      "id": "way/261795166"
    },
    {
      "type": "Feature",
      "properties": {
        "@id": "way/261795980",
        "addr:city": "Hanover",
        "addr:country": "US",
        "addr:housenumber": "20",
        "addr:postcode": "03755",
        "addr:state": "NH",
        "addr:street": "North Main Street",
        "building": "university",
        "name": "Blunt Alumni Center"
      },
      "geometry": {
        "type": "Polygon",
        "coordinates": [
          [
            [
              -72.290081,
              43.7047593
            ],
            [
              -72.2901827,
              43.704691
            ],
            [
              -72.2902326,
              43.7046911
            ],
            [
              -72.2902327,
              43.7046589
            ],
            [
              -72.2902518,
              43.704655
            ],
            [
              -72.2902486,
              43.7045861
            ],
            [
              -72.290171,
              43.704588
            ],
            [
              -72.2901685,
              43.7045337
            ],
            [
              -72.2900434,
              43.7045368
            ],
            [
              -72.289953,
              43.704539
            ],
            [
              -72.2899589,
              43.7046673
            ],
            [
              -72.2897153,
              43.7046733
            ],
            [
              -72.2897204,
              43.7047823
            ],
            [
              -72.2899023,
              43.7047779
            ],
            [
              -72.2899058,
              43.704854
            ],
            [
              -72.2900033,
              43.7048516
            ],
            [
              -72.2900027,
              43.7048373
            ],
            [
              -72.2900662,
              43.7048358
            ],
            [
              -72.2900638,
              43.7047851
            ],
            [
              -72.290081,
              43.7047593
            ]
          ]
        ]
      },
      "id": "way/261795980"
    },
    {
      "type": "Feature",
      "properties": {
        "@id": "way/261796568",
        "addr:city": "Hanover",
        "addr:housename": "Casque & Gauntlet",
        "addr:housenumber": "1",
        "addr:postcode": "03755",
        "addr:state": "NH",
        "addr:street": "South Main Street",
        "amenity": "social_centre",
        "building": "yes",
        "name": "Casque & Gauntlet Senior Society",
        "wheelchair": "limited"
      },
      "geometry": {
        "type": "Polygon",
        "coordinates": [
          [
            [
              -72.2899571,
              43.702301
            ],
            [
              -72.2899521,
              43.7021857
            ],
            [
              -72.2896482,
              43.7021925
            ],
            [
              -72.2896498,
              43.7022319
            ],
            [
              -72.2896366,
              43.7022322
            ],
            [
              -72.2896377,
              43.7022579
            ],
            [
              -72.2896385,
              43.7022759
            ],
            [
              -72.2896526,
              43.7022756
            ],
            [
              -72.2896548,
              43.7023265
            ],
            [
              -72.2898012,
              43.7023232
            ],
            [
              -72.2898004,
              43.7023046
            ],
            [
              -72.2898132,
              43.7023043
            ],
            [
              -72.2899571,
              43.702301
            ]
          ]
        ]
      },
      "id": "way/261796568"
    },
    {
      "type": "Feature",
      "properties": {
        "@id": "way/261796580",
        "addr:city": "Hanover",
        "addr:housenumber": "2",
        "addr:postcode": "03755",
        "addr:state": "NH",
        "addr:street": "North Main Street",
        "building": "university",
        "building:levels": "2",
        "name": "Collis Student Center"
      },
      "geometry": {
        "type": "Polygon",
        "coordinates": [
          [
            [
              -72.290175,
              43.7028959
            ],
            [
              -72.2901517,
              43.7025733
            ],
            [
              -72.2899727,
              43.70258
            ],
            [
              -72.2899744,
              43.7026031
            ],
            [
              -72.2898691,
              43.7026071
            ],
            [
              -72.2898676,
              43.7025864
            ],
            [
              -72.2896891,
              43.7025932
            ],
            [
              -72.2896898,
              43.7026038
            ],
            [
              -72.2896922,
              43.7026367
            ],
            [
              -72.2897022,
              43.7027735
            ],
            [
              -72.2897044,
              43.7028038
            ],
            [
              -72.289705,
              43.7028126
            ],
            [
              -72.2897821,
              43.7028096
            ],
            [
              -72.2897862,
              43.7028665
            ],
            [
              -72.2898409,
              43.7029169
            ],
            [
              -72.2899253,
              43.702963
            ],
            [
              -72.2899818,
              43.7029609
            ],
            [
              -72.2899839,
              43.70299
            ],
            [
              -72.2902402,
              43.7029804
            ],
            [
              -72.290234,
              43.7028937
            ],
            [
              -72.290175,
              43.7028959
            ]
          ]
        ]
      },
      "id": "way/261796580"
    },
    {
      "type": "Feature",
      "properties": {
        "@id": "way/262912562",
        "addr:city": "Hanover",
        "addr:housenumber": "6",
        "addr:postcode": "03755",
        "addr:state": "NH",
        "addr:street": "North Main Street",
        "alt_name": "Robo",
        "building": "university",
        "description": "Houses the Dartmouth, the Outdoor Programs Office, WebDCR, and other student organizations.",
        "name": "Robinson Hall"
      },
      "geometry": {
        "type": "Polygon",
        "coordinates": [
          [
            [
              -72.2899442,
              43.7032264
            ],
            [
              -72.2899425,
              43.7031988
            ],
            [
              -72.2901077,
              43.7031934
            ],
            [
              -72.2901,
              43.703071
            ],
            [
              -72.2899656,
              43.7030754
            ],
            [
              -72.2899639,
              43.7030481
            ],
            [
              -72.2899197,
              43.7030495
            ],
            [
              -72.2899044,
              43.7029912
            ],
            [
              -72.2897066,
              43.7029974
            ],
            [
              -72.2897056,
              43.7030928
            ],
            [
              -72.2897083,
              43.7032341
            ],
            [
              -72.2899442,
              43.7032264
            ]
          ]
        ]
      },
      "id": "way/262912562"
    },
    {
      "type": "Feature",
      "properties": {
        "@id": "way/262912597",
        "addr:city": "Hanover",
        "addr:housenumber": "6",
        "addr:postcode": "03755",
        "addr:state": "NH",
        "addr:street": "Massachusetts Row",
        "alt_name": "FoCo",
        "building": "university",
        "name": "Class of 1953 Commons"
      },
      "geometry": {
        "type": "Polygon",
        "coordinates": [
          [
            [
              -72.2911786,
              43.7032054
            ],
            [
              -72.2911778,
              43.7031877
            ],
            [
              -72.2914677,
              43.7031802
            ],
            [
              -72.2914673,
              43.7031684
            ],
            [
              -72.2914668,
              43.7031584
            ],
            [
              -72.2914573,
              43.7029472
            ],
            [
              -72.2912084,
              43.702958
            ],
            [
              -72.2907421,
              43.7029643
            ],
            [
              -72.2907235,
              43.7029622
            ],
            [
              -72.2904182,
              43.7029701
            ],
            [
              -72.290422,
              43.703048
            ],
            [
              -72.2903687,
              43.7030493
            ],
            [
              -72.2903774,
              43.703226
            ],
            [
              -72.2911786,
              43.7032054
            ]
          ]
        ]
      },
      "id": "way/262912597"
    },
    {
      "type": "Feature",
      "properties": {
        "@id": "way/262912844",
        "addr:city": "Hanover",
        "addr:housenumber": "7",
        "addr:postcode": "03755",
        "addr:state": "NH",
        "addr:street": "West Wheelock Street",
        "amenity": "social_centre",
        "building": "yes",
        "name": "Psi Upsilon"
      },
      "geometry": {
        "type": "Polygon",
        "coordinates": [
          [
            [
              -72.2907177,
              43.7028036
            ],
            [
              -72.2907127,
              43.7026491
            ],
            [
              -72.2905668,
              43.7026515
            ],
            [
              -72.2905688,
              43.7027148
            ],
            [
              -72.2905209,
              43.7027156
            ],
            [
              -72.2905238,
              43.7028069
            ],
            [
              -72.2907177,
              43.7028036
            ]
          ]
        ]
      },
      "id": "way/262912844"
    },
    {
      "type": "Feature",
      "properties": {
        "@id": "way/262912960",
        "addr:city": "Hanover",
        "addr:housenumber": "11",
        "addr:postcode": "03755",
        "addr:state": "NH",
        "addr:street": "West Wheelock Street",
        "amenity": "social_centre",
        "building": "yes",
        "name": "Theta Delta Chi"
      },
      "geometry": {
        "type": "Polygon",
        "coordinates": [
          [
            [
              -72.2915456,
              43.7027996
            ],
            [
              -72.2915406,
              43.702638
            ],
            [
              -72.2914634,
              43.7026392
            ],
            [
              -72.2913908,
              43.7026404
            ],
            [
              -72.2913958,
              43.7028006
            ],
            [
              -72.291419,
              43.7028002
            ],
            [
              -72.2914204,
              43.7028454
            ],
            [
              -72.2915238,
              43.7028437
            ],
            [
              -72.2915224,
              43.7028
            ],
            [
              -72.2915456,
              43.7027996
            ]
          ]
        ]
      },
      "id": "way/262912960"
    },
    {
      "type": "Feature",
      "properties": {
        "@id": "way/262913209",
        "addr:city": "Hanover",
        "addr:housenumber": "10",
        "addr:postcode": "03755",
        "addr:state": "NH",
        "addr:street": "Massachusetts Row",
        "building": "dormitory",
        "name": "South Massachusetts Hall"
      },
      "geometry": {
        "type": "Polygon",
        "coordinates": [
          [
            [
              -72.2905988,
              43.7035218
            ],
            [
              -72.2905954,
              43.7034354
            ],
            [
              -72.2906221,
              43.7034349
            ],
            [
              -72.2907184,
              43.7034329
            ],
            [
              -72.2907143,
              43.703331
            ],
            [
              -72.2905339,
              43.7033348
            ],
            [
              -72.2905209,
              43.7033263
            ],
            [
              -72.29047,
              43.7033277
            ],
            [
              -72.2904602,
              43.7033371
            ],
            [
              -72.2903848,
              43.7033387
            ],
            [
              -72.2903923,
              43.7035282
            ],
            [
              -72.2904728,
              43.7035265
            ],
            [
              -72.2904764,
              43.7036168
            ],
            [
              -72.2905434,
              43.7036154
            ],
            [
              -72.2905398,
              43.7035231
            ],
            [
              -72.2905988,
              43.7035218
            ]
          ]
        ]
      },
      "id": "way/262913209"
    },
    {
      "type": "Feature",
      "properties": {
        "@id": "way/262913307",
        "addr:city": "Hanover",
        "addr:housenumber": "12",
        "addr:postcode": "03755",
        "addr:state": "NH",
        "addr:street": "Massachusetts Row",
        "building": "dormitory",
        "ele": "161",
        "gnis:feature_id": "1916685",
        "name": "Middle Massachusetts Hall",
        "source": "USGS Geonames"
      },
      "geometry": {
        "type": "Polygon",
        "coordinates": [
          [
            [
              -72.2906391,
              43.7039585
            ],
            [
              -72.2906263,
              43.7036176
            ],
            [
              -72.2905434,
              43.7036154
            ],
            [
              -72.2904764,
              43.7036168
            ],
            [
              -72.2904098,
              43.7036219
            ],
            [
              -72.290415,
              43.7037614
            ],
            [
              -72.2903849,
              43.703762
            ],
            [
              -72.2903874,
              43.7038291
            ],
            [
              -72.2904175,
              43.7038285
            ],
            [
              -72.2904226,
              43.7039627
            ],
            [
              -72.2905042,
              43.7039611
            ],
            [
              -72.2905685,
              43.70396
            ],
            [
              -72.2906391,
              43.7039585
            ]
          ]
        ]
      },
      "id": "way/262913307"
    },
    {
      "type": "Feature",
      "properties": {
        "@id": "way/262913680",
        "addr:city": "Hanover",
        "addr:housenumber": "14",
        "addr:postcode": "03755",
        "addr:state": "NH",
        "addr:street": "Massachusetts Row",
        "building": "dormitory",
        "name": "North Massachusetts Hall"
      },
      "geometry": {
        "type": "Polygon",
        "coordinates": [
          [
            [
              -72.2907632,
              43.7042353
            ],
            [
              -72.2907603,
              43.7041402
            ],
            [
              -72.2906564,
              43.7041419
            ],
            [
              -72.2906541,
              43.7040659
            ],
            [
              -72.2905718,
              43.7040673
            ],
            [
              -72.2905685,
              43.70396
            ],
            [
              -72.2905042,
              43.7039611
            ],
            [
              -72.2905074,
              43.7040651
            ],
            [
              -72.290432,
              43.7040663
            ],
            [
              -72.2904374,
              43.7042406
            ],
            [
              -72.2907632,
              43.7042353
            ]
          ]
        ]
      },
      "id": "way/262913680"
    },
    {
      "type": "Feature",
      "properties": {
        "@id": "way/262913681",
        "addr:city": "Hanover",
        "addr:housenumber": "6",
        "addr:postcode": "03755",
        "addr:state": "NH",
        "addr:street": "Cemetery Lane",
        "building": "dormitory",
        "ele": "161",
        "gnis:feature_id": "1916824",
        "name": "South Fairbanks Hall",
        "source": "USGS Geonames"
      },
      "geometry": {
        "type": "Polygon",
        "coordinates": [
          [
            [
              -72.291176,
              43.7035027
            ],
            [
              -72.2911738,
              43.7033941
            ],
            [
              -72.2911133,
              43.7033947
            ],
            [
              -72.2911131,
              43.7033821
            ],
            [
              -72.2910952,
              43.7033823
            ],
            [
              -72.2910947,
              43.7033568
            ],
            [
              -72.2910187,
              43.7033576
            ],
            [
              -72.2910192,
              43.7033831
            ],
            [
              -72.2909962,
              43.7033833
            ],
            [
              -72.2909965,
              43.7033981
            ],
            [
              -72.2909309,
              43.7033987
            ],
            [
              -72.2909315,
              43.7034303
            ],
            [
              -72.2909329,
              43.7035015
            ],
            [
              -72.2909801,
              43.703501
            ],
            [
              -72.2909814,
              43.7035696
            ],
            [
              -72.2911332,
              43.7035681
            ],
            [
              -72.2911319,
              43.7035032
            ],
            [
              -72.291176,
              43.7035027
            ]
          ]
        ]
      },
      "id": "way/262913681"
    },
    {
      "type": "Feature",
      "properties": {
        "@id": "way/262913683",
        "addr:city": "Hanover",
        "addr:housenumber": "8",
        "addr:postcode": "03755",
        "addr:state": "NH",
        "addr:street": "Cemetery Lane",
        "building": "dormitory",
        "ele": "162",
        "gnis:feature_id": "1916714",
        "name": "North Fairbanks Hall",
        "source": "USGS Geonames"
      },
      "geometry": {
        "type": "Polygon",
        "coordinates": [
          [
            [
              -72.2911565,
              43.7037574
            ],
            [
              -72.2911519,
              43.7036331
            ],
            [
              -72.2911495,
              43.7035674
            ],
            [
              -72.2911332,
              43.7035681
            ],
            [
              -72.2909814,
              43.7035696
            ],
            [
              -72.290964,
              43.703571
            ],
            [
              -72.2909659,
              43.703623
            ],
            [
              -72.2909223,
              43.7036238
            ],
            [
              -72.2909251,
              43.7037009
            ],
            [
              -72.2909608,
              43.7037002
            ],
            [
              -72.2909629,
              43.7037594
            ],
            [
              -72.2909984,
              43.7037588
            ],
            [
              -72.2909998,
              43.7037955
            ],
            [
              -72.2910007,
              43.7038213
            ],
            [
              -72.291135,
              43.7038187
            ],
            [
              -72.2911327,
              43.7037578
            ],
            [
              -72.2911565,
              43.7037574
            ]
          ]
        ]
      },
      "id": "way/262913683"
    },
    {
      "type": "Feature",
      "properties": {
        "@id": "way/262913686",
        "addr:city": "Hanover",
        "addr:country": "US",
        "addr:housenumber": "18",
        "addr:postcode": "03755",
        "addr:state": "NH",
        "addr:street": "Massachusetts Row",
        "building": "dormitory",
        "name": "Hitchcock Hall"
      },
      "geometry": {
        "type": "Polygon",
        "coordinates": [
          [
            [
              -72.2908532,
              43.7048233
            ],
            [
              -72.2908505,
              43.7047133
            ],
            [
              -72.2906947,
              43.7047152
            ],
            [
              -72.2906935,
              43.7046643
            ],
            [
              -72.2906301,
              43.7046651
            ],
            [
              -72.2906273,
              43.7045479
            ],
            [
              -72.2904712,
              43.7045499
            ],
            [
              -72.2904779,
              43.704828
            ],
            [
              -72.2906923,
              43.7048253
            ],
            [
              -72.2908532,
              43.7048233
            ]
          ]
        ]
      },
      "id": "way/262913686"
    },
    {
      "type": "Feature",
      "properties": {
        "@id": "way/262913688",
        "addr:city": "Hanover",
        "addr:country": "US",
        "addr:housenumber": "10",
        "addr:postcode": "03755",
        "addr:state": "NH",
        "addr:street": "Tuck Mall",
        "building": "dormitory",
        "ele": "160",
        "gnis:feature_id": "1916560",
        "name": "Gile Hall",
        "source": "USGS Geonames"
      },
      "geometry": {
        "type": "Polygon",
        "coordinates": [
          [
            [
              -72.2913325,
              43.7046598
            ],
            [
              -72.2913251,
              43.7045363
            ],
            [
              -72.2911422,
              43.7045421
            ],
            [
              -72.2911519,
              43.7047027
            ],
            [
              -72.2909658,
              43.7047085
            ],
            [
              -72.2909676,
              43.7047376
            ],
            [
              -72.2909744,
              43.7047546
            ],
            [
              -72.2909781,
              43.7048176
            ],
            [
              -72.2913072,
              43.7048073
            ],
            [
              -72.2913393,
              43.7048063
            ],
            [
              -72.2913326,
              43.7046939
            ],
            [
              -72.2914351,
              43.7046907
            ],
            [
              -72.2914335,
              43.7046567
            ],
            [
              -72.2913325,
              43.7046598
            ]
          ]
        ]
      },
      "id": "way/262913688"
    },
    {
      "type": "Feature",
      "properties": {
        "@id": "way/262915140",
        "addr:city": "Hanover",
        "addr:country": "US",
        "addr:housenumber": "12",
        "addr:postcode": "03755",
        "addr:state": "NH",
        "addr:street": "Tuck Mall",
        "building": "dormitory",
        "ele": "158",
        "gnis:feature_id": "1916834",
        "name": "Streeter Hall",
        "source": "USGS Geonames"
      },
      "geometry": {
        "type": "Polygon",
        "coordinates": [
          [
            [
              -72.2918584,
              43.7047119
            ],
            [
              -72.2918568,
              43.7046726
            ],
            [
              -72.2918552,
              43.704648
            ],
            [
              -72.291854,
              43.7046037
            ],
            [
              -72.2914317,
              43.7046127
            ],
            [
              -72.2914335,
              43.7046567
            ],
            [
              -72.2914351,
              43.7046907
            ],
            [
              -72.2914363,
              43.7047208
            ],
            [
              -72.291699,
              43.7047153
            ],
            [
              -72.2918584,
              43.7047119
            ]
          ]
        ]
      },
      "id": "way/262915140"
    },
    {
      "type": "Feature",
      "properties": {
        "@id": "way/262915141",
        "addr:city": "Hanover",
        "addr:country": "US",
        "addr:housenumber": "14",
        "addr:postcode": "03755",
        "addr:state": "NH",
        "addr:street": "Tuck Mall",
        "building": "dormitory",
        "ele": "159",
        "gnis:feature_id": "1916676",
        "name": "Lord Hall",
        "source": "USGS Geonames"
      },
      "geometry": {
        "type": "Polygon",
        "coordinates": [
          [
            [
              -72.2921516,
              43.7047895
            ],
            [
              -72.2921332,
              43.7045157
            ],
            [
              -72.2919559,
              43.7045219
            ],
            [
              -72.2919641,
              43.7046442
            ],
            [
              -72.2918552,
              43.704648
            ],
            [
              -72.2918568,
              43.7046726
            ],
            [
              -72.2919669,
              43.7046687
            ],
            [
              -72.2919754,
              43.7047957
            ],
            [
              -72.2920963,
              43.7047914
            ],
            [
              -72.2921516,
              43.7047895
            ]
          ]
        ]
      },
      "id": "way/262915141"
    },
    {
      "type": "Feature",
      "properties": {
        "@id": "way/262915142",
        "addr:city": "Hanover",
        "addr:country": "US",
        "addr:housenumber": "3",
        "addr:postcode": "03755",
        "addr:state": "NH",
        "addr:street": "Tuck Mall",
        "building": "university",
        "name": "Silsby Hall",
        "wheelchair": "limited"
      },
      "geometry": {
        "type": "Polygon",
        "coordinates": [
          [
            [
              -72.2901439,
              43.7056879
            ],
            [
              -72.2901358,
              43.7054862
            ],
            [
              -72.2903029,
              43.7054827
            ],
            [
              -72.2902977,
              43.7053536
            ],
            [
              -72.2898119,
              43.7053637
            ],
            [
              -72.2898169,
              43.7054882
            ],
            [
              -72.289937,
              43.7054857
            ],
            [
              -72.2899378,
              43.705504
            ],
            [
              -72.2898899,
              43.705505
            ],
            [
              -72.2898974,
              43.7056931
            ],
            [
              -72.2901439,
              43.7056879
            ]
          ]
        ]
      },
      "id": "way/262915142"
    },
    {
      "type": "Feature",
      "properties": {
        "@id": "way/262915144",
        "addr:city": "Hanover",
        "addr:country": "US",
        "addr:housenumber": "2",
        "addr:postcode": "03755",
        "addr:state": "NH",
        "addr:street": "Webster Avenue",
        "building": "university",
        "ele": "161",
        "gnis:feature_id": "1916785",
        "name": "Rockefeller Center",
        "source": "USGS Geonames",
        "wheelchair": "limited"
      },
      "geometry": {
        "type": "Polygon",
        "coordinates": [
          [
            [
              -72.2905352,
              43.7058302
            ],
            [
              -72.2905331,
              43.7057287
            ],
            [
              -72.2904946,
              43.7057291
            ],
            [
              -72.2904616,
              43.7057294
            ],
            [
              -72.290456,
              43.7057204
            ],
            [
              -72.2904003,
              43.7057151
            ],
            [
              -72.2903782,
              43.7057204
            ],
            [
              -72.2901803,
              43.7057173
            ],
            [
              -72.2901472,
              43.7057272
            ],
            [
              -72.2901439,
              43.7056879
            ],
            [
              -72.2898974,
              43.7056931
            ],
            [
              -72.2899004,
              43.705726
            ],
            [
              -72.2897697,
              43.7057266
            ],
            [
              -72.2897707,
              43.7058583
            ],
            [
              -72.2899299,
              43.7058577
            ],
            [
              -72.28993,
              43.7058745
            ],
            [
              -72.290041,
              43.7058741
            ],
            [
              -72.2900409,
              43.705854
            ],
            [
              -72.2902737,
              43.705853
            ],
            [
              -72.2902801,
              43.705873
            ],
            [
              -72.2903014,
              43.7058884
            ],
            [
              -72.2903259,
              43.705893
            ],
            [
              -72.2903504,
              43.7058861
            ],
            [
              -72.2903674,
              43.70587
            ],
            [
              -72.2903738,
              43.7058515
            ],
            [
              -72.2903947,
              43.7058513
            ],
            [
              -72.2903943,
              43.7058317
            ],
            [
              -72.2904977,
              43.7058306
            ],
            [
              -72.2905352,
              43.7058302
            ]
          ]
        ]
      },
      "id": "way/262915144"
    },
    {
      "type": "Feature",
      "properties": {
        "@id": "way/262915146",
        "addr:city": "Hanover",
        "addr:country": "US",
        "addr:housenumber": "9",
        "addr:postcode": "03755",
        "addr:state": "NH",
        "addr:street": "Tuck Mall",
        "building": "dormitory",
        "name": "Russell Sage Hall"
      },
      "geometry": {
        "type": "Polygon",
        "coordinates": [
          [
            [
              -72.2909435,
              43.7054595
            ],
            [
              -72.2909396,
              43.7054026
            ],
            [
              -72.2909343,
              43.7053265
            ],
            [
              -72.290538,
              43.7053409
            ],
            [
              -72.2905573,
              43.705619
            ],
            [
              -72.2907279,
              43.7056128
            ],
            [
              -72.2907179,
              43.7054676
            ],
            [
              -72.2907721,
              43.7054657
            ],
            [
              -72.2909234,
              43.7054602
            ],
            [
              -72.2909435,
              43.7054595
            ]
          ]
        ]
      },
      "id": "way/262915146"
    },
    {
      "type": "Feature",
      "properties": {
        "@id": "way/262918555",
        "addr:city": "Hanover",
        "addr:country": "US",
        "addr:housenumber": "11",
        "addr:postcode": "03755",
        "addr:state": "NH",
        "addr:street": "Tuck Mall",
        "building": "dormitory",
        "name": "Butterfield Hall"
      },
      "geometry": {
        "type": "Polygon",
        "coordinates": [
          [
            [
              -72.2910079,
              43.7055772
            ],
            [
              -72.2909326,
              43.7055614
            ],
            [
              -72.2909308,
              43.7055491
            ],
            [
              -72.290834,
              43.7055532
            ],
            [
              -72.29084,
              43.7056267
            ],
            [
              -72.2909747,
              43.705655
            ],
            [
              -72.2909717,
              43.7056624
            ],
            [
              -72.2912794,
              43.705727
            ],
            [
              -72.2913184,
              43.7056302
            ],
            [
              -72.2911757,
              43.7056002
            ],
            [
              -72.2910124,
              43.7055659
            ],
            [
              -72.2910079,
              43.7055772
            ]
          ]
        ]
      },
      "id": "way/262918555"
    },
    {
      "type": "Feature",
      "properties": {
        "@id": "way/262918557",
        "addr:city": "Hanover",
        "addr:country": "US",
        "addr:housenumber": "5",
        "addr:postcode": "03755",
        "addr:state": "NH",
        "addr:street": "Tuck Drive",
        "building": "dormitory",
        "name": "Fahey Hall"
      },
      "geometry": {
        "type": "Polygon",
        "coordinates": [
          [
            [
              -72.2917184,
              43.7054375
            ],
            [
              -72.2917178,
              43.7053301
            ],
            [
              -72.2917178,
              43.705325
            ],
            [
              -72.2915076,
              43.7053256
            ],
            [
              -72.2912915,
              43.7053262
            ],
            [
              -72.2912917,
              43.7053628
            ],
            [
              -72.2912579,
              43.7053629
            ],
            [
              -72.2912582,
              43.7054144
            ],
            [
              -72.2912943,
              43.7054143
            ],
            [
              -72.2912946,
              43.7054544
            ],
            [
              -72.2914021,
              43.7054541
            ],
            [
              -72.2916383,
              43.7054534
            ],
            [
              -72.2916829,
              43.7054533
            ],
            [
              -72.2916828,
              43.7054376
            ],
            [
              -72.2917184,
              43.7054375
            ]
          ]
        ]
      },
      "id": "way/262918557"
    },
    {
      "type": "Feature",
      "properties": {
        "@id": "way/262918559",
        "addr:city": "Hanover",
        "addr:country": "US",
        "addr:housenumber": "5",
        "addr:postcode": "03755",
        "addr:state": "NH",
        "addr:street": "Tuck Drive",
        "building": "dormitory",
        "name": "McLane Hall"
      },
      "geometry": {
        "type": "Polygon",
        "coordinates": [
          [
            [
              -72.2922586,
              43.7057355
            ],
            [
              -72.2923151,
              43.7056304
            ],
            [
              -72.2922062,
              43.7055998
            ],
            [
              -72.2922238,
              43.7055671
            ],
            [
              -72.2921763,
              43.7055538
            ],
            [
              -72.2921829,
              43.7055414
            ],
            [
              -72.291987,
              43.7054836
            ],
            [
              -72.2918685,
              43.7054457
            ],
            [
              -72.2918841,
              43.7053794
            ],
            [
              -72.2918201,
              43.7053288
            ],
            [
              -72.2917178,
              43.7053301
            ],
            [
              -72.2917184,
              43.7054375
            ],
            [
              -72.2916828,
              43.7054376
            ],
            [
              -72.2916829,
              43.7054533
            ],
            [
              -72.2916383,
              43.7054534
            ],
            [
              -72.2916393,
              43.7054775
            ],
            [
              -72.2916513,
              43.7054894
            ],
            [
              -72.2917409,
              43.7055167
            ],
            [
              -72.2917244,
              43.7055448
            ],
            [
              -72.2917391,
              43.7055492
            ],
            [
              -72.2921023,
              43.7056574
            ],
            [
              -72.2921181,
              43.7056621
            ],
            [
              -72.2921023,
              43.7056916
            ],
            [
              -72.2922586,
              43.7057355
            ]
          ]
        ]
      },
      "id": "way/262918559"
    },
    {
      "type": "Feature",
      "properties": {
        "@id": "way/262918561",
        "addr:city": "Hanover",
        "addr:country": "US",
        "addr:housenumber": "8",
        "addr:postcode": "03755",
        "addr:state": "NH",
        "addr:street": "Webster Avenue",
        "amenity": "social_centre",
        "building": "university",
        "name": "Zeta Psi"
      },
      "geometry": {
        "type": "Polygon",
        "coordinates": [
          [
            [
              -72.2916582,
              43.7061749
            ],
            [
              -72.2916916,
              43.7061021
            ],
            [
              -72.2916583,
              43.7060941
            ],
            [
              -72.2916725,
              43.706064
            ],
            [
              -72.2915979,
              43.7060459
            ],
            [
              -72.2916005,
              43.7060403
            ],
            [
              -72.2915532,
              43.7060288
            ],
            [
              -72.2914646,
              43.7060077
            ],
            [
              -72.2914587,
              43.7060205
            ],
            [
              -72.2914403,
              43.7060161
            ],
            [
              -72.2914331,
              43.706032
            ],
            [
              -72.2914118,
              43.7060269
            ],
            [
              -72.2913989,
              43.7060552
            ],
            [
              -72.2913755,
              43.7060496
            ],
            [
              -72.2913589,
              43.7060858
            ],
            [
              -72.2913839,
              43.7060918
            ],
            [
              -72.2913599,
              43.7061443
            ],
            [
              -72.2914726,
              43.7061712
            ],
            [
              -72.2915782,
              43.7061965
            ],
            [
              -72.291595,
              43.7061598
            ],
            [
              -72.2916582,
              43.7061749
            ]
          ]
        ]
      },
      "id": "way/262918561"
    },
    {
      "type": "Feature",
      "properties": {
        "@id": "way/262918563",
        "addr:city": "Hanover",
        "addr:housenumber": "3",
        "addr:postcode": "03755",
        "addr:state": "NH",
        "addr:street": "Webster Avenue",
        "alt_name": "Sigma Epsilon Chi",
        "amenity": "social_centre",
        "building": "university",
        "name": "The Tabard"
      },
      "geometry": {
        "type": "Polygon",
        "coordinates": [
          [
            [
              -72.2907304,
              43.7065985
            ],
            [
              -72.2907974,
              43.7064368
            ],
            [
              -72.2906132,
              43.7063968
            ],
            [
              -72.2905732,
              43.7063882
            ],
            [
              -72.2905656,
              43.7064063
            ],
            [
              -72.2905238,
              43.7063973
            ],
            [
              -72.2905013,
              43.7064516
            ],
            [
              -72.2905416,
              43.7064603
            ],
            [
              -72.2905341,
              43.7064784
            ],
            [
              -72.2906352,
              43.7065003
            ],
            [
              -72.2906057,
              43.7065715
            ],
            [
              -72.2907304,
              43.7065985
            ]
          ]
        ]
      },
      "id": "way/262918563"
    },
    {
      "type": "Feature",
      "properties": {
        "@id": "way/262918565",
        "addr:city": "Hanover",
        "addr:housenumber": "9",
        "addr:postcode": "03755",
        "addr:state": "NH",
        "addr:street": "Webster Avenue",
        "amenity": "social_centre",
        "building": "university",
        "name": "Kappa Delta Epsilon"
      },
      "geometry": {
        "type": "Polygon",
        "coordinates": [
          [
            [
              -72.2920939,
              43.7068876
            ],
            [
              -72.2921387,
              43.7067872
            ],
            [
              -72.2921486,
              43.7067895
            ],
            [
              -72.2921598,
              43.7067645
            ],
            [
              -72.291996,
              43.7067262
            ],
            [
              -72.2918787,
              43.7066988
            ],
            [
              -72.2918584,
              43.7067442
            ],
            [
              -72.291869,
              43.7067467
            ],
            [
              -72.2918367,
              43.7068189
            ],
            [
              -72.2918509,
              43.7068223
            ],
            [
              -72.2918472,
              43.7068305
            ],
            [
              -72.2919183,
              43.7068471
            ],
            [
              -72.2919047,
              43.7068774
            ],
            [
              -72.2919728,
              43.7068932
            ],
            [
              -72.2919865,
              43.7068625
            ],
            [
              -72.2920939,
              43.7068876
            ]
          ]
        ]
      },
      "id": "way/262918565"
    },
    {
      "type": "Feature",
      "properties": {
        "@id": "way/262918567",
        "addr:city": "Hanover",
        "addr:housenumber": "11",
        "addr:postcode": "03755",
        "addr:state": "NH",
        "addr:street": "Webster Avenue",
        "amenity": "social_centre",
        "building": "university",
        "name": "Sigma Phi Epsilon"
      },
      "geometry": {
        "type": "Polygon",
        "coordinates": [
          [
            [
              -72.2924566,
              43.7069662
            ],
            [
              -72.292521,
              43.7068227
            ],
            [
              -72.2923845,
              43.7067915
            ],
            [
              -72.2922152,
              43.7067529
            ],
            [
              -72.2921401,
              43.7068925
            ],
            [
              -72.2924566,
              43.7069662
            ]
          ]
        ]
      },
      "id": "way/262918567"
    },
    {
      "type": "Feature",
      "properties": {
        "@id": "way/262922771",
        "addr:city": "Hanover",
        "addr:housenumber": "13",
        "addr:postcode": "03755",
        "addr:state": "NH",
        "addr:street": "Webster Avenue",
        "amenity": "social_centre",
        "building": "fraternity",
        "name": "Alpha Chi Alpha",
        "operator": "Alpha Chi Alpha Fraternity",
        "wheelchair": "no"
      },
      "geometry": {
        "type": "Polygon",
        "coordinates": [
          [
            [
              -72.2928664,
              43.707152
            ],
            [
              -72.2928775,
              43.7071262
            ],
            [
              -72.2928961,
              43.7071304
            ],
            [
              -72.2929079,
              43.7071032
            ],
            [
              -72.2928937,
              43.7071
            ],
            [
              -72.2929505,
              43.7069685
            ],
            [
              -72.2929261,
              43.706963
            ],
            [
              -72.2929393,
              43.7069342
            ],
            [
              -72.2928532,
              43.7069151
            ],
            [
              -72.2927797,
              43.7068988
            ],
            [
              -72.2927157,
              43.707032
            ],
            [
              -72.2926983,
              43.7070281
            ],
            [
              -72.2926732,
              43.7070861
            ],
            [
              -72.2926878,
              43.7070894
            ],
            [
              -72.292679,
              43.7071097
            ],
            [
              -72.2928664,
              43.707152
            ]
          ]
        ]
      },
      "id": "way/262922771"
    },
    {
      "type": "Feature",
      "properties": {
        "@id": "way/262922772",
        "addr:city": "Hanover",
        "addr:housenumber": "15",
        "addr:postcode": "03755",
        "addr:state": "NH",
        "addr:street": "Webster Avenue",
        "amenity": "social_centre",
        "building": "university",
        "name": "Epsilon Kappa Theta"
      },
      "geometry": {
        "type": "Polygon",
        "coordinates": [
          [
            [
              -72.2932263,
              43.7072454
            ],
            [
              -72.2932161,
              43.7072631
            ],
            [
              -72.2932655,
              43.7072741
            ],
            [
              -72.2932818,
              43.7072357
            ],
            [
              -72.2933139,
              43.7072429
            ],
            [
              -72.2933621,
              43.7071299
            ],
            [
              -72.2932993,
              43.7071159
            ],
            [
              -72.2933041,
              43.7071045
            ],
            [
              -72.2933129,
              43.7071065
            ],
            [
              -72.2933255,
              43.7071038
            ],
            [
              -72.2933345,
              43.7070965
            ],
            [
              -72.2933366,
              43.7070821
            ],
            [
              -72.2933313,
              43.7070695
            ],
            [
              -72.2932635,
              43.7070527
            ],
            [
              -72.2932726,
              43.7070334
            ],
            [
              -72.2932217,
              43.7070209
            ],
            [
              -72.2932128,
              43.7070397
            ],
            [
              -72.2932055,
              43.7070378
            ],
            [
              -72.2931936,
              43.7070404
            ],
            [
              -72.2931804,
              43.7070484
            ],
            [
              -72.2931755,
              43.7070605
            ],
            [
              -72.2931797,
              43.7070695
            ],
            [
              -72.2931888,
              43.7070756
            ],
            [
              -72.2931961,
              43.7070772
            ],
            [
              -72.2931811,
              43.7071123
            ],
            [
              -72.2931581,
              43.7071173
            ],
            [
              -72.2931512,
              43.7071405
            ],
            [
              -72.2931581,
              43.7071586
            ],
            [
              -72.2932061,
              43.7071682
            ],
            [
              -72.2931888,
              43.707213
            ],
            [
              -72.2932325,
              43.7072335
            ],
            [
              -72.2932263,
              43.7072454
            ]
          ]
        ]
      },
      "id": "way/262922772"
    },
    {
      "type": "Feature",
      "properties": {
        "@id": "way/262922773",
        "addr:city": "Hanover",
        "addr:housenumber": "2",
        "addr:postcode": "03755",
        "addr:state": "NH",
        "addr:street": "Occom Ridge",
        "amenity": "place_of_worship",
        "building": "yes",
        "denomination": "roman_catholic",
        "ele": "159",
        "email": "aq@dartmouth.edu",
        "gnis:feature_id": "1916402",
        "import_uuid": "gnis.57871b70-0100-4405-bb30-88b2e001a944",
        "name": "Aquinas House Catholic Student Center",
        "phone": "+1-603-643-2154",
        "religion": "christian",
        "source": "USGS Geonames",
        "website": "http://dartmouthcatholic.com/"
      },
      "geometry": {
        "type": "Polygon",
        "coordinates": [
          [
            [
              -72.2943303,
              43.7075664
            ],
            [
              -72.2944606,
              43.707498
            ],
            [
              -72.2944182,
              43.7074559
            ],
            [
              -72.2944291,
              43.7074501
            ],
            [
              -72.2944219,
              43.707443
            ],
            [
              -72.2944755,
              43.7074146
            ],
            [
              -72.2944001,
              43.7073401
            ],
            [
              -72.2943364,
              43.7073738
            ],
            [
              -72.2942872,
              43.7073252
            ],
            [
              -72.2942681,
              43.7073353
            ],
            [
              -72.2942006,
              43.7072687
            ],
            [
              -72.2940951,
              43.7073246
            ],
            [
              -72.29416,
              43.7073886
            ],
            [
              -72.2941446,
              43.7073967
            ],
            [
              -72.2941963,
              43.7074476
            ],
            [
              -72.2941367,
              43.7074792
            ],
            [
              -72.2941639,
              43.707506
            ],
            [
              -72.2939969,
              43.7075946
            ],
            [
              -72.2939772,
              43.7075929
            ],
            [
              -72.2939804,
              43.7075735
            ],
            [
              -72.2938837,
              43.707565
            ],
            [
              -72.2938859,
              43.7075519
            ],
            [
              -72.2937044,
              43.707536
            ],
            [
              -72.2936994,
              43.7075657
            ],
            [
              -72.2936866,
              43.7075646
            ],
            [
              -72.2936716,
              43.7076527
            ],
            [
              -72.2937873,
              43.7076629
            ],
            [
              -72.2937837,
              43.7076841
            ],
            [
              -72.2940086,
              43.7077041
            ],
            [
              -72.2940112,
              43.7076889
            ],
            [
              -72.2940722,
              43.7076569
            ],
            [
              -72.2941036,
              43.7076883
            ],
            [
              -72.2942485,
              43.7076124
            ],
            [
              -72.2942254,
              43.7075894
            ],
            [
              -72.2943092,
              43.7075454
            ],
            [
              -72.2943303,
              43.7075664
            ]
          ]
        ]
      },
      "id": "way/262922773"
    },
    {
      "type": "Feature",
      "properties": {
        "@id": "way/262922775",
        "addr:city": "Hanover",
        "addr:housenumber": "5",
        "addr:postcode": "03755",
        "addr:state": "NH",
        "addr:street": "Occom Ridge",
        "amenity": "place_of_worship",
        "building": "university",
        "name": "Roth Center for Jewish Life",
        "religion": "jewish"
      },
      "geometry": {
        "type": "Polygon",
        "coordinates": [
          [
            [
              -72.2925111,
              43.7079949
            ],
            [
              -72.2921309,
              43.7077462
            ],
            [
              -72.2920409,
              43.707818
            ],
            [
              -72.2921258,
              43.7078736
            ],
            [
              -72.2920948,
              43.7078984
            ],
            [
              -72.2922196,
              43.7079801
            ],
            [
              -72.2921833,
              43.7080091
            ],
            [
              -72.2923538,
              43.7081206
            ],
            [
              -72.2925111,
              43.7079949
            ]
          ]
        ]
      },
      "id": "way/262922775"
    },
    {
      "type": "Feature",
      "properties": {
        "@id": "way/262922776",
        "addr:city": "Hanover",
        "addr:housenumber": "12",
        "addr:postcode": "03755",
        "addr:state": "NH",
        "addr:street": "Choate Road",
        "building": "dormitory",
        "name": "Cohen Hall"
      },
      "geometry": {
        "type": "Polygon",
        "coordinates": [
          [
            [
              -72.2917023,
              43.7077298
            ],
            [
              -72.2917553,
              43.7076262
            ],
            [
              -72.2916068,
              43.7075865
            ],
            [
              -72.2916385,
              43.7075247
            ],
            [
              -72.2915339,
              43.7074968
            ],
            [
              -72.291507,
              43.7074896
            ],
            [
              -72.2914822,
              43.7075381
            ],
            [
              -72.2914738,
              43.7075546
            ],
            [
              -72.2913857,
              43.7077269
            ],
            [
              -72.2915086,
              43.7077597
            ],
            [
              -72.2915454,
              43.7076879
            ],
            [
              -72.2917023,
              43.7077298
            ]
          ]
        ]
      },
      "id": "way/262922776"
    },
    {
      "type": "Feature",
      "properties": {
        "@id": "way/262922777",
        "addr:city": "Hanover",
        "addr:housenumber": "8",
        "addr:postcode": "03755",
        "addr:state": "NH",
        "addr:street": "Choate Road",
        "building": "university",
        "name": "Bissell/Cohen Lounge"
      },
      "geometry": {
        "type": "Polygon",
        "coordinates": [
          [
            [
              -72.2912917,
              43.7075916
            ],
            [
              -72.2913203,
              43.7075151
            ],
            [
              -72.2914738,
              43.7075546
            ],
            [
              -72.2914822,
              43.7075381
            ],
            [
              -72.2913304,
              43.7074986
            ],
            [
              -72.2913453,
              43.7074636
            ],
            [
              -72.2913055,
              43.7074554
            ],
            [
              -72.2913494,
              43.7073493
            ],
            [
              -72.2913298,
              43.7073441
            ],
            [
              -72.2912814,
              43.7074505
            ],
            [
              -72.2911736,
              43.7074365
            ],
            [
              -72.2910556,
              43.7073977
            ],
            [
              -72.2910269,
              43.7074826
            ],
            [
              -72.2909966,
              43.7075722
            ],
            [
              -72.2910717,
              43.7076071
            ],
            [
              -72.2911307,
              43.7075605
            ],
            [
              -72.2911796,
              43.70757
            ],
            [
              -72.2912917,
              43.7075916
            ]
          ]
        ]
      },
      "id": "way/262922777"
    },
    {
      "type": "Feature",
      "properties": {
        "@id": "way/262922778",
        "addr:city": "Hanover",
        "addr:housenumber": "10",
        "addr:postcode": "03755",
        "addr:state": "NH",
        "addr:street": "Choate Road",
        "building": "dormitory",
        "ele": "156",
        "gnis:feature_id": "1916429",
        "import_uuid": "gnis.57871b70-0100-4405-bb30-88b2e001a944",
        "name": "Bissell Hall",
        "source": "USGS Geonames"
      },
      "geometry": {
        "type": "Polygon",
        "coordinates": [
          [
            [
              -72.2915369,
              43.7073989
            ],
            [
              -72.2915894,
              43.7072951
            ],
            [
              -72.2915113,
              43.7072745
            ],
            [
              -72.2915653,
              43.7071677
            ],
            [
              -72.2914277,
              43.7071313
            ],
            [
              -72.2913697,
              43.707246
            ],
            [
              -72.2912856,
              43.7072238
            ],
            [
              -72.2912371,
              43.7073196
            ],
            [
              -72.2913298,
              43.7073441
            ],
            [
              -72.2913494,
              43.7073493
            ],
            [
              -72.2915369,
              43.7073989
            ]
          ]
        ]
      },
      "id": "way/262922778"
    },
    {
      "type": "Feature",
      "properties": {
        "@id": "way/262922779",
        "addr:city": "Hanover",
        "addr:housenumber": "4.5",
        "addr:postcode": "03755",
        "addr:state": "NH",
        "addr:street": "Choate Road",
        "building": "dormitory",
        "building:levels": "3",
        "name": "Little Hall",
        "name:etymology": "Clarence B. Little",
        "name:etymology:wikidata": "Q108300382"
      },
      "geometry": {
        "type": "Polygon",
        "coordinates": [
          [
            [
              -72.2908925,
              43.7072291
            ],
            [
              -72.2909488,
              43.7071258
            ],
            [
              -72.2908617,
              43.707101
            ],
            [
              -72.2909215,
              43.7069912
            ],
            [
              -72.2907767,
              43.70695
            ],
            [
              -72.2907136,
              43.7070658
            ],
            [
              -72.2906441,
              43.707046
            ],
            [
              -72.2905911,
              43.7071433
            ],
            [
              -72.2907267,
              43.7071819
            ],
            [
              -72.290752,
              43.7071891
            ],
            [
              -72.2908925,
              43.7072291
            ]
          ]
        ]
      },
      "id": "way/262922779"
    },
    {
      "type": "Feature",
      "properties": {
        "@id": "way/262922780",
        "addr:city": "Hanover",
        "addr:housenumber": "6",
        "addr:postcode": "03755",
        "addr:state": "NH",
        "addr:street": "Choate Road",
        "building": "dormitory",
        "building:levels": "2",
        "name": "Brown/Little Lounge"
      },
      "geometry": {
        "type": "Polygon",
        "coordinates": [
          [
            [
              -72.2906672,
              43.7073006
            ],
            [
              -72.2906404,
              43.7072935
            ],
            [
              -72.2906024,
              43.707372
            ],
            [
              -72.2905973,
              43.7073816
            ],
            [
              -72.290583,
              43.7074119
            ],
            [
              -72.2907421,
              43.7074513
            ],
            [
              -72.2907634,
              43.7074064
            ],
            [
              -72.2907987,
              43.7074152
            ],
            [
              -72.2907512,
              43.7075152
            ],
            [
              -72.2908556,
              43.7075411
            ],
            [
              -72.2908891,
              43.7074704
            ],
            [
              -72.2908608,
              43.7074634
            ],
            [
              -72.2908779,
              43.7074275
            ],
            [
              -72.2909005,
              43.7074331
            ],
            [
              -72.2909166,
              43.7073992
            ],
            [
              -72.2907819,
              43.7073659
            ],
            [
              -72.2907979,
              43.7073348
            ],
            [
              -72.2906928,
              43.7073073
            ],
            [
              -72.2906672,
              43.7073006
            ]
          ]
        ]
      },
      "id": "way/262922780"
    },
    {
      "type": "Feature",
      "properties": {
        "@id": "way/262922781",
        "addr:city": "Hanover",
        "addr:housenumber": "4",
        "addr:postcode": "03755",
        "addr:state": "NH",
        "addr:street": "Choate Road",
        "building": "dormitory",
        "building:levels": "3",
        "name": "Brown Hall",
        "name:etymology": "Albert O. Brown",
        "name:etymology:wikidata": "Q1277471"
      },
      "geometry": {
        "type": "Polygon",
        "coordinates": [
          [
            [
              -72.2904169,
              43.7074552
            ],
            [
              -72.2904739,
              43.7073475
            ],
            [
              -72.290479,
              43.7073379
            ],
            [
              -72.290536,
              43.7072295
            ],
            [
              -72.2903985,
              43.7071916
            ],
            [
              -72.2903628,
              43.7072592
            ],
            [
              -72.2902311,
              43.7072228
            ],
            [
              -72.2901834,
              43.707313
            ],
            [
              -72.2903255,
              43.7073522
            ],
            [
              -72.2902896,
              43.7074201
            ],
            [
              -72.2904169,
              43.7074552
            ]
          ]
        ]
      },
      "id": "way/262922781"
    },
    {
      "type": "Feature",
      "properties": {
        "@id": "way/262922782",
        "addr:city": "Hanover",
        "addr:housenumber": "32.5",
        "addr:postcode": "03755",
        "addr:street": "North Main Street",
        "building": "dormitory",
        "ele": "163",
        "gnis:feature_id": "1916506",
        "name": "Shabazz Hall",
        "source": "USGS Geonames"
      },
      "geometry": {
        "type": "Polygon",
        "coordinates": [
          [
            [
              -72.2900604,
              43.7071968
            ],
            [
              -72.2901568,
              43.7070166
            ],
            [
              -72.2901761,
              43.707022
            ],
            [
              -72.2901953,
              43.7069861
            ],
            [
              -72.2901755,
              43.7069805
            ],
            [
              -72.2902,
              43.7069347
            ],
            [
              -72.2901249,
              43.7069137
            ],
            [
              -72.2901735,
              43.7068229
            ],
            [
              -72.2900217,
              43.7067804
            ],
            [
              -72.2899763,
              43.7068651
            ],
            [
              -72.2900894,
              43.7068967
            ],
            [
              -72.2900854,
              43.7069041
            ],
            [
              -72.2900761,
              43.7069015
            ],
            [
              -72.2900323,
              43.7069835
            ],
            [
              -72.2900047,
              43.7069758
            ],
            [
              -72.2899749,
              43.7070316
            ],
            [
              -72.2900008,
              43.7070388
            ],
            [
              -72.2899568,
              43.7071209
            ],
            [
              -72.2899733,
              43.7071255
            ],
            [
              -72.2899515,
              43.7071663
            ],
            [
              -72.2900604,
              43.7071968
            ]
          ]
        ]
      },
      "id": "way/262922782"
    },
    {
      "type": "Feature",
      "properties": {
        "@id": "way/262922783",
        "addr:city": "Hanover",
        "addr:housenumber": "32",
        "addr:postcode": "03755",
        "addr:state": "NH",
        "addr:street": "North Main Street",
        "building": "university",
        "ele": "160",
        "gnis:feature_id": "1916577",
        "import_uuid": "gnis.57871b70-0100-4405-bb30-88b2e001a944",
        "name": "Webster Cottage",
        "source": "USGS Geonames"
      },
      "geometry": {
        "type": "Polygon",
        "coordinates": [
          [
            [
              -72.2898722,
              43.7068432
            ],
            [
              -72.2899248,
              43.7067367
            ],
            [
              -72.2898087,
              43.7067067
            ],
            [
              -72.2897561,
              43.7068133
            ],
            [
              -72.2898722,
              43.7068432
            ]
          ]
        ]
      },
      "id": "way/262922783"
    },
    {
      "type": "Feature",
      "properties": {
        "@id": "way/262922785",
        "addr:city": "Hanover",
        "addr:housenumber": "34",
        "addr:postcode": "03755",
        "addr:state": "NH",
        "addr:street": "North Main Street",
        "building": "university",
        "ele": "159",
        "gnis:feature_id": "1916485",
        "import_uuid": "gnis.57871b70-0100-4405-bb30-88b2e001a944",
        "name": "Choate House",
        "name:etymology": "Rufus Choate",
        "name:etymology:wikidata": "Q2174770",
        "source": "USGS Geonames"
      },
      "geometry": {
        "type": "Polygon",
        "coordinates": [
          [
            [
              -72.2895678,
              43.7071743
            ],
            [
              -72.289592,
              43.7071257
            ],
            [
              -72.289619,
              43.7070713
            ],
            [
              -72.2895153,
              43.7070443
            ],
            [
              -72.2894076,
              43.7070162
            ],
            [
              -72.2893565,
              43.7071189
            ],
            [
              -72.2893986,
              43.7071299
            ],
            [
              -72.2893883,
              43.7071505
            ],
            [
              -72.2894551,
              43.7071679
            ],
            [
              -72.289467,
              43.707171
            ],
            [
              -72.2894771,
              43.7071507
            ],
            [
              -72.2895528,
              43.7071704
            ],
            [
              -72.2895678,
              43.7071743
            ]
          ]
        ]
      },
      "id": "way/262922785"
    },
    {
      "type": "Feature",
      "properties": {
        "@id": "way/262922786",
        "addr:city": "Hanover",
        "addr:housenumber": "13",
        "addr:postcode": "03755",
        "addr:state": "NH",
        "addr:street": "Choate Road",
        "building": "university"
      },
      "geometry": {
        "type": "Polygon",
        "coordinates": [
          [
            [
              -72.2911511,
              43.7079947
            ],
            [
              -72.2909821,
              43.707885
            ],
            [
              -72.2909359,
              43.7079221
            ],
            [
              -72.2909193,
              43.7079113
            ],
            [
              -72.2908848,
              43.7079391
            ],
            [
              -72.2908667,
              43.7079273
            ],
            [
              -72.2908494,
              43.7079412
            ],
            [
              -72.2910097,
              43.7080452
            ],
            [
              -72.291018,
              43.7080385
            ],
            [
              -72.2910571,
              43.7080639
            ],
            [
              -72.2910091,
              43.7081025
            ],
            [
              -72.2910817,
              43.7081496
            ],
            [
              -72.2911503,
              43.7080943
            ],
            [
              -72.2911165,
              43.7080724
            ],
            [
              -72.2911568,
              43.70804
            ],
            [
              -72.2911225,
              43.7080177
            ],
            [
              -72.2911511,
              43.7079947
            ]
          ]
        ]
      },
      "id": "way/262922786"
    },
    {
      "type": "Feature",
      "properties": {
        "@id": "way/262922788",
        "addr:city": "Hanover",
        "addr:housenumber": "33",
        "addr:postcode": "03755",
        "addr:state": "NH",
        "addr:street": "North Main Street",
        "amenity": "social_centre",
        "building": "university",
        "name": "Alpha Theta",
        "website": "http://dartmouth.edu/~atheta"
      },
      "geometry": {
        "type": "Polygon",
        "coordinates": [
          [
            [
              -72.2888574,
              43.7072061
            ],
            [
              -72.2889944,
              43.7070225
            ],
            [
              -72.288865,
              43.7069719
            ],
            [
              -72.28884,
              43.7070054
            ],
            [
              -72.288858,
              43.7070124
            ],
            [
              -72.2888338,
              43.7070448
            ],
            [
              -72.2887459,
              43.7070105
            ],
            [
              -72.2887381,
              43.707021
            ],
            [
              -72.2887099,
              43.70701
            ],
            [
              -72.2887052,
              43.7070163
            ],
            [
              -72.2886963,
              43.7070128
            ],
            [
              -72.2886747,
              43.7070416
            ],
            [
              -72.2886868,
              43.7070463
            ],
            [
              -72.2886536,
              43.7070907
            ],
            [
              -72.2887177,
              43.7071157
            ],
            [
              -72.288697,
              43.7071435
            ],
            [
              -72.2888574,
              43.7072061
            ]
          ]
        ]
      },
      "id": "way/262922788"
    },
    {
      "type": "Feature",
      "properties": {
        "@id": "way/262924494",
        "addr:city": "Hanover",
        "addr:housenumber": "9",
        "addr:postcode": "03755",
        "addr:state": "NH",
        "addr:street": "Fayerweather Hill Road",
        "building": "dormitory",
        "name": "North Fayerweather Hall"
      },
      "geometry": {
        "type": "Polygon",
        "coordinates": [
          [
            [
              -72.2864991,
              43.7041864
            ],
            [
              -72.2865012,
              43.7040394
            ],
            [
              -72.2863913,
              43.7040386
            ],
            [
              -72.2863931,
              43.7039172
            ],
            [
              -72.2862907,
              43.7039171
            ],
            [
              -72.2862889,
              43.7040424
            ],
            [
              -72.2861483,
              43.7040413
            ],
            [
              -72.2861462,
              43.7041838
            ],
            [
              -72.2864991,
              43.7041864
            ]
          ]
        ]
      },
      "id": "way/262924494"
    },
    {
      "type": "Feature",
      "properties": {
        "@id": "way/262924496",
        "addr:city": "Hanover",
        "addr:housenumber": "10",
        "addr:postcode": "03755",
        "addr:state": "NH",
        "addr:street": "East Wheelock Street",
        "building": "dormitory",
        "name": "New Hampshire Hall"
      },
      "geometry": {
        "type": "Polygon",
        "coordinates": [
          [
            [
              -72.2870341,
              43.7025473
            ],
            [
              -72.2870024,
              43.7024668
            ],
            [
              -72.2869465,
              43.702325
            ],
            [
              -72.2864416,
              43.702429
            ],
            [
              -72.2865274,
              43.7026467
            ],
            [
              -72.2866692,
              43.7026175
            ],
            [
              -72.2866421,
              43.7025487
            ],
            [
              -72.2868929,
              43.7024971
            ],
            [
              -72.2869218,
              43.7025704
            ],
            [
              -72.2870341,
              43.7025473
            ]
          ]
        ]
      },
      "id": "way/262924496"
    },
    {
      "type": "Feature",
      "properties": {
        "@id": "way/262924497",
        "addr:city": "Hanover",
        "addr:housenumber": "8",
        "addr:postcode": "03755",
        "addr:state": "NH",
        "addr:street": "East Wheelock Street",
        "building": "university",
        "ele": "148",
        "gnis:feature_id": "1916916",
        "name": "Wilson Hall",
        "smoking": "no",
        "source": "USGS Geonames",
        "wikidata": "Q133059246"
      },
      "geometry": {
        "type": "Polygon",
        "coordinates": [
          [
            [
              -72.2874333,
              43.702411
            ],
            [
              -72.287474,
              43.7024102
            ],
            [
              -72.2874946,
              43.7024032
            ],
            [
              -72.2875006,
              43.7023843
            ],
            [
              -72.287485,
              43.7023699
            ],
            [
              -72.2874459,
              43.7023605
            ],
            [
              -72.2874385,
              43.7022842
            ],
            [
              -72.2874626,
              43.702283
            ],
            [
              -72.2874546,
              43.7022016
            ],
            [
              -72.2874763,
              43.7021915
            ],
            [
              -72.2875015,
              43.7021733
            ],
            [
              -72.2875033,
              43.702157
            ],
            [
              -72.2874911,
              43.7021444
            ],
            [
              -72.2874527,
              43.7021348
            ],
            [
              -72.28738,
              43.7021372
            ],
            [
              -72.2872799,
              43.702141
            ],
            [
              -72.287288,
              43.7022507
            ],
            [
              -72.2871835,
              43.7022547
            ],
            [
              -72.2871886,
              43.7023241
            ],
            [
              -72.2871955,
              43.7024186
            ],
            [
              -72.2873052,
              43.7024144
            ],
            [
              -72.2873089,
              43.7024645
            ],
            [
              -72.2873528,
              43.7024917
            ],
            [
              -72.2874071,
              43.7024902
            ],
            [
              -72.2874353,
              43.7024645
            ],
            [
              -72.2874333,
              43.702411
            ]
          ]
        ]
      },
      "id": "way/262924497"
    },
    {
      "type": "Feature",
      "properties": {
        "@id": "way/262924499",
        "addr:city": "Hanover",
        "addr:housenumber": "4",
        "addr:postcode": "03755",
        "addr:state": "NH",
        "addr:street": "East Wheelock Street",
        "alt_name": "The Hop",
        "amenity": "arts_centre",
        "building": "yes",
        "check_date": "2026-03-30",
        "email": "hop.box@dartmouth.edu",
        "name": "Hopkins Center for the Arts",
        "note": "Under construction",
        "phone": "+1-603-646-2422",
        "start_date": "1962-11",
        "website": "https://hop.dartmouth.edu/",
        "wikidata": "Q3140375",
        "wikipedia": "en:Hopkins Center for the Arts"
      },
      "geometry": {
        "type": "Polygon",
        "coordinates": [
          [
            [
              -72.2880139,
              43.7015034
            ],
            [
              -72.288028,
              43.7015374
            ],
            [
              -72.2880245,
              43.7015822
            ],
            [
              -72.2880023,
              43.7016161
            ],
            [
              -72.28797,
              43.7016484
            ],
            [
              -72.2879129,
              43.7016676
            ],
            [
              -72.2877089,
              43.7016663
            ],
            [
              -72.2877083,
              43.7017399
            ],
            [
              -72.287652,
              43.7017425
            ],
            [
              -72.2876652,
              43.7017828
            ],
            [
              -72.2876917,
              43.7018658
            ],
            [
              -72.287699,
              43.7020575
            ],
            [
              -72.2877112,
              43.7020707
            ],
            [
              -72.2877275,
              43.7020817
            ],
            [
              -72.2877504,
              43.7020908
            ],
            [
              -72.2877725,
              43.7020909
            ],
            [
              -72.287776,
              43.7021932
            ],
            [
              -72.2880306,
              43.7021938
            ],
            [
              -72.2880237,
              43.7020868
            ],
            [
              -72.2880611,
              43.7020858
            ],
            [
              -72.2880755,
              43.7020816
            ],
            [
              -72.2880827,
              43.7020795
            ],
            [
              -72.2880977,
              43.7020743
            ],
            [
              -72.2881148,
              43.7020731
            ],
            [
              -72.2881366,
              43.7020788
            ],
            [
              -72.2881757,
              43.7020907
            ],
            [
              -72.2882093,
              43.7021003
            ],
            [
              -72.2882363,
              43.7021082
            ],
            [
              -72.2882574,
              43.7021143
            ],
            [
              -72.2882816,
              43.7021161
            ],
            [
              -72.2883013,
              43.7021139
            ],
            [
              -72.2883221,
              43.7021058
            ],
            [
              -72.2883823,
              43.7020785
            ],
            [
              -72.2883749,
              43.7020194
            ],
            [
              -72.2883436,
              43.7020208
            ],
            [
              -72.2883253,
              43.7018586
            ],
            [
              -72.2886635,
              43.7018333
            ],
            [
              -72.2886582,
              43.7016796
            ],
            [
              -72.2884504,
              43.7016841
            ],
            [
              -72.2884247,
              43.7014038
            ],
            [
              -72.2884141,
              43.7012903
            ],
            [
              -72.2882415,
              43.7012901
            ],
            [
              -72.2882336,
              43.7010838
            ],
            [
              -72.2881518,
              43.7010863
            ],
            [
              -72.2876705,
              43.7011064
            ],
            [
              -72.2876809,
              43.7012327
            ],
            [
              -72.2876913,
              43.7013597
            ],
            [
              -72.2881253,
              43.7013539
            ],
            [
              -72.2881276,
              43.7013913
            ],
            [
              -72.2880118,
              43.7013946
            ],
            [
              -72.28801,
              43.701479
            ],
            [
              -72.2879937,
              43.7014853
            ],
            [
              -72.2880139,
              43.7015034
            ]
          ]
        ]
      },
      "id": "way/262924499"
    },
    {
      "type": "Feature",
      "properties": {
        "@id": "way/262924500",
        "addr:city": "Hanover",
        "addr:housenumber": "22",
        "addr:postcode": "03755",
        "addr:state": "NH",
        "addr:street": "Lebanon Street",
        "amenity": "arts_centre",
        "building": "university",
        "building:levels": "3",
        "check_date": "2026-03-30",
        "name": "Black Family Visual Arts Center"
      },
      "geometry": {
        "type": "Polygon",
        "coordinates": [
          [
            [
              -72.2869724,
              43.7015961
            ],
            [
              -72.2872074,
              43.7015851
            ],
            [
              -72.2871879,
              43.7013693
            ],
            [
              -72.2871846,
              43.7013322
            ],
            [
              -72.2872304,
              43.70133
            ],
            [
              -72.2872097,
              43.7010992
            ],
            [
              -72.2864733,
              43.7011337
            ],
            [
              -72.2865009,
              43.701441
            ],
            [
              -72.2865502,
              43.7014386
            ],
            [
              -72.2865645,
              43.7015981
            ],
            [
              -72.2868626,
              43.7015841
            ],
            [
              -72.2868609,
              43.7015644
            ],
            [
              -72.286969,
              43.7015593
            ],
            [
              -72.2869724,
              43.7015961
            ]
          ]
        ]
      },
      "id": "way/262924500"
    },
    {
      "type": "Feature",
      "properties": {
        "@id": "way/262924501",
        "addr:city": "Hanover",
        "addr:housenumber": "19",
        "addr:postcode": "03755",
        "addr:state": "NH",
        "addr:street": "Lebanon Street",
        "building": "dormitory",
        "building:levels": "2",
        "name": "The Lodge"
      },
      "geometry": {
        "type": "Polygon",
        "coordinates": [
          [
            [
              -72.2868581,
              43.7008456
            ],
            [
              -72.2868367,
              43.7005763
            ],
            [
              -72.2867118,
              43.7005817
            ],
            [
              -72.2867159,
              43.7006319
            ],
            [
              -72.2865269,
              43.70064
            ],
            [
              -72.2865224,
              43.7005854
            ],
            [
              -72.2864012,
              43.7005906
            ],
            [
              -72.2864273,
              43.7008691
            ],
            [
              -72.2865571,
              43.7008636
            ],
            [
              -72.2865525,
              43.7008081
            ],
            [
              -72.2865144,
              43.7008097
            ],
            [
              -72.2865106,
              43.700763
            ],
            [
              -72.2867554,
              43.7007525
            ],
            [
              -72.2867592,
              43.7007988
            ],
            [
              -72.286724,
              43.7008003
            ],
            [
              -72.2867282,
              43.7008513
            ],
            [
              -72.2868581,
              43.7008456
            ]
          ]
        ]
      },
      "id": "way/262924501"
    },
    {
      "type": "Feature",
      "properties": {
        "@id": "way/262926521",
        "addr:city": "Hanover",
        "addr:housenumber": "11",
        "addr:postcode": "03755",
        "addr:state": "NH",
        "addr:street": "East Wheelock Street",
        "amenity": "social_centre",
        "building": "university",
        "name": "Chi Heorot"
      },
      "geometry": {
        "type": "Polygon",
        "coordinates": [
          [
            [
              -72.2846192,
              43.7037516
            ],
            [
              -72.2846089,
              43.7037313
            ],
            [
              -72.2846198,
              43.7037284
            ],
            [
              -72.2845687,
              43.7036286
            ],
            [
              -72.2844714,
              43.7036546
            ],
            [
              -72.2844594,
              43.7036311
            ],
            [
              -72.2842995,
              43.7036739
            ],
            [
              -72.2843139,
              43.7037019
            ],
            [
              -72.284236,
              43.7037228
            ],
            [
              -72.2842798,
              43.7038083
            ],
            [
              -72.2842985,
              43.7038033
            ],
            [
              -72.284312,
              43.7038297
            ],
            [
              -72.2843957,
              43.7038073
            ],
            [
              -72.2843877,
              43.7037917
            ],
            [
              -72.2845201,
              43.7037562
            ],
            [
              -72.28453,
              43.7037755
            ],
            [
              -72.2846192,
              43.7037516
            ]
          ]
        ]
      },
      "id": "way/262926521"
    },
    {
      "type": "Feature",
      "properties": {
        "@id": "way/262926522",
        "addr:city": "Hanover",
        "addr:housenumber": "13",
        "addr:postcode": "03755",
        "addr:state": "NH",
        "addr:street": "East Wheelock Street",
        "building": "dormitory"
      },
      "geometry": {
        "type": "Polygon",
        "coordinates": [
          [
            [
              -72.2841359,
              43.7038262
            ],
            [
              -72.2841088,
              43.703773
            ],
            [
              -72.2841151,
              43.7037664
            ],
            [
              -72.2841067,
              43.7037505
            ],
            [
              -72.2841179,
              43.7037474
            ],
            [
              -72.2840816,
              43.7036786
            ],
            [
              -72.2839145,
              43.7037246
            ],
            [
              -72.2839267,
              43.7037478
            ],
            [
              -72.2839122,
              43.7037518
            ],
            [
              -72.2839424,
              43.7038091
            ],
            [
              -72.2839389,
              43.7038177
            ],
            [
              -72.283948,
              43.703836
            ],
            [
              -72.2839614,
              43.7038416
            ],
            [
              -72.2840192,
              43.7039551
            ],
            [
              -72.2841364,
              43.7039238
            ],
            [
              -72.2840925,
              43.7038378
            ],
            [
              -72.2841359,
              43.7038262
            ]
          ]
        ]
      },
      "id": "way/262926522"
    },
    {
      "type": "Feature",
      "properties": {
        "@id": "way/262926523",
        "addr:city": "Hanover",
        "addr:housenumber": "1",
        "addr:postcode": "03755",
        "addr:state": "NH",
        "addr:street": "Ivy Lane",
        "building": "dormitory",
        "name": "Ripley Hall"
      },
      "geometry": {
        "type": "Polygon",
        "coordinates": [
          [
            [
              -72.2859033,
              43.7042186
            ],
            [
              -72.2857735,
              43.7039534
            ],
            [
              -72.2856155,
              43.7039938
            ],
            [
              -72.2856774,
              43.7041202
            ],
            [
              -72.2857125,
              43.7041919
            ],
            [
              -72.2856688,
              43.7042031
            ],
            [
              -72.2857015,
              43.704269
            ],
            [
              -72.2857628,
              43.7042537
            ],
            [
              -72.2859033,
              43.7042186
            ]
          ]
        ]
      },
      "id": "way/262926523"
    },
    {
      "type": "Feature",
      "properties": {
        "@id": "way/262926524",
        "addr:city": "Hanover",
        "addr:housenumber": "3",
        "addr:postcode": "03755",
        "addr:state": "NH",
        "addr:street": "Ivy Lane",
        "building": "dormitory",
        "name": "Woodward Hall"
      },
      "geometry": {
        "type": "Polygon",
        "coordinates": [
          [
            [
              -72.2857015,
              43.704269
            ],
            [
              -72.2856688,
              43.7042031
            ],
            [
              -72.2856538,
              43.7041729
            ],
            [
              -72.2855002,
              43.7042128
            ],
            [
              -72.2852726,
              43.7042719
            ],
            [
              -72.2853203,
              43.7043679
            ],
            [
              -72.2857015,
              43.704269
            ]
          ]
        ]
      },
      "id": "way/262926524"
    },
    {
      "type": "Feature",
      "properties": {
        "@id": "way/262926525",
        "addr:city": "Hanover",
        "addr:housenumber": "5",
        "addr:postcode": "03755",
        "addr:state": "NH",
        "addr:street": "Ivy Lane",
        "building": "dormitory",
        "name": "Smith Hall"
      },
      "geometry": {
        "type": "Polygon",
        "coordinates": [
          [
            [
              -72.2853203,
              43.7043679
            ],
            [
              -72.2852726,
              43.7042719
            ],
            [
              -72.2852634,
              43.7042548
            ],
            [
              -72.285184,
              43.704107
            ],
            [
              -72.2850435,
              43.704146
            ],
            [
              -72.2851811,
              43.7044051
            ],
            [
              -72.2853203,
              43.7043679
            ]
          ]
        ]
      },
      "id": "way/262926525"
    },
    {
      "type": "Feature",
      "properties": {
        "@id": "way/262948860",
        "addr:city": "Hanover",
        "addr:housenumber": "17",
        "addr:postcode": "03755",
        "addr:state": "NH",
        "addr:street": "East Wheelock Street",
        "amenity": "social_centre",
        "building": "yes",
        "name": "Alpha Xi Delta"
      },
      "geometry": {
        "type": "Polygon",
        "coordinates": [
          [
            [
              -72.2833561,
              43.7040714
            ],
            [
              -72.2833476,
              43.7040545
            ],
            [
              -72.2833745,
              43.7040475
            ],
            [
              -72.2833337,
              43.7039661
            ],
            [
              -72.2833377,
              43.7039538
            ],
            [
              -72.2833327,
              43.7039399
            ],
            [
              -72.2833115,
              43.7039217
            ],
            [
              -72.2832994,
              43.7039188
            ],
            [
              -72.2832899,
              43.7039256
            ],
            [
              -72.2831945,
              43.7039499
            ],
            [
              -72.283189,
              43.7039386
            ],
            [
              -72.2831401,
              43.703951
            ],
            [
              -72.2831458,
              43.7039629
            ],
            [
              -72.2830391,
              43.70399
            ],
            [
              -72.283043,
              43.703998
            ],
            [
              -72.2830365,
              43.704007
            ],
            [
              -72.2830466,
              43.704027
            ],
            [
              -72.2830583,
              43.7040334
            ],
            [
              -72.2831014,
              43.7041117
            ],
            [
              -72.2831084,
              43.7041134
            ],
            [
              -72.2831113,
              43.7041191
            ],
            [
              -72.2831361,
              43.7041126
            ],
            [
              -72.2831433,
              43.7041271
            ],
            [
              -72.2833561,
              43.7040714
            ]
          ]
        ]
      },
      "id": "way/262948860"
    },
    {
      "type": "Feature",
      "properties": {
        "@id": "way/262948864",
        "addr:city": "Hanover",
        "addr:housenumber": "3",
        "addr:postcode": "03755",
        "addr:state": "NH",
        "addr:street": "Crosby Street",
        "building": "university",
        "name": "McKenzie Shops"
      },
      "geometry": {
        "type": "Polygon",
        "coordinates": [
          [
            [
              -72.2861593,
              43.7020777
            ],
            [
              -72.286116,
              43.7019301
            ],
            [
              -72.2860293,
              43.7019433
            ],
            [
              -72.2857225,
              43.7019904
            ],
            [
              -72.2856743,
              43.7018262
            ],
            [
              -72.2855112,
              43.7018513
            ],
            [
              -72.2856028,
              43.7021631
            ],
            [
              -72.2856403,
              43.7021574
            ],
            [
              -72.2861593,
              43.7020777
            ]
          ]
        ]
      },
      "id": "way/262948864"
    },
    {
      "type": "Feature",
      "properties": {
        "@id": "way/262948866",
        "addr:city": "Hanover",
        "addr:housenumber": "1",
        "addr:postcode": "03755",
        "addr:state": "NH",
        "addr:street": "Crosby Street",
        "building": "warehouse",
        "name": "Facilities Operations & Management Warehouse"
      },
      "geometry": {
        "type": "Polygon",
        "coordinates": [
          [
            [
              -72.2856572,
              43.7017352
            ],
            [
              -72.2855733,
              43.7014657
            ],
            [
              -72.2858069,
              43.7012273
            ],
            [
              -72.2860607,
              43.7012066
            ],
            [
              -72.2860568,
              43.7011471
            ],
            [
              -72.2857244,
              43.7011742
            ],
            [
              -72.2853958,
              43.7014735
            ],
            [
              -72.2854859,
              43.7017631
            ],
            [
              -72.2856572,
              43.7017352
            ]
          ]
        ]
      },
      "id": "way/262948866"
    },
    {
      "type": "Feature",
      "properties": {
        "@id": "way/262948868",
        "addr:city": "Hanover",
        "addr:housenumber": "6",
        "addr:postcode": "03755",
        "addr:state": "NH",
        "addr:street": "Vox Lane",
        "building": "university",
        "name": "McKenzie Hall"
      },
      "geometry": {
        "type": "Polygon",
        "coordinates": [
          [
            [
              -72.2863342,
              43.7018541
            ],
            [
              -72.2863181,
              43.7017782
            ],
            [
              -72.2860946,
              43.701803
            ],
            [
              -72.2861016,
              43.7018359
            ],
            [
              -72.2860085,
              43.7018462
            ],
            [
              -72.2860293,
              43.7019433
            ],
            [
              -72.286116,
              43.7019301
            ],
            [
              -72.2861551,
              43.7019272
            ],
            [
              -72.2861441,
              43.7018752
            ],
            [
              -72.2863342,
              43.7018541
            ]
          ]
        ]
      },
      "id": "way/262948868"
    },
    {
      "type": "Feature",
      "properties": {
        "@id": "way/262948873",
        "addr:city": "Hanover",
        "addr:housenumber": "10",
        "addr:postcode": "03755",
        "addr:state": "NH",
        "addr:street": "Vox Lane",
        "building": "yes",
        "generator:source": "geothermal",
        "generator:type": "steam_generator",
        "name": "Heating & Electric Plant",
        "operator": "Dartmouth College",
        "power": "generator"
      },
      "geometry": {
        "type": "Polygon",
        "coordinates": [
          [
            [
              -72.2869729,
              43.7020444
            ],
            [
              -72.2869532,
              43.7017852
            ],
            [
              -72.2868153,
              43.701793
            ],
            [
              -72.2868158,
              43.7018221
            ],
            [
              -72.2867332,
              43.7018234
            ],
            [
              -72.2867324,
              43.701779
            ],
            [
              -72.2865173,
              43.7017869
            ],
            [
              -72.2865189,
              43.7018475
            ],
            [
              -72.2865602,
              43.701844
            ],
            [
              -72.2865661,
              43.7019004
            ],
            [
              -72.2862454,
              43.7019246
            ],
            [
              -72.2862486,
              43.7019448
            ],
            [
              -72.2862045,
              43.7019484
            ],
            [
              -72.2861941,
              43.7019578
            ],
            [
              -72.2862096,
              43.7020923
            ],
            [
              -72.2862213,
              43.7021007
            ],
            [
              -72.2862693,
              43.7020955
            ],
            [
              -72.2862943,
              43.7021126
            ],
            [
              -72.2864551,
              43.7021016
            ],
            [
              -72.2864759,
              43.702081
            ],
            [
              -72.2869729,
              43.7020444
            ]
          ]
        ]
      },
      "id": "way/262948873"
    },
    {
      "type": "Feature",
      "properties": {
        "@id": "way/262948875",
        "addr:city": "Hanover",
        "addr:housenumber": "8",
        "addr:postcode": "03755",
        "addr:state": "NH",
        "addr:street": "Sanborn Road",
        "amenity": "place_of_worship",
        "building": "yes",
        "denomination": "roman_catholic",
        "email": "admin.stdenis@gmail.com",
        "name": "Saint Denis Catholic Church",
        "phone": "+1-603-643-2166",
        "religion": "christian",
        "website": "https://www.saintdenisparish.org/"
      },
      "geometry": {
        "type": "Polygon",
        "coordinates": [
          [
            [
              -72.2856712,
              43.7004675
            ],
            [
              -72.285593,
              43.70022
            ],
            [
              -72.2853789,
              43.7002553
            ],
            [
              -72.2854072,
              43.7003448
            ],
            [
              -72.2854549,
              43.7004957
            ],
            [
              -72.2854156,
              43.7005022
            ],
            [
              -72.2854357,
              43.7005661
            ],
            [
              -72.2855166,
              43.7005527
            ],
            [
              -72.28551,
              43.7005321
            ],
            [
              -72.2855924,
              43.7005185
            ],
            [
              -72.285617,
              43.7005145
            ],
            [
              -72.2856055,
              43.7004783
            ],
            [
              -72.2856712,
              43.7004675
            ]
          ]
        ]
      },
      "id": "way/262948875"
    },
    {
      "type": "Feature",
      "properties": {
        "@id": "way/262948878",
        "addr:city": "Hanover",
        "addr:housenumber": "4",
        "addr:postcode": "03755",
        "addr:state": "NH",
        "addr:street": "Currier Place",
        "building": "commercial",
        "building:levels": "3"
      },
      "geometry": {
        "type": "Polygon",
        "coordinates": [
          [
            [
              -72.2873544,
              43.7005226
            ],
            [
              -72.287398,
              43.7002116
            ],
            [
              -72.2874516,
              43.7002144
            ],
            [
              -72.287458,
              43.7001499
            ],
            [
              -72.287414,
              43.7001488
            ],
            [
              -72.2874142,
              43.7001232
            ],
            [
              -72.2874743,
              43.7001262
            ],
            [
              -72.2874788,
              43.7000201
            ],
            [
              -72.2872749,
              43.7000053
            ],
            [
              -72.2872643,
              43.7001223
            ],
            [
              -72.2871801,
              43.7001196
            ],
            [
              -72.2871811,
              43.7000914
            ],
            [
              -72.2871537,
              43.7000892
            ],
            [
              -72.2870731,
              43.7000826
            ],
            [
              -72.2870738,
              43.7002509
            ],
            [
              -72.2871036,
              43.7002512
            ],
            [
              -72.2871095,
              43.7003707
            ],
            [
              -72.2870805,
              43.7003705
            ],
            [
              -72.2870814,
              43.7005296
            ],
            [
              -72.2873544,
              43.7005226
            ]
          ]
        ]
      },
      "id": "way/262948878"
    },
    {
      "type": "Feature",
      "properties": {
        "@id": "way/262948881",
        "addr:city": "Hanover",
        "addr:housenumber": "24",
        "addr:postcode": "03755",
        "addr:state": "NH",
        "addr:street": "East Wheelock Street",
        "amenity": "social_centre",
        "building": "yes",
        "name": "Kappa Kappa Gamma"
      },
      "geometry": {
        "type": "Polygon",
        "coordinates": [
          [
            [
              -72.281582,
              43.703933
            ],
            [
              -72.2815786,
              43.7039262
            ],
            [
              -72.2815905,
              43.7039231
            ],
            [
              -72.2815462,
              43.7038354
            ],
            [
              -72.2815044,
              43.7038465
            ],
            [
              -72.2815108,
              43.7038591
            ],
            [
              -72.281476,
              43.7038683
            ],
            [
              -72.2814319,
              43.7037808
            ],
            [
              -72.2814126,
              43.7037426
            ],
            [
              -72.2813009,
              43.7037721
            ],
            [
              -72.2813203,
              43.7038106
            ],
            [
              -72.2813333,
              43.7038364
            ],
            [
              -72.281297,
              43.703846
            ],
            [
              -72.2813505,
              43.7039519
            ],
            [
              -72.2813873,
              43.7039422
            ],
            [
              -72.2814062,
              43.7039794
            ],
            [
              -72.2815117,
              43.7039516
            ],
            [
              -72.281582,
              43.703933
            ]
          ]
        ]
      },
      "id": "way/262948881"
    },
    {
      "type": "Feature",
      "properties": {
        "@id": "way/262948883",
        "addr:city": "Hanover",
        "addr:housenumber": "23",
        "addr:postcode": "03755",
        "addr:state": "NH",
        "addr:street": "East Wheelock Street",
        "amenity": "social_centre",
        "building": "yes",
        "name": "Amarna"
      },
      "geometry": {
        "type": "Polygon",
        "coordinates": [
          [
            [
              -72.2812265,
              43.7045605
            ],
            [
              -72.2812445,
              43.7045992
            ],
            [
              -72.2813123,
              43.7045827
            ],
            [
              -72.281304,
              43.7045649
            ],
            [
              -72.2813301,
              43.7045585
            ],
            [
              -72.2813178,
              43.7045321
            ],
            [
              -72.281332,
              43.7045287
            ],
            [
              -72.281329,
              43.7045224
            ],
            [
              -72.2813653,
              43.7045136
            ],
            [
              -72.2813246,
              43.7044262
            ],
            [
              -72.2812355,
              43.7044479
            ],
            [
              -72.2812286,
              43.7044332
            ],
            [
              -72.2811951,
              43.7044414
            ],
            [
              -72.2812024,
              43.7044571
            ],
            [
              -72.2811459,
              43.7044708
            ],
            [
              -72.2811915,
              43.704569
            ],
            [
              -72.2812265,
              43.7045605
            ]
          ]
        ]
      },
      "id": "way/262948883"
    },
    {
      "type": "Feature",
      "properties": {
        "@id": "way/262948886",
        "addr:city": "Hanover",
        "addr:housenumber": "4",
        "addr:postcode": "03755",
        "addr:state": "NH",
        "addr:street": "North Park Street",
        "building": "university",
        "name": "Triangle House"
      },
      "geometry": {
        "type": "Polygon",
        "coordinates": [
          [
            [
              -72.2831682,
              43.7051867
            ],
            [
              -72.2831023,
              43.7048586
            ],
            [
              -72.2827871,
              43.7048835
            ],
            [
              -72.2828078,
              43.7049575
            ],
            [
              -72.2829896,
              43.704932
            ],
            [
              -72.2830238,
              43.705123
            ],
            [
              -72.2828338,
              43.7051435
            ],
            [
              -72.2828507,
              43.7052219
            ],
            [
              -72.2831682,
              43.7051867
            ]
          ]
        ]
      },
      "id": "way/262948886"
    },
    {
      "type": "Feature",
      "properties": {
        "@id": "way/262948891",
        "addr:city": "Hanover",
        "addr:housenumber": "20",
        "addr:postcode": "03755",
        "addr:state": "NH",
        "addr:street": "West Street",
        "building": "dormitory",
        "name": "Foley House"
      },
      "geometry": {
        "type": "Polygon",
        "coordinates": [
          [
            [
              -72.2943743,
              43.7005027
            ],
            [
              -72.2943341,
              43.7005089
            ],
            [
              -72.2943267,
              43.7005029
            ],
            [
              -72.2942992,
              43.7005059
            ],
            [
              -72.2942927,
              43.700514
            ],
            [
              -72.2942806,
              43.7005089
            ],
            [
              -72.2942618,
              43.7005114
            ],
            [
              -72.2942541,
              43.7005205
            ],
            [
              -72.2941494,
              43.7005367
            ],
            [
              -72.294171,
              43.7006094
            ],
            [
              -72.2942577,
              43.7005959
            ],
            [
              -72.2942667,
              43.7006262
            ],
            [
              -72.2944046,
              43.7006048
            ],
            [
              -72.2943743,
              43.7005027
            ]
          ]
        ]
      },
      "id": "way/262948891"
    },
    {
      "type": "Feature",
      "properties": {
        "@id": "way/262950521",
        "addr:city": "Hanover",
        "addr:housenumber": "19",
        "addr:postcode": "03755",
        "addr:state": "NH",
        "addr:street": "North Main Street",
        "building": "university",
        "ele": "164",
        "gnis:feature_id": "1916807",
        "name": "Sanborn House",
        "source": "USGS Geonames"
      },
      "geometry": {
        "type": "Polygon",
        "coordinates": [
          [
            [
              -72.289373,
              43.7048652
            ],
            [
              -72.2893681,
              43.7046649
            ],
            [
              -72.2889719,
              43.70467
            ],
            [
              -72.2889749,
              43.7047904
            ],
            [
              -72.2889933,
              43.7047902
            ],
            [
              -72.2889954,
              43.7048754
            ],
            [
              -72.2890661,
              43.7048745
            ],
            [
              -72.2890639,
              43.7047837
            ],
            [
              -72.2891724,
              43.7047823
            ],
            [
              -72.2891745,
              43.7048678
            ],
            [
              -72.289373,
              43.7048652
            ]
          ]
        ]
      },
      "id": "way/262950521"
    },
    {
      "type": "Feature",
      "properties": {
        "@id": "way/262950526",
        "addr:city": "Hanover",
        "addr:housenumber": "10",
        "addr:postcode": "03755",
        "addr:state": "NH",
        "addr:street": "Thayer Drive",
        "building": "university",
        "ele": "158",
        "gnis:feature_id": "1916505",
        "name": "Cummings Hall",
        "source": "USGS Geonames"
      },
      "geometry": {
        "type": "Polygon",
        "coordinates": [
          [
            [
              -72.2951387,
              43.7047787
            ],
            [
              -72.2952161,
              43.7047183
            ],
            [
              -72.2952008,
              43.7043517
            ],
            [
              -72.2950851,
              43.7043533
            ],
            [
              -72.2948743,
              43.7043593
            ],
            [
              -72.2946849,
              43.7043576
            ],
            [
              -72.2946873,
              43.7044086
            ],
            [
              -72.2946415,
              43.7044086
            ],
            [
              -72.2945067,
              43.7044076
            ],
            [
              -72.2945106,
              43.7045298
            ],
            [
              -72.2944705,
              43.7045306
            ],
            [
              -72.2944705,
              43.7045204
            ],
            [
              -72.2944069,
              43.7045213
            ],
            [
              -72.2943448,
              43.7045221
            ],
            [
              -72.2943472,
              43.704635
            ],
            [
              -72.2943755,
              43.7046354
            ],
            [
              -72.2944746,
              43.7046356
            ],
            [
              -72.2944741,
              43.7046262
            ],
            [
              -72.2944994,
              43.7046253
            ],
            [
              -72.2945006,
              43.7046811
            ],
            [
              -72.2945133,
              43.7046824
            ],
            [
              -72.2945146,
              43.7047398
            ],
            [
              -72.2946872,
              43.7047372
            ],
            [
              -72.2947312,
              43.7047375
            ],
            [
              -72.2947326,
              43.7047864
            ],
            [
              -72.2951387,
              43.7047787
            ]
          ]
        ]
      },
      "id": "way/262950526"
    },
    {
      "type": "Feature",
      "properties": {
        "@id": "way/262950527",
        "addr:city": "Hanover",
        "addr:housenumber": "14",
        "addr:postcode": "03755",
        "addr:state": "NH",
        "addr:street": "Thayer Drive",
        "building": "university",
        "ele": "153",
        "name": "MacLean Engineering Sciences Center"
      },
      "geometry": {
        "type": "Polygon",
        "coordinates": [
          [
            [
              -72.2944786,
              43.7043597
            ],
            [
              -72.2946368,
              43.7043606
            ],
            [
              -72.2946415,
              43.7044086
            ],
            [
              -72.2946873,
              43.7044086
            ],
            [
              -72.2946849,
              43.7043576
            ],
            [
              -72.2948743,
              43.7043593
            ],
            [
              -72.2950851,
              43.7043533
            ],
            [
              -72.2950827,
              43.7042978
            ],
            [
              -72.2952516,
              43.7042901
            ],
            [
              -72.2952544,
              43.7041695
            ],
            [
              -72.2952552,
              43.7041345
            ],
            [
              -72.2952064,
              43.7041327
            ],
            [
              -72.2951993,
              43.7040803
            ],
            [
              -72.294632,
              43.7040898
            ],
            [
              -72.2945821,
              43.7040966
            ],
            [
              -72.294538,
              43.7041095
            ],
            [
              -72.2945,
              43.704131
            ],
            [
              -72.2944786,
              43.7041585
            ],
            [
              -72.2944714,
              43.7041869
            ],
            [
              -72.2944683,
              43.7042289
            ],
            [
              -72.294475,
              43.7043219
            ],
            [
              -72.2944786,
              43.7043597
            ]
          ]
        ]
      },
      "id": "way/262950527"
    },
    {
      "type": "Feature",
      "properties": {
        "@id": "way/262950530",
        "addr:city": "Hanover",
        "addr:housenumber": "40",
        "addr:postcode": "03755",
        "addr:state": "NH",
        "addr:street": "Thayer Drive",
        "building": "dormitory",
        "ele": "152",
        "gnis:feature_id": "1916596",
        "name": "Pineau-Valencienne Hall",
        "source": "USGS Geonames"
      },
      "geometry": {
        "type": "Polygon",
        "coordinates": [
          [
            [
              -72.2962547,
              43.7048998
            ],
            [
              -72.2961774,
              43.7047724
            ],
            [
              -72.2961542,
              43.7047564
            ],
            [
              -72.2960759,
              43.7047057
            ],
            [
              -72.2960362,
              43.7047332
            ],
            [
              -72.2960194,
              43.70472
            ],
            [
              -72.2959614,
              43.7047498
            ],
            [
              -72.2959828,
              43.7047697
            ],
            [
              -72.295966,
              43.7047774
            ],
            [
              -72.2960896,
              43.7048932
            ],
            [
              -72.29614,
              43.705083
            ],
            [
              -72.2962224,
              43.7050654
            ],
            [
              -72.2962021,
              43.7050097
            ],
            [
              -72.2962503,
              43.7049965
            ],
            [
              -72.2962205,
              43.7049426
            ],
            [
              -72.296264,
              43.7049269
            ],
            [
              -72.2962547,
              43.7048998
            ]
          ]
        ]
      },
      "id": "way/262950530"
    },
    {
      "type": "Feature",
      "properties": {
        "@id": "way/262950531",
        "addr:city": "Hanover",
        "addr:housenumber": "38",
        "addr:postcode": "03755",
        "addr:state": "NH",
        "addr:street": "Thayer Drive",
        "building": "dormitory",
        "ele": "153",
        "name": "Whittemore Hall"
      },
      "geometry": {
        "type": "Polygon",
        "coordinates": [
          [
            [
              -72.2958609,
              43.7051529
            ],
            [
              -72.2958522,
              43.7050749
            ],
            [
              -72.2959338,
              43.7050633
            ],
            [
              -72.2959086,
              43.704843
            ],
            [
              -72.295758,
              43.7048427
            ],
            [
              -72.2957525,
              43.7048307
            ],
            [
              -72.295737,
              43.7048204
            ],
            [
              -72.2956917,
              43.7048172
            ],
            [
              -72.2956619,
              43.704822
            ],
            [
              -72.295642,
              43.7048363
            ],
            [
              -72.2954602,
              43.7048189
            ],
            [
              -72.2953319,
              43.7048273
            ],
            [
              -72.2953308,
              43.70486
            ],
            [
              -72.2953337,
              43.7049181
            ],
            [
              -72.2953334,
              43.7049801
            ],
            [
              -72.2956963,
              43.7049748
            ],
            [
              -72.2957021,
              43.7050802
            ],
            [
              -72.2957444,
              43.7050833
            ],
            [
              -72.2957516,
              43.7051571
            ],
            [
              -72.2958609,
              43.7051529
            ]
          ]
        ]
      },
      "id": "way/262950531"
    },
    {
      "type": "Feature",
      "properties": {
        "@id": "way/262950532",
        "addr:city": "Hanover",
        "addr:housenumber": "31",
        "addr:postcode": "03755",
        "addr:state": "NH",
        "addr:street": "Tuck Mall",
        "building": "university",
        "name": "Murdough Center",
        "source": "USGS Geonames"
      },
      "geometry": {
        "type": "Polygon",
        "coordinates": [
          [
            [
              -72.2952616,
              43.7052367
            ],
            [
              -72.2952571,
              43.7051441
            ],
            [
              -72.2952961,
              43.7051431
            ],
            [
              -72.2952903,
              43.7050266
            ],
            [
              -72.2952512,
              43.7050276
            ],
            [
              -72.2952477,
              43.7049576
            ],
            [
              -72.2952753,
              43.7049569
            ],
            [
              -72.2952735,
              43.7049197
            ],
            [
              -72.2953337,
              43.7049181
            ],
            [
              -72.2953308,
              43.70486
            ],
            [
              -72.2952519,
              43.7048621
            ],
            [
              -72.2952477,
              43.7047788
            ],
            [
              -72.2952118,
              43.7047798
            ],
            [
              -72.2950957,
              43.7048693
            ],
            [
              -72.2950627,
              43.7048702
            ],
            [
              -72.295071,
              43.7050359
            ],
            [
              -72.294976,
              43.7051076
            ],
            [
              -72.2947511,
              43.705113
            ],
            [
              -72.294752,
              43.7051332
            ],
            [
              -72.2946329,
              43.7052203
            ],
            [
              -72.2946342,
              43.7052465
            ],
            [
              -72.2947421,
              43.7052438
            ],
            [
              -72.2947434,
              43.7052688
            ],
            [
              -72.2948993,
              43.7052648
            ],
            [
              -72.2948983,
              43.705246
            ],
            [
              -72.2952616,
              43.7052367
            ]
          ]
        ]
      },
      "id": "way/262950532"
    },
    {
      "type": "Feature",
      "properties": {
        "@id": "way/262950533",
        "addr:city": "Hanover",
        "addr:housenumber": "29",
        "addr:postcode": "03755",
        "addr:state": "NH",
        "addr:street": "Tuck Mall",
        "building": "university",
        "ele": "159",
        "gnis:feature_id": "1916449",
        "name": "Byrne Dining Hall",
        "source": "USGS Geonames"
      },
      "geometry": {
        "type": "Polygon",
        "coordinates": [
          [
            [
              -72.2952346,
              43.7056112
            ],
            [
              -72.2952326,
              43.7055067
            ],
            [
              -72.2952555,
              43.7055065
            ],
            [
              -72.295318,
              43.705463
            ],
            [
              -72.2953152,
              43.7054308
            ],
            [
              -72.2954649,
              43.705424
            ],
            [
              -72.2954529,
              43.7052848
            ],
            [
              -72.2949667,
              43.7053068
            ],
            [
              -72.2949441,
              43.7053254
            ],
            [
              -72.2949454,
              43.705359
            ],
            [
              -72.2949792,
              43.7053584
            ],
            [
              -72.2949808,
              43.7053995
            ],
            [
              -72.2949414,
              43.7054003
            ],
            [
              -72.2949977,
              43.7054841
            ],
            [
              -72.294998,
              43.7055003
            ],
            [
              -72.2949482,
              43.7055008
            ],
            [
              -72.2949499,
              43.7055901
            ],
            [
              -72.2950175,
              43.7055894
            ],
            [
              -72.2950179,
              43.7056134
            ],
            [
              -72.2952346,
              43.7056112
            ]
          ]
        ]
      },
      "id": "way/262950533"
    },
    {
      "type": "Feature",
      "properties": {
        "@id": "way/262950534",
        "addr:city": "Hanover",
        "addr:housenumber": "27",
        "addr:postcode": "03755",
        "addr:state": "NH",
        "addr:street": "Tuck Mall",
        "building": "university",
        "name": "Stell Hall"
      },
      "geometry": {
        "type": "Polygon",
        "coordinates": [
          [
            [
              -72.2948728,
              43.705681
            ],
            [
              -72.2948712,
              43.7055925
            ],
            [
              -72.2949499,
              43.7055901
            ],
            [
              -72.2949482,
              43.7055008
            ],
            [
              -72.294684,
              43.7055023
            ],
            [
              -72.2946847,
              43.7055402
            ],
            [
              -72.2946425,
              43.7055406
            ],
            [
              -72.2946438,
              43.7056142
            ],
            [
              -72.2946938,
              43.7056144
            ],
            [
              -72.2946934,
              43.7055945
            ],
            [
              -72.2947683,
              43.7055938
            ],
            [
              -72.2947699,
              43.7056821
            ],
            [
              -72.2948728,
              43.705681
            ]
          ]
        ]
      },
      "id": "way/262950534"
    },
    {
      "type": "Feature",
      "properties": {
        "@id": "way/262950535",
        "addr:city": "Hanover",
        "addr:housenumber": "25",
        "addr:postcode": "03755",
        "addr:state": "NH",
        "addr:street": "Tuck Mall",
        "building": "university",
        "ele": "152",
        "gnis:feature_id": "1916482",
        "import_uuid": "gnis.57871b70-0100-4405-bb30-88b2e001a944",
        "name": "Chase Hall",
        "source": "USGS Geonames"
      },
      "geometry": {
        "type": "Polygon",
        "coordinates": [
          [
            [
              -72.2946438,
              43.7056142
            ],
            [
              -72.2946425,
              43.7055406
            ],
            [
              -72.2946847,
              43.7055402
            ],
            [
              -72.294684,
              43.7055023
            ],
            [
              -72.2946491,
              43.7055027
            ],
            [
              -72.2946461,
              43.7053379
            ],
            [
              -72.2945064,
              43.7053392
            ],
            [
              -72.2945074,
              43.7053955
            ],
            [
              -72.2945101,
              43.7055413
            ],
            [
              -72.2944442,
              43.7055424
            ],
            [
              -72.2944454,
              43.7055752
            ],
            [
              -72.2945183,
              43.7055743
            ],
            [
              -72.294519,
              43.7056154
            ],
            [
              -72.2946438,
              43.7056142
            ]
          ]
        ]
      },
      "id": "way/262950535"
    },
    {
      "type": "Feature",
      "properties": {
        "@id": "way/262950536",
        "addr:city": "Hanover",
        "addr:housenumber": "23",
        "addr:postcode": "03755",
        "addr:state": "NH",
        "addr:street": "Tuck Mall",
        "building": "university",
        "name": "Tuck Hall"
      },
      "geometry": {
        "type": "Polygon",
        "coordinates": [
          [
            [
              -72.2944472,
              43.7056261
            ],
            [
              -72.2944454,
              43.7055752
            ],
            [
              -72.2944442,
              43.7055424
            ],
            [
              -72.2944428,
              43.705504
            ],
            [
              -72.2942838,
              43.7055069
            ],
            [
              -72.2942824,
              43.7054672
            ],
            [
              -72.2941993,
              43.7054688
            ],
            [
              -72.2941411,
              43.7054698
            ],
            [
              -72.2941424,
              43.7055069
            ],
            [
              -72.2939774,
              43.70551
            ],
            [
              -72.2939789,
              43.705551
            ],
            [
              -72.2939804,
              43.7055932
            ],
            [
              -72.2939818,
              43.7056348
            ],
            [
              -72.2941368,
              43.7056319
            ],
            [
              -72.2941415,
              43.705764
            ],
            [
              -72.2942883,
              43.7057613
            ],
            [
              -72.2942836,
              43.7056291
            ],
            [
              -72.2944472,
              43.7056261
            ]
          ]
        ]
      },
      "id": "way/262950536"
    },
    {
      "type": "Feature",
      "properties": {
        "@id": "way/262950537",
        "addr:city": "Hanover",
        "addr:housenumber": "21",
        "addr:postcode": "03755",
        "addr:state": "NH",
        "addr:street": "Tuck Mall",
        "building": "university",
        "ele": "158",
        "gnis:feature_id": "1916919",
        "import_uuid": "gnis.57871b70-0100-4405-bb30-88b2e001a944",
        "name": "Woodbury Hall",
        "source": "USGS Geonames"
      },
      "geometry": {
        "type": "Polygon",
        "coordinates": [
          [
            [
              -72.293866,
              43.7056275
            ],
            [
              -72.2938655,
              43.705594
            ],
            [
              -72.2939804,
              43.7055932
            ],
            [
              -72.2939789,
              43.705551
            ],
            [
              -72.2938596,
              43.7055518
            ],
            [
              -72.2938566,
              43.7053434
            ],
            [
              -72.2938094,
              43.7053438
            ],
            [
              -72.2938008,
              43.7053364
            ],
            [
              -72.2937727,
              43.7053357
            ],
            [
              -72.2937591,
              43.7053462
            ],
            [
              -72.2936958,
              43.7053467
            ],
            [
              -72.2936969,
              43.7054236
            ],
            [
              -72.2936976,
              43.7054685
            ],
            [
              -72.2937,
              43.7056288
            ],
            [
              -72.293866,
              43.7056275
            ]
          ]
        ]
      },
      "id": "way/262950537"
    },
    {
      "type": "Feature",
      "properties": {
        "@id": "way/262950538",
        "addr:city": "Hanover",
        "addr:country": "US",
        "addr:housenumber": "19",
        "addr:postcode": "03755",
        "addr:state": "NH",
        "addr:street": "Tuck Mall",
        "building": "university",
        "ele": "158",
        "gnis:feature_id": "1916445",
        "name": "Buchanan Hall",
        "source": "USGS Geonames"
      },
      "geometry": {
        "type": "Polygon",
        "coordinates": [
          [
            [
              -72.2935669,
              43.705582
            ],
            [
              -72.293566,
              43.7054691
            ],
            [
              -72.2936976,
              43.7054685
            ],
            [
              -72.2936969,
              43.7054236
            ],
            [
              -72.2936694,
              43.7054237
            ],
            [
              -72.2935981,
              43.705424
            ],
            [
              -72.2935974,
              43.7053356
            ],
            [
              -72.2929012,
              43.7053386
            ],
            [
              -72.2929025,
              43.7054997
            ],
            [
              -72.2930162,
              43.7054992
            ],
            [
              -72.2930161,
              43.7054788
            ],
            [
              -72.293403,
              43.7054771
            ],
            [
              -72.2934038,
              43.7055827
            ],
            [
              -72.2935669,
              43.705582
            ]
          ]
        ]
      },
      "id": "way/262950538"
    },
    {
      "type": "Feature",
      "properties": {
        "@id": "way/262950539",
        "addr:city": "Hanover",
        "addr:housenumber": "7",
        "addr:postcode": "03755",
        "addr:state": "NH",
        "addr:street": "Rope Ferry Road",
        "amenity": "clinic",
        "building": "university",
        "emergency": "no",
        "healthcare": "clinic",
        "name": "Dick's House"
      },
      "geometry": {
        "type": "Polygon",
        "coordinates": [
          [
            [
              -72.2870828,
              43.7087146
            ],
            [
              -72.2871384,
              43.7087419
            ],
            [
              -72.2871977,
              43.7086787
            ],
            [
              -72.2870932,
              43.7086275
            ],
            [
              -72.2870366,
              43.708601
            ],
            [
              -72.2869292,
              43.7085531
            ],
            [
              -72.2868624,
              43.7086313
            ],
            [
              -72.2869147,
              43.7086546
            ],
            [
              -72.2868743,
              43.708702
            ],
            [
              -72.2867865,
              43.7088048
            ],
            [
              -72.2867267,
              43.7088079
            ],
            [
              -72.2866827,
              43.7088547
            ],
            [
              -72.28675,
              43.7088877
            ],
            [
              -72.2866991,
              43.7089419
            ],
            [
              -72.286814,
              43.7089984
            ],
            [
              -72.2868554,
              43.7089544
            ],
            [
              -72.2869642,
              43.7090079
            ],
            [
              -72.2870423,
              43.7089247
            ],
            [
              -72.286935,
              43.708872
            ],
            [
              -72.2869981,
              43.7088048
            ],
            [
              -72.2870828,
              43.7087146
            ]
          ]
        ]
      },
      "id": "way/262950539"
    },
    {
      "type": "Feature",
      "properties": {
        "@id": "way/262950847",
        "addr:city": "Hanover",
        "addr:housenumber": "10",
        "addr:postcode": "03755",
        "addr:state": "NH",
        "addr:street": "Maynard Street",
        "building": "dormitory",
        "building:levels": "4",
        "building:levels:underground": "1",
        "name": "Berry Hall",
        "wheelchair": "yes"
      },
      "geometry": {
        "type": "Polygon",
        "coordinates": [
          [
            [
              -72.2864814,
              43.7070701
            ],
            [
              -72.2864409,
              43.707044
            ],
            [
              -72.2864149,
              43.7070477
            ],
            [
              -72.286299,
              43.7069779
            ],
            [
              -72.2863059,
              43.706972
            ],
            [
              -72.2861838,
              43.7068987
            ],
            [
              -72.2861489,
              43.7069291
            ],
            [
              -72.2861283,
              43.7069168
            ],
            [
              -72.2860705,
              43.7069662
            ],
            [
              -72.2860953,
              43.70698
            ],
            [
              -72.2860595,
              43.7070165
            ],
            [
              -72.2861126,
              43.7070482
            ],
            [
              -72.2860367,
              43.7070959
            ],
            [
              -72.2860957,
              43.7071317
            ],
            [
              -72.2861696,
              43.7070859
            ],
            [
              -72.2862597,
              43.7071397
            ],
            [
              -72.2862325,
              43.7071636
            ],
            [
              -72.2862841,
              43.7071944
            ],
            [
              -72.2863279,
              43.707156
            ],
            [
              -72.2863199,
              43.7071512
            ],
            [
              -72.2863481,
              43.7071265
            ],
            [
              -72.2863787,
              43.7071244
            ],
            [
              -72.2864814,
              43.7070701
            ]
          ]
        ]
      },
      "id": "way/262950847"
    },
    {
      "type": "Feature",
      "properties": {
        "@id": "way/262950848",
        "addr:city": "Hanover",
        "addr:housenumber": "6",
        "addr:postcode": "03755",
        "addr:state": "NH",
        "addr:street": "Maynard Street",
        "building": "dormitory",
        "name": "Thomas Hall"
      },
      "geometry": {
        "type": "Polygon",
        "coordinates": [
          [
            [
              -72.2864935,
              43.7079333
            ],
            [
              -72.2865799,
              43.7078168
            ],
            [
              -72.2865251,
              43.7077956
            ],
            [
              -72.2865583,
              43.7077553
            ],
            [
              -72.2864651,
              43.7077107
            ],
            [
              -72.286426,
              43.7077624
            ],
            [
              -72.2862208,
              43.7076829
            ],
            [
              -72.2862311,
              43.7076691
            ],
            [
              -72.2861759,
              43.7076477
            ],
            [
              -72.2860822,
              43.7077739
            ],
            [
              -72.2864935,
              43.7079333
            ]
          ]
        ]
      },
      "id": "way/262950848"
    },
    {
      "type": "Feature",
      "properties": {
        "@id": "way/262950849",
        "addr:city": "Hanover",
        "addr:housenumber": "6",
        "addr:postcode": "03755",
        "addr:state": "NH",
        "addr:street": "Maynard Street",
        "building": "dormitory",
        "name": "Goldstein Hall"
      },
      "geometry": {
        "type": "Polygon",
        "coordinates": [
          [
            [
              -72.2865583,
              43.7077553
            ],
            [
              -72.2866112,
              43.7076976
            ],
            [
              -72.286678,
              43.7077296
            ],
            [
              -72.2867505,
              43.7076505
            ],
            [
              -72.2867831,
              43.7076149
            ],
            [
              -72.2866994,
              43.7075747
            ],
            [
              -72.2867396,
              43.7075308
            ],
            [
              -72.2866455,
              43.7074857
            ],
            [
              -72.2866018,
              43.7074648
            ],
            [
              -72.286573,
              43.7074962
            ],
            [
              -72.2864757,
              43.7074496
            ],
            [
              -72.2863781,
              43.7075562
            ],
            [
              -72.2864848,
              43.7076073
            ],
            [
              -72.2864129,
              43.7076857
            ],
            [
              -72.2864651,
              43.7077107
            ],
            [
              -72.2865583,
              43.7077553
            ]
          ]
        ]
      },
      "id": "way/262950849"
    },
    {
      "type": "Feature",
      "properties": {
        "@id": "way/262950850",
        "addr:city": "Hanover",
        "addr:housenumber": "6",
        "addr:postcode": "03755",
        "addr:state": "NH",
        "addr:street": "Maynard Street",
        "building": "dormitory",
        "name": "Byrne II Hall"
      },
      "geometry": {
        "type": "Polygon",
        "coordinates": [
          [
            [
              -72.2868778,
              43.7074893
            ],
            [
              -72.2869382,
              43.7074507
            ],
            [
              -72.2869218,
              43.7074393
            ],
            [
              -72.2869608,
              43.7074093
            ],
            [
              -72.2869048,
              43.7073716
            ],
            [
              -72.286913,
              43.7073666
            ],
            [
              -72.286847,
              43.7073257
            ],
            [
              -72.2868363,
              43.7073285
            ],
            [
              -72.2867037,
              43.7072426
            ],
            [
              -72.2867006,
              43.7072144
            ],
            [
              -72.2866622,
              43.7071908
            ],
            [
              -72.2866025,
              43.7072131
            ],
            [
              -72.2864894,
              43.7072935
            ],
            [
              -72.2865126,
              43.7073148
            ],
            [
              -72.2864881,
              43.7073335
            ],
            [
              -72.2865139,
              43.7073507
            ],
            [
              -72.2865353,
              43.7073362
            ],
            [
              -72.286683,
              43.707428
            ],
            [
              -72.2866455,
              43.7074857
            ],
            [
              -72.2867396,
              43.7075308
            ],
            [
              -72.2867747,
              43.707482
            ],
            [
              -72.2868187,
              43.7075098
            ],
            [
              -72.2868583,
              43.7074748
            ],
            [
              -72.2868778,
              43.7074893
            ]
          ]
        ]
      },
      "id": "way/262950850"
    },
    {
      "type": "Feature",
      "properties": {
        "@id": "way/262950851",
        "addr:city": "Hanover",
        "addr:housenumber": "45",
        "addr:postcode": "03755",
        "addr:state": "NH",
        "addr:street": "Dewey Field Road",
        "building": "university",
        "name": "Kellogg Hall"
      },
      "geometry": {
        "type": "Polygon",
        "coordinates": [
          [
            [
              -72.2861963,
              43.7083119
            ],
            [
              -72.2860697,
              43.7082531
            ],
            [
              -72.2860013,
              43.7082214
            ],
            [
              -72.2858654,
              43.7083626
            ],
            [
              -72.2858502,
              43.7083811
            ],
            [
              -72.2857976,
              43.7084505
            ],
            [
              -72.2859443,
              43.7085185
            ],
            [
              -72.2859928,
              43.7085411
            ],
            [
              -72.2860575,
              43.7084682
            ],
            [
              -72.2861963,
              43.7083119
            ]
          ]
        ]
      },
      "id": "way/262950851"
    },
    {
      "type": "Feature",
      "properties": {
        "@id": "way/262950853",
        "addr:city": "Hanover",
        "addr:housenumber": "64",
        "addr:postcode": "03755",
        "addr:state": "NH",
        "addr:street": "College Street",
        "building": "university",
        "name": "Anonymous Hall",
        "wikidata": "Q106812130"
      },
      "geometry": {
        "type": "Polygon",
        "coordinates": [
          [
            [
              -72.2849939,
              43.7082814
            ],
            [
              -72.2851603,
              43.7080764
            ],
            [
              -72.2851802,
              43.7080519
            ],
            [
              -72.2849114,
              43.707938
            ],
            [
              -72.2848954,
              43.7079577
            ],
            [
              -72.2847252,
              43.7081675
            ],
            [
              -72.2849362,
              43.7082569
            ],
            [
              -72.2849939,
              43.7082814
            ]
          ]
        ]
      },
      "id": "way/262950853"
    },
    {
      "type": "Feature",
      "properties": {
        "@id": "way/262950854",
        "addr:city": "Hanover",
        "addr:housenumber": "66",
        "addr:postcode": "03755",
        "addr:state": "NH",
        "addr:street": "College Street",
        "building": "university",
        "name": "Remsen Medical Sciences Building"
      },
      "geometry": {
        "type": "Polygon",
        "coordinates": [
          [
            [
              -72.2853281,
              43.7082316
            ],
            [
              -72.2851274,
              43.7084758
            ],
            [
              -72.2848632,
              43.7083624
            ],
            [
              -72.2847768,
              43.7084676
            ],
            [
              -72.2847384,
              43.7085144
            ],
            [
              -72.2850083,
              43.7086303
            ],
            [
              -72.2849457,
              43.7087065
            ],
            [
              -72.2850737,
              43.7087611
            ],
            [
              -72.2851847,
              43.708784
            ],
            [
              -72.2855571,
              43.7083136
            ],
            [
              -72.2855806,
              43.7083233
            ],
            [
              -72.2856143,
              43.7082809
            ],
            [
              -72.2856849,
              43.7083102
            ],
            [
              -72.2857983,
              43.7083588
            ],
            [
              -72.2858502,
              43.7083811
            ],
            [
              -72.2858654,
              43.7083626
            ],
            [
              -72.2858135,
              43.7083388
            ],
            [
              -72.2856259,
              43.7082527
            ],
            [
              -72.2856749,
              43.7081965
            ],
            [
              -72.2855844,
              43.7081588
            ],
            [
              -72.2855189,
              43.7082374
            ],
            [
              -72.2854757,
              43.7082893
            ],
            [
              -72.2853281,
              43.7082316
            ]
          ]
        ]
      },
      "id": "way/262950854"
    },
    {
      "type": "Feature",
      "properties": {
        "@id": "way/262950855",
        "addr:city": "Hanover",
        "addr:housenumber": "74",
        "addr:postcode": "03755",
        "addr:state": "NH",
        "addr:street": "College Street",
        "building": "university",
        "name": "Vail Medical Sciences Building"
      },
      "geometry": {
        "type": "Polygon",
        "coordinates": [
          [
            [
              -72.2848554,
              43.7091782
            ],
            [
              -72.2851094,
              43.7088664
            ],
            [
              -72.2850192,
              43.708828
            ],
            [
              -72.2850737,
              43.7087611
            ],
            [
              -72.2849457,
              43.7087065
            ],
            [
              -72.2849132,
              43.7086927
            ],
            [
              -72.284761,
              43.7088795
            ],
            [
              -72.2846916,
              43.70885
            ],
            [
              -72.2845341,
              43.7090433
            ],
            [
              -72.284593,
              43.7090684
            ],
            [
              -72.284566,
              43.7091016
            ],
            [
              -72.2847098,
              43.7091628
            ],
            [
              -72.284738,
              43.7091282
            ],
            [
              -72.2848554,
              43.7091782
            ]
          ]
        ]
      },
      "id": "way/262950855"
    },
    {
      "type": "Feature",
      "properties": {
        "@id": "way/262950856",
        "addr:city": "Hanover",
        "addr:housenumber": "78",
        "addr:postcode": "03755",
        "addr:state": "NH",
        "addr:street": "College Street",
        "building": "university",
        "name": "Class of 1978 Life Sciences Center"
      },
      "geometry": {
        "type": "Polygon",
        "coordinates": [
          [
            [
              -72.2846681,
              43.7093033
            ],
            [
              -72.2844658,
              43.7092227
            ],
            [
              -72.2844756,
              43.7092097
            ],
            [
              -72.2843719,
              43.7091685
            ],
            [
              -72.2843815,
              43.7091558
            ],
            [
              -72.2843021,
              43.7091254
            ],
            [
              -72.2843202,
              43.7091
            ],
            [
              -72.2842423,
              43.7090683
            ],
            [
              -72.2842255,
              43.7090695
            ],
            [
              -72.2837561,
              43.7088671
            ],
            [
              -72.2840548,
              43.7085422
            ],
            [
              -72.2839921,
              43.7085121
            ],
            [
              -72.2839754,
              43.7085263
            ],
            [
              -72.2839604,
              43.708521
            ],
            [
              -72.2838668,
              43.7084827
            ],
            [
              -72.283726,
              43.7084975
            ],
            [
              -72.2836199,
              43.7084623
            ],
            [
              -72.2833389,
              43.7087681
            ],
            [
              -72.2833931,
              43.7087921
            ],
            [
              -72.2833625,
              43.7088085
            ],
            [
              -72.2833512,
              43.7088201
            ],
            [
              -72.2833883,
              43.7088668
            ],
            [
              -72.2833705,
              43.7088843
            ],
            [
              -72.2833689,
              43.7088994
            ],
            [
              -72.2834298,
              43.7089388
            ],
            [
              -72.2834092,
              43.7089554
            ],
            [
              -72.2834092,
              43.7089706
            ],
            [
              -72.2834659,
              43.7089951
            ],
            [
              -72.2834531,
              43.7090105
            ],
            [
              -72.2835163,
              43.709039
            ],
            [
              -72.283493,
              43.7090682
            ],
            [
              -72.2839789,
              43.7092789
            ],
            [
              -72.2839503,
              43.7093538
            ],
            [
              -72.2839647,
              43.7093589
            ],
            [
              -72.2839579,
              43.709376
            ],
            [
              -72.2840067,
              43.7093858
            ],
            [
              -72.2840319,
              43.7093908
            ],
            [
              -72.2840595,
              43.7093186
            ],
            [
              -72.2841354,
              43.7093549
            ],
            [
              -72.2841552,
              43.7095067
            ],
            [
              -72.2842419,
              43.7094787
            ],
            [
              -72.2844667,
              43.7095676
            ],
            [
              -72.2846681,
              43.7093033
            ]
          ]
        ]
      },
      "id": "way/262950856"
    },
    {
      "type": "Feature",
      "properties": {
        "@id": "way/262950857",
        "addr:city": "Hanover",
        "addr:housenumber": "15",
        "addr:postcode": "03755",
        "addr:state": "NH",
        "addr:street": "Dewey Field Road",
        "building": "university",
        "name": "Grounds Labor Building"
      },
      "geometry": {
        "type": "Polygon",
        "coordinates": [
          [
            [
              -72.2834257,
              43.7096053
            ],
            [
              -72.2831276,
              43.7091713
            ],
            [
              -72.2828989,
              43.7092574
            ],
            [
              -72.2829838,
              43.709381
            ],
            [
              -72.2831949,
              43.7096881
            ],
            [
              -72.2834257,
              43.7096053
            ]
          ]
        ]
      },
      "id": "way/262950857"
    },
    {
      "type": "Feature",
      "properties": {
        "@id": "way/262951153",
        "addr:city": "Hanover",
        "addr:housenumber": "37",
        "addr:postcode": "03755",
        "addr:state": "NH",
        "addr:street": "Dewey Field Road",
        "building": "university"
      },
      "geometry": {
        "type": "Polygon",
        "coordinates": [
          [
            [
              -72.2861018,
              43.709039
            ],
            [
              -72.2861813,
              43.708946
            ],
            [
              -72.2865115,
              43.7090933
            ],
            [
              -72.2865222,
              43.7090808
            ],
            [
              -72.2865551,
              43.7090427
            ],
            [
              -72.2865792,
              43.7090152
            ],
            [
              -72.2865097,
              43.7089835
            ],
            [
              -72.2865775,
              43.7089059
            ],
            [
              -72.286531,
              43.7088847
            ],
            [
              -72.2865187,
              43.7088735
            ],
            [
              -72.286494,
              43.7088735
            ],
            [
              -72.2864741,
              43.7088646
            ],
            [
              -72.2864557,
              43.7088564
            ],
            [
              -72.2864389,
              43.7088761
            ],
            [
              -72.2863744,
              43.7088473
            ],
            [
              -72.2863473,
              43.708879
            ],
            [
              -72.2864085,
              43.7089063
            ],
            [
              -72.2863936,
              43.7089237
            ],
            [
              -72.2862879,
              43.7088766
            ],
            [
              -72.2863894,
              43.7087577
            ],
            [
              -72.2862318,
              43.7086874
            ],
            [
              -72.2859785,
              43.708984
            ],
            [
              -72.2861018,
              43.709039
            ]
          ]
        ]
      },
      "id": "way/262951153"
    },
    {
      "type": "Feature",
      "properties": {
        "@id": "way/262951154",
        "addr:city": "Hanover",
        "addr:housenumber": "5",
        "addr:postcode": "03755",
        "addr:state": "NH",
        "addr:street": "Rope Ferry Road",
        "building": "university",
        "name": "Dartmouth Campus Safety",
        "operator": "Dartmouth College"
      },
      "geometry": {
        "type": "Polygon",
        "coordinates": [
          [
            [
              -72.287359,
              43.7083906
            ],
            [
              -72.2873181,
              43.7083726
            ],
            [
              -72.2872667,
              43.7083501
            ],
            [
              -72.2872059,
              43.708321
            ],
            [
              -72.2871928,
              43.7083362
            ],
            [
              -72.2870409,
              43.708512
            ],
            [
              -72.2870993,
              43.7085372
            ],
            [
              -72.2870822,
              43.7085603
            ],
            [
              -72.287042,
              43.7085426
            ],
            [
              -72.2870246,
              43.7085641
            ],
            [
              -72.2870202,
              43.7085696
            ],
            [
              -72.2870521,
              43.7085849
            ],
            [
              -72.2870366,
              43.708601
            ],
            [
              -72.2870932,
              43.7086275
            ],
            [
              -72.2871128,
              43.7086042
            ],
            [
              -72.2871429,
              43.7086183
            ],
            [
              -72.2871652,
              43.7085909
            ],
            [
              -72.2871314,
              43.708577
            ],
            [
              -72.2871486,
              43.7085563
            ],
            [
              -72.2872077,
              43.7085792
            ],
            [
              -72.287359,
              43.7083906
            ]
          ]
        ]
      },
      "id": "way/262951154"
    },
    {
      "type": "Feature",
      "properties": {
        "@id": "way/264994646",
        "addr:city": "Hanover",
        "addr:housenumber": "3",
        "addr:postcode": "03755",
        "addr:state": "NH",
        "addr:street": "Lebanon Street",
        "building": "retail",
        "building:levels": "2",
        "building:material": "brick",
        "name": "Hanover Park",
        "start_date": "1990"
      },
      "geometry": {
        "type": "Polygon",
        "coordinates": [
          [
            [
              -72.2888252,
              43.7007425
            ],
            [
              -72.2888414,
              43.7006014
            ],
            [
              -72.288828,
              43.7006024
            ],
            [
              -72.2888516,
              43.7004393
            ],
            [
              -72.2885967,
              43.7004168
            ],
            [
              -72.2885832,
              43.7004691
            ],
            [
              -72.2885712,
              43.7005325
            ],
            [
              -72.2885602,
              43.7005348
            ],
            [
              -72.2885497,
              43.7007285
            ],
            [
              -72.2886521,
              43.7007339
            ],
            [
              -72.288649,
              43.7007592
            ],
            [
              -72.2887159,
              43.7007619
            ],
            [
              -72.2887175,
              43.7007382
            ],
            [
              -72.2888252,
              43.7007425
            ]
          ]
        ]
      },
      "id": "way/264994646"
    },
    {
      "type": "Feature",
      "properties": {
        "@id": "way/264994650",
        "addr:city": "Hanover",
        "addr:housenumber": "50",
        "addr:postcode": "03755",
        "addr:state": "NH",
        "addr:street": "South Main Street",
        "amenity": "post_office",
        "building": "yes",
        "check_date": "2026-06-12",
        "fax": "+1-603-643-6324",
        "gnis:feature_id": "1916579",
        "name": "Hanover Post Office",
        "opening_hours": "Mo-Fr 08:30-17:00; Sa 08:30-12:00",
        "operator": "United States Postal Service",
        "operator:short": "USPS",
        "operator:type": "public",
        "operator:website": "https://www.usps.com",
        "operator:wikidata": "Q668687",
        "operator:wikipedia": "en:United States Postal Service",
        "phone": "+1-603-643-5201",
        "short_name": "USPS",
        "website": "https://tools.usps.com/locations/details/1366161"
      },
      "geometry": {
        "type": "Polygon",
        "coordinates": [
          [
            [
              -72.2892874,
              43.7007476
            ],
            [
              -72.2893159,
              43.7005764
            ],
            [
              -72.2892871,
              43.7005739
            ],
            [
              -72.2893099,
              43.7004378
            ],
            [
              -72.2892844,
              43.7004356
            ],
            [
              -72.2892904,
              43.7004008
            ],
            [
              -72.2892931,
              43.7003812
            ],
            [
              -72.2892377,
              43.7003772
            ],
            [
              -72.2891959,
              43.7003742
            ],
            [
              -72.2891518,
              43.700371
            ],
            [
              -72.2891259,
              43.7003691
            ],
            [
              -72.2891196,
              43.7004067
            ],
            [
              -72.2890775,
              43.700403
            ],
            [
              -72.2890498,
              43.7004117
            ],
            [
              -72.2890438,
              43.7004482
            ],
            [
              -72.2890407,
              43.7004666
            ],
            [
              -72.2890636,
              43.7004686
            ],
            [
              -72.2890524,
              43.7005363
            ],
            [
              -72.2890092,
              43.7005325
            ],
            [
              -72.2889961,
              43.7006112
            ],
            [
              -72.2889779,
              43.7007206
            ],
            [
              -72.2892874,
              43.7007476
            ]
          ]
        ]
      },
      "id": "way/264994650"
    },
    {
      "type": "Feature",
      "properties": {
        "@id": "way/264994810",
        "addr:city": "Hanover",
        "addr:housenumber": "6",
        "addr:postcode": "03755",
        "addr:state": "NH",
        "addr:street": "South Street",
        "building": "yes",
        "email": "info@sixsouth.com",
        "internet_access": "wlan",
        "internet_access:fee": "no",
        "name": "Six South Street Hotel",
        "phone": "+1-603-643-0600",
        "smoking": "no",
        "tourism": "hotel",
        "website": "https://www.sixsouth.com/"
      },
      "geometry": {
        "type": "Polygon",
        "coordinates": [
          [
            [
              -72.2889705,
              43.7001712
            ],
            [
              -72.2883362,
              43.7001184
            ],
            [
              -72.2883095,
              43.7002861
            ],
            [
              -72.2889438,
              43.700339
            ],
            [
              -72.2889705,
              43.7001712
            ]
          ]
        ]
      },
      "id": "way/264994810"
    },
    {
      "type": "Feature",
      "properties": {
        "@id": "way/265141480",
        "addr:city": "Hanover",
        "addr:housenumber": "63",
        "addr:postcode": "03755",
        "addr:state": "NH",
        "addr:street": "South Main Street",
        "building": "commercial"
      },
      "geometry": {
        "type": "Polygon",
        "coordinates": [
          [
            [
              -72.2896474,
              43.7003499
            ],
            [
              -72.28971,
              43.7003528
            ],
            [
              -72.2902288,
              43.7003885
            ],
            [
              -72.290239,
              43.7003197
            ],
            [
              -72.2901971,
              43.7003165
            ],
            [
              -72.2902066,
              43.7002523
            ],
            [
              -72.2902838,
              43.7002583
            ],
            [
              -72.2903283,
              43.7002617
            ],
            [
              -72.290336,
              43.7002098
            ],
            [
              -72.2902934,
              43.700206
            ],
            [
              -72.2902126,
              43.7001989
            ],
            [
              -72.2902207,
              43.7001447
            ],
            [
              -72.2900797,
              43.7001337
            ],
            [
              -72.2900759,
              43.7001594
            ],
            [
              -72.2897399,
              43.7001332
            ],
            [
              -72.2897373,
              43.7001505
            ],
            [
              -72.2897212,
              43.7001525
            ],
            [
              -72.2896903,
              43.7001631
            ],
            [
              -72.2896702,
              43.7001787
            ],
            [
              -72.2896608,
              43.700199
            ],
            [
              -72.2896474,
              43.7003499
            ]
          ]
        ]
      },
      "id": "way/265141480"
    },
    {
      "type": "Feature",
      "properties": {
        "@id": "way/265141709",
        "addr:city": "Hanover",
        "addr:housenumber": "11",
        "addr:postcode": "03755",
        "addr:state": "NH",
        "addr:street": "Lebanon Street",
        "amenity": "restaurant",
        "building": "yes",
        "check_date": "2026-05-24",
        "cuisine": "indian",
        "delivery": "yes",
        "name": "Jewel of India",
        "opening_hours": "Mo-Su 11:30-14:30,16:30-22:00",
        "phone": "+1-603-643-2217",
        "takeaway": "yes",
        "website": "http://www.jewelofindiahanover.com/"
      },
      "geometry": {
        "type": "Polygon",
        "coordinates": [
          [
            [
              -72.2877898,
              43.7008518
            ],
            [
              -72.2879922,
              43.7008436
            ],
            [
              -72.2879747,
              43.700619
            ],
            [
              -72.2877724,
              43.7006272
            ],
            [
              -72.2877898,
              43.7008518
            ]
          ]
        ]
      },
      "id": "way/265141709"
    },
    {
      "type": "Feature",
      "properties": {
        "@id": "way/265141855",
        "addr:city": "Hanover",
        "addr:housenumber": "15",
        "addr:postcode": "03755",
        "addr:state": "NH",
        "addr:street": "Lebanon Street",
        "amenity": "restaurant",
        "building": "yes",
        "cuisine": "cuban",
        "name": "Little Havana",
        "phone": "+1-838-383-1000"
      },
      "geometry": {
        "type": "Polygon",
        "coordinates": [
          [
            [
              -72.2875162,
              43.7008439
            ],
            [
              -72.2876427,
              43.7008395
            ],
            [
              -72.2876391,
              43.7007863
            ],
            [
              -72.2876533,
              43.7007858
            ],
            [
              -72.2876482,
              43.7006842
            ],
            [
              -72.2876288,
              43.7006849
            ],
            [
              -72.2876273,
              43.700663
            ],
            [
              -72.2875043,
              43.7006674
            ],
            [
              -72.2875162,
              43.7008439
            ]
          ]
        ]
      },
      "id": "way/265141855"
    },
    {
      "type": "Feature",
      "properties": {
        "@id": "way/265141856",
        "addr:city": "Hanover",
        "addr:housenumber": "13",
        "addr:postcode": "03755",
        "addr:state": "NH",
        "addr:street": "Lebanon Street",
        "building": "yes"
      },
      "geometry": {
        "type": "Polygon",
        "coordinates": [
          [
            [
              -72.2876567,
              43.700853
            ],
            [
              -72.2877731,
              43.7008499
            ],
            [
              -72.2877616,
              43.7006232
            ],
            [
              -72.2876452,
              43.7006262
            ],
            [
              -72.2876482,
              43.7006842
            ],
            [
              -72.2876533,
              43.7007858
            ],
            [
              -72.2876567,
              43.700853
            ]
          ]
        ]
      },
      "id": "way/265141856"
    },
    {
      "type": "Feature",
      "properties": {
        "@id": "way/265141857",
        "addr:city": "Hanover",
        "addr:housenumber": "17 1/2",
        "addr:postcode": "03755",
        "addr:state": "NH",
        "addr:street": "Lebanon Street",
        "building": "office",
        "building:levels": "3",
        "name": "Four Seasons | Sotheby's",
        "office": "estate_agent",
        "phone": "+1-603-643-6070",
        "website": "https://www.fourseasonssir.com/real-estate-office/106/hanover"
      },
      "geometry": {
        "type": "Polygon",
        "coordinates": [
          [
            [
              -72.2870417,
              43.7008764
            ],
            [
              -72.2872146,
              43.7008694
            ],
            [
              -72.2872106,
              43.7008436
            ],
            [
              -72.2871992,
              43.7007319
            ],
            [
              -72.2870697,
              43.7007396
            ],
            [
              -72.2870313,
              43.7007419
            ],
            [
              -72.2870417,
              43.7008764
            ]
          ]
        ]
      },
      "id": "way/265141857"
    },
    {
      "type": "Feature",
      "properties": {
        "@id": "way/265141858",
        "addr:city": "Hanover",
        "addr:housenumber": "17",
        "addr:postcode": "03755",
        "addr:state": "NH",
        "addr:street": "Lebanon Street",
        "building": "yes",
        "shop": "vacant"
      },
      "geometry": {
        "type": "Polygon",
        "coordinates": [
          [
            [
              -72.2872106,
              43.7008436
            ],
            [
              -72.2873662,
              43.7008353
            ],
            [
              -72.2873548,
              43.7007236
            ],
            [
              -72.2871992,
              43.7007319
            ],
            [
              -72.2872106,
              43.7008436
            ]
          ]
        ]
      },
      "id": "way/265141858"
    },
    {
      "type": "Feature",
      "properties": {
        "@id": "way/266280213",
        "addr:city": "Hanover",
        "addr:housenumber": "20",
        "addr:postcode": "03755",
        "addr:state": "NH",
        "addr:street": "West Wheelock Street",
        "building": "apartments"
      },
      "geometry": {
        "type": "Polygon",
        "coordinates": [
          [
            [
              -72.2932087,
              43.7023557
            ],
            [
              -72.2932456,
              43.702248
            ],
            [
              -72.2931143,
              43.7022245
            ],
            [
              -72.2931125,
              43.7022297
            ],
            [
              -72.2930444,
              43.7022174
            ],
            [
              -72.2930266,
              43.7022692
            ],
            [
              -72.2931006,
              43.7022824
            ],
            [
              -72.2930832,
              43.7023332
            ],
            [
              -72.2932087,
              43.7023557
            ]
          ]
        ]
      },
      "id": "way/266280213"
    },
    {
      "type": "Feature",
      "properties": {
        "@id": "way/293468158",
        "addr:city": "Hanover",
        "addr:housenumber": "10",
        "addr:postcode": "03755",
        "addr:state": "NH",
        "addr:street": "West Wheelock Street",
        "amenity": "social_centre",
        "building": "university",
        "name": "Sigma Delta",
        "operator": "Dartmouth College"
      },
      "geometry": {
        "type": "Polygon",
        "coordinates": [
          [
            [
              -72.2912724,
              43.70222
            ],
            [
              -72.2912654,
              43.7021034
            ],
            [
              -72.2910224,
              43.7021111
            ],
            [
              -72.2910294,
              43.7022276
            ],
            [
              -72.2912724,
              43.70222
            ]
          ]
        ]
      },
      "id": "way/293468158"
    },
    {
      "type": "Feature",
      "properties": {
        "@id": "way/293472006",
        "addr:city": "Hanover",
        "addr:housenumber": "9",
        "addr:postcode": "03755",
        "addr:state": "NH",
        "addr:street": "West Wheelock Street",
        "amenity": "place_of_worship",
        "building": "yes",
        "denomination": "episcopal",
        "ele": "157",
        "email": "saint.thomas.hanover@gmail.com",
        "gnis:feature_id": "1916804",
        "name": "Saint Thomas Episcopal Church",
        "phone": "+1-603-643-4155",
        "religion": "christian",
        "website": "https://www.saintthomashanover.org/"
      },
      "geometry": {
        "type": "Polygon",
        "coordinates": [
          [
            [
              -72.2911774,
              43.702742
            ],
            [
              -72.2911754,
              43.7026028
            ],
            [
              -72.2908125,
              43.7026054
            ],
            [
              -72.2908144,
              43.7027447
            ],
            [
              -72.2911774,
              43.702742
            ]
          ]
        ]
      },
      "id": "way/293472006"
    },
    {
      "type": "Feature",
      "properties": {
        "@id": "way/294234145",
        "access": "yes",
        "addr:city": "Hanover",
        "addr:housenumber": "16",
        "addr:postcode": "03755",
        "addr:state": "NH",
        "addr:street": "School Street",
        "amenity": "parking",
        "building": "parking",
        "capacity": "64",
        "fee": "yes",
        "name": "63 South Main Street Parking Deck",
        "parking": "multi-storey",
        "payment:cash": "yes",
        "payment:coins": "yes",
        "payment:contactless": "yes",
        "payment:credit_cards": "yes",
        "payment:debit_cards": "yes",
        "surface": "paved"
      },
      "geometry": {
        "type": "Polygon",
        "coordinates": [
          [
            [
              -72.2912281,
              43.7003545
            ],
            [
              -72.2912358,
              43.7002995
            ],
            [
              -72.2912418,
              43.7002563
            ],
            [
              -72.2912525,
              43.7001803
            ],
            [
              -72.2907126,
              43.7001409
            ],
            [
              -72.2907026,
              43.7002127
            ],
            [
              -72.2906964,
              43.7002572
            ],
            [
              -72.2906945,
              43.7002704
            ],
            [
              -72.2906883,
              43.7003151
            ],
            [
              -72.2912281,
              43.7003545
            ]
          ]
        ]
      },
      "id": "way/294234145"
    },
    {
      "type": "Feature",
      "properties": {
        "@id": "way/295768758",
        "addr:city": "Hanover",
        "addr:housenumber": "3",
        "addr:postcode": "03755",
        "addr:state": "NH",
        "addr:street": "Vox Lane",
        "building": "university",
        "name": "Hallgarten Hall"
      },
      "geometry": {
        "type": "Polygon",
        "coordinates": [
          [
            [
              -72.2862278,
              43.7022514
            ],
            [
              -72.2860639,
              43.702279
            ],
            [
              -72.2861008,
              43.7023933
            ],
            [
              -72.2861484,
              43.7023853
            ],
            [
              -72.2861548,
              43.7024052
            ],
            [
              -72.2862207,
              43.7023941
            ],
            [
              -72.2862148,
              43.7023758
            ],
            [
              -72.2862652,
              43.7023673
            ],
            [
              -72.2862278,
              43.7022514
            ]
          ]
        ]
      },
      "id": "way/295768758"
    },
    {
      "type": "Feature",
      "properties": {
        "@id": "way/295888763",
        "addr:city": "Hanover",
        "addr:housenumber": "1",
        "addr:postcode": "03755",
        "addr:state": "NH",
        "addr:street": "Rope Ferry Road",
        "building": "university"
      },
      "geometry": {
        "type": "Polygon",
        "coordinates": [
          [
            [
              -72.2876616,
              43.7085005
            ],
            [
              -72.2878251,
              43.7083015
            ],
            [
              -72.2877671,
              43.7082766
            ],
            [
              -72.287743,
              43.7082662
            ],
            [
              -72.2877527,
              43.7082543
            ],
            [
              -72.2877338,
              43.7082462
            ],
            [
              -72.2877253,
              43.7082566
            ],
            [
              -72.2876461,
              43.7082227
            ],
            [
              -72.2876249,
              43.7082486
            ],
            [
              -72.2875678,
              43.7083185
            ],
            [
              -72.2875523,
              43.708337
            ],
            [
              -72.2876163,
              43.7083645
            ],
            [
              -72.2875455,
              43.7084506
            ],
            [
              -72.2876616,
              43.7085005
            ]
          ]
        ]
      },
      "id": "way/295888763"
    },
    {
      "type": "Feature",
      "properties": {
        "@id": "way/295888764",
        "addr:city": "Hanover",
        "addr:housenumber": "11",
        "addr:postcode": "03755",
        "addr:state": "NH",
        "addr:street": "Rope Ferry Road",
        "building": "university"
      },
      "geometry": {
        "type": "Polygon",
        "coordinates": [
          [
            [
              -72.2867988,
              43.709024
            ],
            [
              -72.2866901,
              43.7089759
            ],
            [
              -72.2866863,
              43.7089803
            ],
            [
              -72.2866324,
              43.7090439
            ],
            [
              -72.286612,
              43.7090679
            ],
            [
              -72.2865551,
              43.7090427
            ],
            [
              -72.2865222,
              43.7090808
            ],
            [
              -72.2865713,
              43.7091025
            ],
            [
              -72.2865199,
              43.7091631
            ],
            [
              -72.2866327,
              43.7092131
            ],
            [
              -72.2866996,
              43.7091343
            ],
            [
              -72.286729,
              43.7091473
            ],
            [
              -72.2867524,
              43.7091196
            ],
            [
              -72.2867272,
              43.7091084
            ],
            [
              -72.2867988,
              43.709024
            ]
          ]
        ]
      },
      "id": "way/295888764"
    },
    {
      "type": "Feature",
      "properties": {
        "@id": "way/295888765",
        "addr:city": "Hanover",
        "addr:housenumber": "3",
        "addr:postcode": "03755",
        "addr:state": "NH",
        "addr:street": "Rope Ferry Road",
        "building": "university"
      },
      "geometry": {
        "type": "Polygon",
        "coordinates": [
          [
            [
              -72.2875678,
              43.7083185
            ],
            [
              -72.2876249,
              43.7082486
            ],
            [
              -72.2875317,
              43.7082088
            ],
            [
              -72.2875577,
              43.708177
            ],
            [
              -72.2875498,
              43.7081557
            ],
            [
              -72.2874646,
              43.7081228
            ],
            [
              -72.2874357,
              43.7081265
            ],
            [
              -72.2873796,
              43.7081951
            ],
            [
              -72.287353,
              43.7081838
            ],
            [
              -72.2873413,
              43.7081788
            ],
            [
              -72.2873251,
              43.7081987
            ],
            [
              -72.2873091,
              43.7082182
            ],
            [
              -72.2873269,
              43.7082258
            ],
            [
              -72.2872504,
              43.7083195
            ],
            [
              -72.287281,
              43.7083325
            ],
            [
              -72.2872667,
              43.7083501
            ],
            [
              -72.2873181,
              43.7083726
            ],
            [
              -72.2873305,
              43.7083574
            ],
            [
              -72.2873768,
              43.7083772
            ],
            [
              -72.2874618,
              43.7082732
            ],
            [
              -72.2875178,
              43.7082971
            ],
            [
              -72.2875678,
              43.7083185
            ]
          ]
        ]
      },
      "id": "way/295888765"
    },
    {
      "type": "Feature",
      "properties": {
        "@id": "way/295888771",
        "addr:city": "Hanover",
        "addr:housenumber": "7",
        "addr:postcode": "03755",
        "addr:state": "NH",
        "addr:street": "Lebanon Street",
        "building": "commercial"
      },
      "geometry": {
        "type": "Polygon",
        "coordinates": [
          [
            [
              -72.2885087,
              43.7007356
            ],
            [
              -72.2885501,
              43.7004665
            ],
            [
              -72.2885117,
              43.7004631
            ],
            [
              -72.2885242,
              43.7003777
            ],
            [
              -72.2881301,
              43.7003451
            ],
            [
              -72.2881119,
              43.7004874
            ],
            [
              -72.288144,
              43.7004896
            ],
            [
              -72.2882753,
              43.7004984
            ],
            [
              -72.2882526,
              43.7006202
            ],
            [
              -72.2882332,
              43.7006376
            ],
            [
              -72.2882132,
              43.7006555
            ],
            [
              -72.2880527,
              43.7006649
            ],
            [
              -72.2880252,
              43.7006665
            ],
            [
              -72.2880497,
              43.700834
            ],
            [
              -72.288383,
              43.7008158
            ],
            [
              -72.2883793,
              43.7007616
            ],
            [
              -72.2883978,
              43.700745
            ],
            [
              -72.2884168,
              43.7007281
            ],
            [
              -72.2885087,
              43.7007356
            ]
          ]
        ]
      },
      "id": "way/295888771"
    },
    {
      "type": "Feature",
      "properties": {
        "@id": "way/295888783",
        "addr:city": "Hanover",
        "addr:housenumber": "3",
        "addr:postcode": "03755",
        "addr:state": "NH",
        "addr:street": "Wentworth Street",
        "amenity": "library",
        "building": "university",
        "name": "Baker Library",
        "operator": "Dartmouth College"
      },
      "geometry": {
        "type": "Polygon",
        "coordinates": [
          [
            [
              -72.2891091,
              43.704874
            ],
            [
              -72.2890661,
              43.7048745
            ],
            [
              -72.2889954,
              43.7048754
            ],
            [
              -72.2889169,
              43.7048748
            ],
            [
              -72.2889171,
              43.7049071
            ],
            [
              -72.2889183,
              43.7050784
            ],
            [
              -72.2887161,
              43.705079
            ],
            [
              -72.288716,
              43.7050538
            ],
            [
              -72.2886385,
              43.7050536
            ],
            [
              -72.2886382,
              43.7050824
            ],
            [
              -72.2884124,
              43.7050883
            ],
            [
              -72.2884043,
              43.7048964
            ],
            [
              -72.2882085,
              43.7049061
            ],
            [
              -72.2882192,
              43.7050845
            ],
            [
              -72.2881888,
              43.7050872
            ],
            [
              -72.2881886,
              43.7051031
            ],
            [
              -72.2881881,
              43.7051456
            ],
            [
              -72.2881875,
              43.7051896
            ],
            [
              -72.2882288,
              43.7051899
            ],
            [
              -72.2882403,
              43.7053734
            ],
            [
              -72.2883787,
              43.7053694
            ],
            [
              -72.2883868,
              43.7055367
            ],
            [
              -72.2889492,
              43.7055281
            ],
            [
              -72.2889481,
              43.7053626
            ],
            [
              -72.2891221,
              43.705362
            ],
            [
              -72.2891178,
              43.7051768
            ],
            [
              -72.2891461,
              43.7051764
            ],
            [
              -72.2891453,
              43.7051369
            ],
            [
              -72.2891441,
              43.7050726
            ],
            [
              -72.2891109,
              43.7050729
            ],
            [
              -72.2891091,
              43.704874
            ]
          ]
        ]
      },
      "id": "way/295888783"
    },
    {
      "type": "Feature",
      "properties": {
        "@id": "way/295888784",
        "addr:city": "Hanover",
        "addr:housenumber": "25",
        "addr:postcode": "03755",
        "addr:state": "NH",
        "addr:street": "North Main Street",
        "amenity": "library",
        "building": "university",
        "name": "Berry Library",
        "operator": "Dartmouth College",
        "wheelchair": "yes"
      },
      "geometry": {
        "type": "Polygon",
        "coordinates": [
          [
            [
              -72.2889492,
              43.7055281
            ],
            [
              -72.2883868,
              43.7055367
            ],
            [
              -72.2883837,
              43.7056109
            ],
            [
              -72.2883595,
              43.7056078
            ],
            [
              -72.288357,
              43.7056942
            ],
            [
              -72.2882349,
              43.7056761
            ],
            [
              -72.2882322,
              43.7056955
            ],
            [
              -72.2882128,
              43.705694
            ],
            [
              -72.2881906,
              43.7058012
            ],
            [
              -72.288848,
              43.7059031
            ],
            [
              -72.2888448,
              43.7058413
            ],
            [
              -72.2889029,
              43.7057771
            ],
            [
              -72.2889755,
              43.705776
            ],
            [
              -72.2889764,
              43.7057547
            ],
            [
              -72.2890359,
              43.7057503
            ],
            [
              -72.2890354,
              43.7056774
            ],
            [
              -72.2889901,
              43.7056535
            ],
            [
              -72.2889813,
              43.7056016
            ],
            [
              -72.2889469,
              43.7055973
            ],
            [
              -72.2889496,
              43.7055811
            ],
            [
              -72.2889492,
              43.7055281
            ]
          ]
        ]
      },
      "id": "way/295888784"
    },
    {
      "type": "Feature",
      "properties": {
        "@id": "way/295888785",
        "addr:city": "Hanover",
        "addr:housenumber": "23",
        "addr:postcode": "03755",
        "addr:state": "NH",
        "addr:street": "North Main Street",
        "building": "university",
        "ele": "163",
        "gnis:feature_id": "1916473",
        "import_uuid": "gnis.57871b70-0100-4405-bb30-88b2e001a944",
        "name": "Carpenter Hall",
        "source": "USGS Geonames"
      },
      "geometry": {
        "type": "Polygon",
        "coordinates": [
          [
            [
              -72.2889481,
              43.7053626
            ],
            [
              -72.2889492,
              43.7055281
            ],
            [
              -72.2889496,
              43.7055811
            ],
            [
              -72.2892061,
              43.7055801
            ],
            [
              -72.2892067,
              43.7056596
            ],
            [
              -72.2894115,
              43.7056588
            ],
            [
              -72.2894109,
              43.7055653
            ],
            [
              -72.2894443,
              43.7055652
            ],
            [
              -72.2894436,
              43.7054545
            ],
            [
              -72.2894097,
              43.7054546
            ],
            [
              -72.2894091,
              43.7053609
            ],
            [
              -72.2891221,
              43.705362
            ],
            [
              -72.2889481,
              43.7053626
            ]
          ]
        ]
      },
      "id": "way/295888785"
    },
    {
      "type": "Feature",
      "properties": {
        "@id": "way/295888786",
        "addr:city": "Hanover",
        "addr:housenumber": "27",
        "addr:postcode": "03755",
        "addr:state": "NH",
        "addr:street": "North Main Street",
        "building": "university",
        "name": "Carson Hall"
      },
      "geometry": {
        "type": "Polygon",
        "coordinates": [
          [
            [
              -72.288848,
              43.7059031
            ],
            [
              -72.2892676,
              43.7058929
            ],
            [
              -72.2893153,
              43.7059062
            ],
            [
              -72.2893169,
              43.7058655
            ],
            [
              -72.2893153,
              43.7057467
            ],
            [
              -72.2890359,
              43.7057503
            ],
            [
              -72.2889764,
              43.7057547
            ],
            [
              -72.2889755,
              43.705776
            ],
            [
              -72.2889029,
              43.7057771
            ],
            [
              -72.2888448,
              43.7058413
            ],
            [
              -72.288848,
              43.7059031
            ]
          ]
        ]
      },
      "id": "way/295888786"
    },
    {
      "type": "Feature",
      "properties": {
        "@id": "way/295951349",
        "addr:city": "Hanover",
        "addr:housenumber": "2",
        "addr:postcode": "03755",
        "addr:state": "NH",
        "addr:street": "Crosby Street",
        "building": "university",
        "name": "Floren Varsity House"
      },
      "geometry": {
        "type": "Polygon",
        "coordinates": [
          [
            [
              -72.2836348,
              43.7018555
            ],
            [
              -72.2834266,
              43.7011712
            ],
            [
              -72.2833015,
              43.7011908
            ],
            [
              -72.2833091,
              43.7012143
            ],
            [
              -72.2832416,
              43.701225
            ],
            [
              -72.2834389,
              43.7018786
            ],
            [
              -72.2834738,
              43.7018731
            ],
            [
              -72.2834876,
              43.7019187
            ],
            [
              -72.2835895,
              43.7019026
            ],
            [
              -72.283578,
              43.7018644
            ],
            [
              -72.2836348,
              43.7018555
            ]
          ]
        ]
      },
      "id": "way/295951349"
    },
    {
      "type": "Feature",
      "properties": {
        "@id": "way/295951351",
        "addr:city": "Hanover",
        "addr:housenumber": "6",
        "addr:postcode": "03755",
        "addr:state": "NH",
        "addr:street": "Vox Lane",
        "building": "university",
        "name": "McKenzie Substation",
        "power": "substation"
      },
      "geometry": {
        "type": "Polygon",
        "coordinates": [
          [
            [
              -72.2859604,
              43.7015942
            ],
            [
              -72.2859344,
              43.7015026
            ],
            [
              -72.2856676,
              43.7015422
            ],
            [
              -72.2856936,
              43.7016338
            ],
            [
              -72.2859604,
              43.7015942
            ]
          ]
        ]
      },
      "id": "way/295951351"
    },
    {
      "type": "Feature",
      "properties": {
        "@id": "way/295951352",
        "addr:city": "Hanover",
        "addr:housenumber": "3",
        "addr:postcode": "03755",
        "addr:state": "NH",
        "addr:street": "Crosby Street",
        "building": "university",
        "generator:source": "diesel",
        "name": "McKenzie Emergency Diesel Generator",
        "power": "generator"
      },
      "geometry": {
        "type": "Polygon",
        "coordinates": [
          [
            [
              -72.2859285,
              43.7013452
            ],
            [
              -72.2859091,
              43.701269
            ],
            [
              -72.2858059,
              43.7012827
            ],
            [
              -72.2858253,
              43.7013589
            ],
            [
              -72.2859285,
              43.7013452
            ]
          ]
        ]
      },
      "id": "way/295951352"
    },
    {
      "type": "Feature",
      "properties": {
        "@id": "way/296375896",
        "addr:city": "Hanover",
        "addr:housenumber": "74",
        "addr:postcode": "03755",
        "addr:state": "NH",
        "addr:street": "College Street",
        "building": "university",
        "name": "Chilcott Auditorium"
      },
      "geometry": {
        "type": "Polygon",
        "coordinates": [
          [
            [
              -72.2846756,
              43.7088133
            ],
            [
              -72.2847883,
              43.7086556
            ],
            [
              -72.2846508,
              43.7086812
            ],
            [
              -72.2845815,
              43.7087782
            ],
            [
              -72.2846756,
              43.7088133
            ]
          ]
        ]
      },
      "id": "way/296375896"
    },
    {
      "type": "Feature",
      "properties": {
        "@id": "way/297469038",
        "addr:city": "Hanover",
        "addr:housenumber": "47",
        "addr:postcode": "03755",
        "addr:state": "NH",
        "addr:street": "Dewey Field Road",
        "building": "industrial"
      },
      "geometry": {
        "type": "Polygon",
        "coordinates": [
          [
            [
              -72.2861963,
              43.7083119
            ],
            [
              -72.2863971,
              43.7080818
            ],
            [
              -72.2862577,
              43.7080237
            ],
            [
              -72.2860697,
              43.7082531
            ],
            [
              -72.2861963,
              43.7083119
            ]
          ]
        ]
      },
      "id": "way/297469038"
    },
    {
      "type": "Feature",
      "properties": {
        "@id": "way/298244785",
        "addr:city": "Hanover",
        "addr:housenumber": "18",
        "addr:postcode": "03755",
        "addr:state": "NH",
        "addr:street": "North Park Street",
        "building": "dormitory"
      },
      "geometry": {
        "type": "Polygon",
        "coordinates": [
          [
            [
              -72.2832204,
              43.706174
            ],
            [
              -72.2834147,
              43.7061496
            ],
            [
              -72.2834124,
              43.70614
            ],
            [
              -72.2834531,
              43.7061349
            ],
            [
              -72.283431,
              43.7060433
            ],
            [
              -72.2834192,
              43.7060448
            ],
            [
              -72.2834154,
              43.7060289
            ],
            [
              -72.2832185,
              43.7060537
            ],
            [
              -72.2832219,
              43.7060681
            ],
            [
              -72.2832019,
              43.7060706
            ],
            [
              -72.2832071,
              43.7060919
            ],
            [
              -72.2832008,
              43.7060927
            ],
            [
              -72.2832204,
              43.706174
            ]
          ]
        ]
      },
      "id": "way/298244785"
    },
    {
      "type": "Feature",
      "properties": {
        "@id": "way/298244786",
        "addr:city": "Hanover",
        "addr:housenumber": "24",
        "addr:postcode": "03755",
        "addr:state": "NH",
        "addr:street": "North Park Street",
        "building": "dormitory"
      },
      "geometry": {
        "type": "Polygon",
        "coordinates": [
          [
            [
              -72.2835962,
              43.7069181
            ],
            [
              -72.2835939,
              43.7069085
            ],
            [
              -72.2836346,
              43.7069034
            ],
            [
              -72.2836125,
              43.7068118
            ],
            [
              -72.2836007,
              43.7068133
            ],
            [
              -72.2835969,
              43.7067974
            ],
            [
              -72.2833999,
              43.7068222
            ],
            [
              -72.2834034,
              43.7068366
            ],
            [
              -72.2833834,
              43.7068391
            ],
            [
              -72.2833885,
              43.7068605
            ],
            [
              -72.2833823,
              43.7068612
            ],
            [
              -72.2834019,
              43.7069425
            ],
            [
              -72.2835962,
              43.7069181
            ]
          ]
        ]
      },
      "id": "way/298244786"
    },
    {
      "type": "Feature",
      "properties": {
        "@id": "way/298417216",
        "addr:city": "Hanover",
        "addr:housenumber": "5",
        "addr:postcode": "03755",
        "addr:state": "NH",
        "addr:street": "Fayerweather Hill Road",
        "building": "dormitory",
        "name": "South Fayerweather Hall"
      },
      "geometry": {
        "type": "Polygon",
        "coordinates": [
          [
            [
              -72.2861828,
              43.7035799
            ],
            [
              -72.2864612,
              43.7035762
            ],
            [
              -72.2864588,
              43.7034802
            ],
            [
              -72.2865187,
              43.7034794
            ],
            [
              -72.2865147,
              43.7033253
            ],
            [
              -72.2863877,
              43.703327
            ],
            [
              -72.2863722,
              43.7033204
            ],
            [
              -72.286324,
              43.7033204
            ],
            [
              -72.2863049,
              43.7033276
            ],
            [
              -72.2861764,
              43.7033294
            ],
            [
              -72.2861828,
              43.7035799
            ]
          ]
        ]
      },
      "id": "way/298417216"
    },
    {
      "type": "Feature",
      "properties": {
        "@id": "way/298417217",
        "addr:city": "Hanover",
        "addr:housenumber": "10",
        "addr:postcode": "03755",
        "addr:state": "NH",
        "addr:street": "Maynard Street",
        "building": "dormitory",
        "building:levels": "4",
        "building:levels:underground": "1",
        "name": "Bildner Hall",
        "wheelchair": "yes"
      },
      "geometry": {
        "type": "Polygon",
        "coordinates": [
          [
            [
              -72.2860957,
              43.7071317
            ],
            [
              -72.2860367,
              43.7070959
            ],
            [
              -72.2860091,
              43.7070789
            ],
            [
              -72.2859233,
              43.707152
            ],
            [
              -72.2857721,
              43.7072808
            ],
            [
              -72.2857797,
              43.7072854
            ],
            [
              -72.2858612,
              43.7073354
            ],
            [
              -72.2859057,
              43.7073627
            ],
            [
              -72.2860124,
              43.7072718
            ],
            [
              -72.2860503,
              43.7072951
            ],
            [
              -72.2860843,
              43.7072661
            ],
            [
              -72.2861323,
              43.7072251
            ],
            [
              -72.2860855,
              43.7071964
            ],
            [
              -72.2861339,
              43.7071552
            ],
            [
              -72.2860957,
              43.7071317
            ]
          ]
        ]
      },
      "id": "way/298417217"
    },
    {
      "type": "Feature",
      "properties": {
        "@id": "way/298417218",
        "addr:city": "Hanover",
        "addr:housenumber": "10",
        "addr:postcode": "03755",
        "addr:state": "NH",
        "addr:street": "Maynard Street",
        "building": "dormitory",
        "building:levels": "4",
        "building:levels:underground": "1",
        "name": "Rauner Hall",
        "wheelchair": "yes"
      },
      "geometry": {
        "type": "Polygon",
        "coordinates": [
          [
            [
              -72.2858273,
              43.7073723
            ],
            [
              -72.2858612,
              43.7073354
            ],
            [
              -72.2857797,
              43.7072854
            ],
            [
              -72.2857322,
              43.7073197
            ],
            [
              -72.2857015,
              43.7072943
            ],
            [
              -72.2856185,
              43.7073389
            ],
            [
              -72.2856072,
              43.70734
            ],
            [
              -72.2855704,
              43.7073672
            ],
            [
              -72.2856421,
              43.7074246
            ],
            [
              -72.2856575,
              43.7074191
            ],
            [
              -72.2858934,
              43.7076021
            ],
            [
              -72.2859478,
              43.7075752
            ],
            [
              -72.2859718,
              43.7075873
            ],
            [
              -72.2860255,
              43.7075526
            ],
            [
              -72.2860074,
              43.7075398
            ],
            [
              -72.2860446,
              43.7075131
            ],
            [
              -72.2860161,
              43.7074882
            ],
            [
              -72.2859974,
              43.7074936
            ],
            [
              -72.2858273,
              43.7073723
            ]
          ]
        ]
      },
      "id": "way/298417218"
    },
    {
      "type": "Feature",
      "properties": {
        "@id": "way/464030136",
        "addr:city": "Hanover",
        "addr:housenumber": "6",
        "addr:postcode": "03755",
        "addr:state": "NH",
        "addr:street": "Massachusetts Row",
        "building": "university",
        "name": "Sarner Underground"
      },
      "geometry": {
        "type": "Polygon",
        "coordinates": [
          [
            [
              -72.2912024,
              43.7028121
            ],
            [
              -72.2907403,
              43.7028216
            ],
            [
              -72.2907421,
              43.7029643
            ],
            [
              -72.2912084,
              43.702958
            ],
            [
              -72.2912024,
              43.7028121
            ]
          ]
        ]
      },
      "id": "way/464030136"
    },
    {
      "type": "Feature",
      "properties": {
        "@id": "way/543822430",
        "addr:city": "Hanover",
        "addr:housenumber": "12",
        "addr:postcode": "03755",
        "addr:state": "NH",
        "addr:street": "Crosby Street",
        "building": "university",
        "name": "House Center A"
      },
      "geometry": {
        "type": "Polygon",
        "coordinates": [
          [
            [
              -72.2852924,
              43.702489
            ],
            [
              -72.2851941,
              43.702278
            ],
            [
              -72.2849319,
              43.7023418
            ],
            [
              -72.2850303,
              43.7025529
            ],
            [
              -72.2852924,
              43.702489
            ]
          ]
        ]
      },
      "id": "way/543822430"
    },
    {
      "type": "Feature",
      "properties": {
        "@id": "way/547813919",
        "building": "commercial"
      },
      "geometry": {
        "type": "Polygon",
        "coordinates": [
          [
            [
              -72.2892337,
              43.7011483
            ],
            [
              -72.2892491,
              43.7009444
            ],
            [
              -72.2889705,
              43.7009308
            ],
            [
              -72.288803,
              43.7009425
            ],
            [
              -72.2887923,
              43.7010565
            ],
            [
              -72.2887865,
              43.7011203
            ],
            [
              -72.2887824,
              43.7011644
            ],
            [
              -72.2888349,
              43.7011614
            ],
            [
              -72.2889038,
              43.7011575
            ],
            [
              -72.2889055,
              43.7011365
            ],
            [
              -72.2892337,
              43.7011483
            ]
          ]
        ]
      },
      "id": "way/547813919"
    },
    {
      "type": "Feature",
      "properties": {
        "@id": "way/547814927",
        "addr:city": "Hanover",
        "addr:housenumber": "38",
        "addr:postcode": "03755",
        "addr:state": "NH",
        "addr:street": "South Main Street",
        "building": "commercial",
        "building:levels": "3"
      },
      "geometry": {
        "type": "Polygon",
        "coordinates": [
          [
            [
              -72.2892486,
              43.701315
            ],
            [
              -72.289257,
              43.7012183
            ],
            [
              -72.2888933,
              43.7012018
            ],
            [
              -72.2888908,
              43.7012302
            ],
            [
              -72.2889084,
              43.701231
            ],
            [
              -72.288902,
              43.7013053
            ],
            [
              -72.2890335,
              43.7013112
            ],
            [
              -72.2890352,
              43.7012911
            ],
            [
              -72.2891075,
              43.7012944
            ],
            [
              -72.2891062,
              43.7013085
            ],
            [
              -72.2892486,
              43.701315
            ]
          ]
        ]
      },
      "id": "way/547814927"
    },
    {
      "type": "Feature",
      "properties": {
        "@id": "way/547976611",
        "building": "yes",
        "name": "Currier Block"
      },
      "geometry": {
        "type": "Polygon",
        "coordinates": [
          [
            [
              -72.2891928,
              43.7017577
            ],
            [
              -72.2892132,
              43.7013661
            ],
            [
              -72.2889024,
              43.7013577
            ],
            [
              -72.2889007,
              43.7013917
            ],
            [
              -72.2888993,
              43.7014179
            ],
            [
              -72.2890097,
              43.701422
            ],
            [
              -72.2890082,
              43.7015034
            ],
            [
              -72.288927,
              43.7015006
            ],
            [
              -72.2889281,
              43.7014706
            ],
            [
              -72.2888648,
              43.7014701
            ],
            [
              -72.2888417,
              43.7014699
            ],
            [
              -72.2888348,
              43.7016144
            ],
            [
              -72.2888923,
              43.7016158
            ],
            [
              -72.2888912,
              43.7016382
            ],
            [
              -72.2888615,
              43.7016375
            ],
            [
              -72.2888604,
              43.7016617
            ],
            [
              -72.2888739,
              43.7016802
            ],
            [
              -72.2888911,
              43.7016804
            ],
            [
              -72.2888896,
              43.7017283
            ],
            [
              -72.2889618,
              43.7017308
            ],
            [
              -72.2889944,
              43.7017319
            ],
            [
              -72.2890245,
              43.7017531
            ],
            [
              -72.2891928,
              43.7017577
            ]
          ]
        ]
      },
      "id": "way/547976611"
    },
    {
      "type": "Feature",
      "properties": {
        "@id": "way/548054953",
        "addr:city": "Hanover",
        "addr:housenumber": "7",
        "addr:postcode": "03755",
        "addr:state": "NH",
        "addr:street": "School Street",
        "building": "house",
        "name": "School Faculty House",
        "operator": "Dartmouth College"
      },
      "geometry": {
        "type": "Polygon",
        "coordinates": [
          [
            [
              -72.2917922,
              43.7013413
            ],
            [
              -72.2919001,
              43.7013402
            ],
            [
              -72.2918988,
              43.7012704
            ],
            [
              -72.2918509,
              43.7012709
            ],
            [
              -72.2918505,
              43.7012496
            ],
            [
              -72.2917927,
              43.7012502
            ],
            [
              -72.2917925,
              43.7012374
            ],
            [
              -72.2918035,
              43.7012373
            ],
            [
              -72.2918025,
              43.7011863
            ],
            [
              -72.2917067,
              43.7011872
            ],
            [
              -72.2917079,
              43.7012529
            ],
            [
              -72.2915933,
              43.701254
            ],
            [
              -72.2915953,
              43.701355
            ],
            [
              -72.2917924,
              43.701353
            ],
            [
              -72.2917922,
              43.7013413
            ]
          ]
        ]
      },
      "id": "way/548054953"
    },
    {
      "type": "Feature",
      "properties": {
        "@id": "way/548054957",
        "addr:city": "Hanover",
        "addr:housenumber": "9",
        "addr:postcode": "03755",
        "addr:state": "NH",
        "addr:street": "School Street",
        "amenity": "social_centre",
        "building": "university",
        "name": "Panarchy"
      },
      "geometry": {
        "type": "Polygon",
        "coordinates": [
          [
            [
              -72.2918171,
              43.7010993
            ],
            [
              -72.2919752,
              43.701109
            ],
            [
              -72.2919856,
              43.7010202
            ],
            [
              -72.2920243,
              43.7010226
            ],
            [
              -72.2920296,
              43.700977
            ],
            [
              -72.2920397,
              43.7009777
            ],
            [
              -72.2920426,
              43.7009533
            ],
            [
              -72.2920293,
              43.7009525
            ],
            [
              -72.2920317,
              43.7009319
            ],
            [
              -72.2917118,
              43.7009122
            ],
            [
              -72.2917011,
              43.7010034
            ],
            [
              -72.2918275,
              43.7010112
            ],
            [
              -72.2918171,
              43.7010993
            ]
          ]
        ]
      },
      "id": "way/548054957"
    },
    {
      "type": "Feature",
      "properties": {
        "@id": "way/548054960",
        "addr:city": "Hanover",
        "addr:housenumber": "12",
        "addr:postcode": "03755",
        "addr:state": "NH",
        "addr:street": "Allen Street",
        "building": "house",
        "name": "Allen Faculty House",
        "operator": "Dartmouth College"
      },
      "geometry": {
        "type": "Polygon",
        "coordinates": [
          [
            [
              -72.2923796,
              43.7013318
            ],
            [
              -72.292373,
              43.7011436
            ],
            [
              -72.2923431,
              43.7011441
            ],
            [
              -72.2923423,
              43.7011214
            ],
            [
              -72.2923478,
              43.7011213
            ],
            [
              -72.2923449,
              43.7010367
            ],
            [
              -72.2922402,
              43.7010386
            ],
            [
              -72.2922471,
              43.7012363
            ],
            [
              -72.2922058,
              43.701237
            ],
            [
              -72.2922092,
              43.7013349
            ],
            [
              -72.2923796,
              43.7013318
            ]
          ]
        ]
      },
      "id": "way/548054960"
    },
    {
      "type": "Feature",
      "properties": {
        "@id": "way/548054961",
        "addr:city": "Hanover",
        "addr:housenumber": "14",
        "addr:postcode": "03755",
        "addr:state": "NH",
        "addr:street": "School Street",
        "alt_name": "The Edge",
        "amenity": "place_of_worship",
        "building": "university",
        "denomination": "episcopal",
        "name": "Edgerton House",
        "religion": "christian"
      },
      "geometry": {
        "type": "Polygon",
        "coordinates": [
          [
            [
              -72.2911344,
              43.7005903
            ],
            [
              -72.2911331,
              43.7006498
            ],
            [
              -72.2912506,
              43.7006511
            ],
            [
              -72.2912515,
              43.7006057
            ],
            [
              -72.2912585,
              43.7006058
            ],
            [
              -72.2912613,
              43.7004724
            ],
            [
              -72.2910868,
              43.7004705
            ],
            [
              -72.2910861,
              43.7005065
            ],
            [
              -72.290999,
              43.7005055
            ],
            [
              -72.2909972,
              43.7005888
            ],
            [
              -72.2911344,
              43.7005903
            ]
          ]
        ]
      },
      "id": "way/548054961"
    },
    {
      "type": "Feature",
      "properties": {
        "@id": "way/548054962",
        "addr:city": "Hanover",
        "addr:housenumber": "4",
        "addr:postcode": "03755",
        "addr:state": "NH",
        "addr:street": "School Street",
        "building": "yes",
        "name": "Consolidated Communications",
        "office": "telecommunication"
      },
      "geometry": {
        "type": "Polygon",
        "coordinates": [
          [
            [
              -72.2910319,
              43.7019142
            ],
            [
              -72.2913072,
              43.7019079
            ],
            [
              -72.2913012,
              43.7017702
            ],
            [
              -72.2912586,
              43.7017711
            ],
            [
              -72.2912574,
              43.7017437
            ],
            [
              -72.2909426,
              43.7017509
            ],
            [
              -72.2909469,
              43.7018901
            ],
            [
              -72.2910307,
              43.7018882
            ],
            [
              -72.2910319,
              43.7019142
            ]
          ]
        ]
      },
      "id": "way/548054962"
    },
    {
      "type": "Feature",
      "properties": {
        "@id": "way/548054963",
        "addr:city": "Hanover",
        "addr:housenumber": "8",
        "addr:postcode": "03755",
        "addr:state": "NH",
        "addr:street": "School Street",
        "building": "house"
      },
      "geometry": {
        "type": "Polygon",
        "coordinates": [
          [
            [
              -72.2912671,
              43.7013718
            ],
            [
              -72.2912657,
              43.7012613
            ],
            [
              -72.2911727,
              43.701262
            ],
            [
              -72.2911725,
              43.701242
            ],
            [
              -72.2911223,
              43.7012423
            ],
            [
              -72.2911232,
              43.7013066
            ],
            [
              -72.2910795,
              43.7013069
            ],
            [
              -72.29108,
              43.7013461
            ],
            [
              -72.2911238,
              43.7013458
            ],
            [
              -72.2911242,
              43.7013727
            ],
            [
              -72.2912671,
              43.7013718
            ]
          ]
        ]
      },
      "id": "way/548054963"
    },
    {
      "type": "Feature",
      "properties": {
        "@id": "way/548057944",
        "addr:city": "Hanover",
        "addr:housenumber": "1",
        "addr:postcode": "03755",
        "addr:state": "NH",
        "addr:street": "Occom Ridge",
        "air_conditioning": "yes",
        "amenity": "social_centre",
        "branch": "Eta Xi",
        "building": "university",
        "name": "Kappa Delta"
      },
      "geometry": {
        "type": "Polygon",
        "coordinates": [
          [
            [
              -72.2930916,
              43.7076367
            ],
            [
              -72.2931089,
              43.707598
            ],
            [
              -72.2931174,
              43.7076
            ],
            [
              -72.2931399,
              43.7075496
            ],
            [
              -72.2931933,
              43.7075621
            ],
            [
              -72.2932439,
              43.707449
            ],
            [
              -72.2932291,
              43.7074456
            ],
            [
              -72.2932556,
              43.7073865
            ],
            [
              -72.2932234,
              43.7073789
            ],
            [
              -72.2932281,
              43.7073685
            ],
            [
              -72.2931091,
              43.7073407
            ],
            [
              -72.2930706,
              43.707427
            ],
            [
              -72.2930505,
              43.7074223
            ],
            [
              -72.2929991,
              43.7075373
            ],
            [
              -72.2929678,
              43.70753
            ],
            [
              -72.2929389,
              43.7075947
            ],
            [
              -72.2929666,
              43.7076012
            ],
            [
              -72.2929641,
              43.7076069
            ],
            [
              -72.2930916,
              43.7076367
            ]
          ]
        ]
      },
      "id": "way/548057944"
    },
    {
      "type": "Feature",
      "properties": {
        "@id": "way/548057945",
        "addr:city": "Hanover",
        "addr:housenumber": "3",
        "addr:postcode": "03755",
        "addr:state": "NH",
        "addr:street": "Occom Ridge",
        "amenity": "social_centre",
        "building": "university",
        "name": "Chi Delta"
      },
      "geometry": {
        "type": "Polygon",
        "coordinates": [
          [
            [
              -72.2926847,
              43.7078099
            ],
            [
              -72.292878,
              43.7076495
            ],
            [
              -72.2928445,
              43.7076284
            ],
            [
              -72.2928261,
              43.7076438
            ],
            [
              -72.2927913,
              43.7076219
            ],
            [
              -72.2927924,
              43.7076133
            ],
            [
              -72.2927665,
              43.7075977
            ],
            [
              -72.2927535,
              43.7075993
            ],
            [
              -72.292727,
              43.707582
            ],
            [
              -72.2926701,
              43.7076277
            ],
            [
              -72.2926594,
              43.7076208
            ],
            [
              -72.2925608,
              43.7077001
            ],
            [
              -72.2926002,
              43.7077257
            ],
            [
              -72.2926021,
              43.7077352
            ],
            [
              -72.2926213,
              43.7077472
            ],
            [
              -72.292638,
              43.7077491
            ],
            [
              -72.2926696,
              43.707769
            ],
            [
              -72.2926481,
              43.7077869
            ],
            [
              -72.2926847,
              43.7078099
            ]
          ]
        ]
      },
      "id": "way/548057945"
    },
    {
      "type": "Feature",
      "properties": {
        "@id": "way/548896471",
        "addr:city": "Hanover",
        "addr:housenumber": "2",
        "addr:postcode": "03755",
        "addr:state": "NH",
        "addr:street": "East Wheelock Street",
        "air_conditioning": "yes",
        "bar": "yes",
        "building": "yes",
        "building:levels": "5",
        "check_date": "2026-03-30",
        "email": "individual.reservations@hanoverinn.com",
        "fax": "+1-603-643-4433",
        "internet_access": "wlan",
        "internet_access:fee": "no",
        "name": "Hanover Inn Dartmouth",
        "operator": "Dartmouth College",
        "phone": "+1-603-643-4300",
        "rooms": "108",
        "smoking": "no",
        "tourism": "hotel",
        "website": "https://www.hanoverinn.com/",
        "wheelchair": "yes",
        "wikidata": "Q56427380"
      },
      "geometry": {
        "type": "Polygon",
        "coordinates": [
          [
            [
              -72.2891609,
              43.7023019
            ],
            [
              -72.2891799,
              43.7020316
            ],
            [
              -72.2891432,
              43.7020313
            ],
            [
              -72.2889792,
              43.7020301
            ],
            [
              -72.2889705,
              43.701978
            ],
            [
              -72.2889012,
              43.7019774
            ],
            [
              -72.2889056,
              43.7018157
            ],
            [
              -72.2889061,
              43.7018005
            ],
            [
              -72.2888479,
              43.7017995
            ],
            [
              -72.2887318,
              43.7018008
            ],
            [
              -72.2887324,
              43.70168
            ],
            [
              -72.2886582,
              43.7016796
            ],
            [
              -72.2886635,
              43.7018333
            ],
            [
              -72.2883253,
              43.7018586
            ],
            [
              -72.2883436,
              43.7020208
            ],
            [
              -72.2883749,
              43.7020194
            ],
            [
              -72.2883823,
              43.7020785
            ],
            [
              -72.2884175,
              43.7020781
            ],
            [
              -72.2884484,
              43.7020777
            ],
            [
              -72.2884506,
              43.7021205
            ],
            [
              -72.2884836,
              43.7021186
            ],
            [
              -72.2884859,
              43.7021538
            ],
            [
              -72.2884684,
              43.7021537
            ],
            [
              -72.2884746,
              43.7022025
            ],
            [
              -72.2884866,
              43.702297
            ],
            [
              -72.2885043,
              43.7022962
            ],
            [
              -72.2885502,
              43.7022941
            ],
            [
              -72.2888155,
              43.7022821
            ],
            [
              -72.2888176,
              43.7023127
            ],
            [
              -72.2888273,
              43.7023479
            ],
            [
              -72.288837,
              43.7023847
            ],
            [
              -72.2889463,
              43.7023789
            ],
            [
              -72.2889478,
              43.702342
            ],
            [
              -72.2889489,
              43.7023144
            ],
            [
              -72.2891609,
              43.7023019
            ]
          ]
        ]
      },
      "id": "way/548896471"
    },
    {
      "type": "Feature",
      "properties": {
        "@id": "way/548896473",
        "addr:city": "Hanover",
        "addr:housenumber": "20",
        "addr:postcode": "03755",
        "addr:state": "NH",
        "addr:street": "South Main Street",
        "building": "yes"
      },
      "geometry": {
        "type": "Polygon",
        "coordinates": [
          [
            [
              -72.2891432,
              43.7020313
            ],
            [
              -72.2891495,
              43.7018636
            ],
            [
              -72.2891845,
              43.7018643
            ],
            [
              -72.2891885,
              43.7017949
            ],
            [
              -72.2889284,
              43.7017891
            ],
            [
              -72.2889064,
              43.7017886
            ],
            [
              -72.2889061,
              43.7018005
            ],
            [
              -72.2889056,
              43.7018157
            ],
            [
              -72.2889012,
              43.7019774
            ],
            [
              -72.2889705,
              43.701978
            ],
            [
              -72.2889792,
              43.7020301
            ],
            [
              -72.2891432,
              43.7020313
            ]
          ]
        ]
      },
      "id": "way/548896473"
    },
    {
      "type": "Feature",
      "properties": {
        "@id": "way/548896483",
        "building": "commercial"
      },
      "geometry": {
        "type": "Polygon",
        "coordinates": [
          [
            [
              -72.2888416,
              43.7013081
            ],
            [
              -72.288831,
              43.7012126
            ],
            [
              -72.2888405,
              43.7012121
            ],
            [
              -72.2888349,
              43.7011614
            ],
            [
              -72.2887824,
              43.7011644
            ],
            [
              -72.2886265,
              43.7011735
            ],
            [
              -72.2886316,
              43.7012197
            ],
            [
              -72.2886226,
              43.7012202
            ],
            [
              -72.2886337,
              43.7013201
            ],
            [
              -72.2888416,
              43.7013081
            ]
          ]
        ]
      },
      "id": "way/548896483"
    },
    {
      "type": "Feature",
      "properties": {
        "@id": "way/548904589",
        "addr:city": "Hanover",
        "addr:housenumber": "2",
        "addr:postcode": "03755",
        "addr:state": "NH",
        "addr:street": "West Wheelock Street",
        "building": "office"
      },
      "geometry": {
        "type": "Polygon",
        "coordinates": [
          [
            [
              -72.2901702,
              43.7023054
            ],
            [
              -72.2901694,
              43.7022891
            ],
            [
              -72.2902136,
              43.7022875
            ],
            [
              -72.2902109,
              43.7021383
            ],
            [
              -72.2901263,
              43.7021404
            ],
            [
              -72.2900249,
              43.7021429
            ],
            [
              -72.2900276,
              43.702198
            ],
            [
              -72.2899995,
              43.7021987
            ],
            [
              -72.290001,
              43.7022312
            ],
            [
              -72.2900263,
              43.7022306
            ],
            [
              -72.2900294,
              43.7022938
            ],
            [
              -72.2900773,
              43.7022926
            ],
            [
              -72.290078,
              43.7023077
            ],
            [
              -72.2901306,
              43.7023064
            ],
            [
              -72.2901702,
              43.7023054
            ]
          ]
        ]
      },
      "id": "way/548904589"
    },
    {
      "type": "Feature",
      "properties": {
        "@id": "way/548904598",
        "addr:city": "Hanover",
        "addr:housenumber": "4",
        "addr:postcode": "03755",
        "addr:state": "NH",
        "addr:street": "West Wheelock Street",
        "building": "yes",
        "name": "Wheelock House"
      },
      "geometry": {
        "type": "Polygon",
        "coordinates": [
          [
            [
              -72.2904418,
              43.7022941
            ],
            [
              -72.2904415,
              43.7022706
            ],
            [
              -72.2905057,
              43.7022702
            ],
            [
              -72.2905042,
              43.7021571
            ],
            [
              -72.2903912,
              43.7021579
            ],
            [
              -72.2903909,
              43.7021392
            ],
            [
              -72.2904127,
              43.702139
            ],
            [
              -72.2904126,
              43.7021339
            ],
            [
              -72.2904241,
              43.7021338
            ],
            [
              -72.2904229,
              43.7020512
            ],
            [
              -72.2903065,
              43.702052
            ],
            [
              -72.2903078,
              43.7021437
            ],
            [
              -72.2903407,
              43.7021435
            ],
            [
              -72.2903409,
              43.7021555
            ],
            [
              -72.29032,
              43.7021556
            ],
            [
              -72.2903215,
              43.7022704
            ],
            [
              -72.290387,
              43.70227
            ],
            [
              -72.2903873,
              43.7022945
            ],
            [
              -72.2904418,
              43.7022941
            ]
          ]
        ]
      },
      "id": "way/548904598"
    },
    {
      "type": "Feature",
      "properties": {
        "@id": "way/548904600",
        "addr:city": "Hanover",
        "addr:housenumber": "8",
        "addr:postcode": "03755",
        "addr:state": "NH",
        "addr:street": "West Wheelock Street",
        "branch": "Lifestyles",
        "brand": "Coldwell Banker",
        "brand:wikidata": "Q738853",
        "building": "office",
        "email": "hanover@cblifestylesre.com",
        "fax": "+1-603-242-1766",
        "name": "Coldwell Banker",
        "office": "estate_agent",
        "phone": "+1-603-643-6406",
        "website": "https://www.cblifestylesre.com/"
      },
      "geometry": {
        "type": "Polygon",
        "coordinates": [
          [
            [
              -72.2908046,
              43.7022571
            ],
            [
              -72.2909612,
              43.7022544
            ],
            [
              -72.2909584,
              43.7021704
            ],
            [
              -72.2910068,
              43.7021695
            ],
            [
              -72.2910038,
              43.7020799
            ],
            [
              -72.2908526,
              43.7020825
            ],
            [
              -72.2908554,
              43.7021665
            ],
            [
              -72.2908017,
              43.7021674
            ],
            [
              -72.2908046,
              43.7022571
            ]
          ]
        ]
      },
      "id": "way/548904600"
    },
    {
      "type": "Feature",
      "properties": {
        "@id": "way/548904604",
        "addr:city": "Hanover",
        "addr:housenumber": "7",
        "addr:postcode": "03755",
        "addr:state": "NH",
        "addr:street": "Allen Street",
        "building": "office",
        "name": "Seven Allen"
      },
      "geometry": {
        "type": "Polygon",
        "coordinates": [
          [
            [
              -72.2907435,
              43.7017207
            ],
            [
              -72.2907432,
              43.7016566
            ],
            [
              -72.2907429,
              43.7015631
            ],
            [
              -72.2907441,
              43.7015528
            ],
            [
              -72.2904871,
              43.7015523
            ],
            [
              -72.2904868,
              43.7016357
            ],
            [
              -72.2904712,
              43.7016357
            ],
            [
              -72.2904711,
              43.7016566
            ],
            [
              -72.2904624,
              43.7016566
            ],
            [
              -72.2904345,
              43.7016566
            ],
            [
              -72.2904344,
              43.7016991
            ],
            [
              -72.2904635,
              43.7016991
            ],
            [
              -72.2904655,
              43.7016991
            ],
            [
              -72.2904775,
              43.7017075
            ],
            [
              -72.2904872,
              43.7017075
            ],
            [
              -72.2904865,
              43.7017598
            ],
            [
              -72.2907417,
              43.7017612
            ],
            [
              -72.2907435,
              43.7017207
            ]
          ]
        ]
      },
      "id": "way/548904604"
    },
    {
      "type": "Feature",
      "properties": {
        "@id": "way/548904605",
        "addr:city": "Hanover",
        "addr:housenumber": "5",
        "addr:postcode": "03755",
        "addr:state": "NH",
        "addr:street": "Allen Street",
        "building": "commercial",
        "name": "Buskey Alley"
      },
      "geometry": {
        "type": "Polygon",
        "coordinates": [
          [
            [
              -72.2902103,
              43.7018951
            ],
            [
              -72.2903521,
              43.701895
            ],
            [
              -72.2903522,
              43.7018767
            ],
            [
              -72.2904306,
              43.7018768
            ],
            [
              -72.290431,
              43.7017597
            ],
            [
              -72.2904344,
              43.7016991
            ],
            [
              -72.2904345,
              43.7016566
            ],
            [
              -72.2904369,
              43.7015697
            ],
            [
              -72.2902121,
              43.7015676
            ],
            [
              -72.2902072,
              43.7015676
            ],
            [
              -72.290205,
              43.7016863
            ],
            [
              -72.2902013,
              43.7018951
            ],
            [
              -72.2902103,
              43.7018951
            ]
          ]
        ]
      },
      "id": "way/548904605"
    },
    {
      "type": "Feature",
      "properties": {
        "@id": "way/548921799",
        "building": "commercial",
        "name": "Musgrove Block"
      },
      "geometry": {
        "type": "Polygon",
        "coordinates": [
          [
            [
              -72.2899355,
              43.7014407
            ],
            [
              -72.289946,
              43.7012853
            ],
            [
              -72.2895603,
              43.7012717
            ],
            [
              -72.2895498,
              43.701427
            ],
            [
              -72.2899355,
              43.7014407
            ]
          ]
        ]
      },
      "id": "way/548921799"
    },
    {
      "type": "Feature",
      "properties": {
        "@id": "way/548921800",
        "building": "commercial"
      },
      "geometry": {
        "type": "Polygon",
        "coordinates": [
          [
            [
              -72.2903464,
              43.7013435
            ],
            [
              -72.2903182,
              43.7013436
            ],
            [
              -72.2903182,
              43.7012936
            ],
            [
              -72.2901188,
              43.7012937
            ],
            [
              -72.2901189,
              43.7013286
            ],
            [
              -72.2900098,
              43.7013287
            ],
            [
              -72.2900099,
              43.7014393
            ],
            [
              -72.2900754,
              43.7014393
            ],
            [
              -72.2903466,
              43.7014391
            ],
            [
              -72.2903464,
              43.7013435
            ]
          ]
        ]
      },
      "id": "way/548921800"
    },
    {
      "type": "Feature",
      "properties": {
        "@id": "way/548921801",
        "addr:city": "Hanover",
        "addr:housenumber": "10",
        "addr:postcode": "03755",
        "addr:state": "NH",
        "addr:street": "Allen Street",
        "building": "yes",
        "email": "cheryl@gilberteinteriors.com",
        "name": "Gilberte Interiors",
        "phone": "+1-603-643-3727",
        "shop": "interior_decoration",
        "website": "https://www.gilberteinteriors.com/"
      },
      "geometry": {
        "type": "Polygon",
        "coordinates": [
          [
            [
              -72.2907688,
              43.7014423
            ],
            [
              -72.2907671,
              43.7013647
            ],
            [
              -72.2907648,
              43.701296
            ],
            [
              -72.290763,
              43.701201
            ],
            [
              -72.2907613,
              43.7011809
            ],
            [
              -72.2906899,
              43.7011819
            ],
            [
              -72.2906895,
              43.7011667
            ],
            [
              -72.2905279,
              43.7011689
            ],
            [
              -72.2905353,
              43.7014458
            ],
            [
              -72.2907688,
              43.7014423
            ]
          ]
        ]
      },
      "id": "way/548921801"
    },
    {
      "type": "Feature",
      "properties": {
        "@id": "way/548921802",
        "addr:city": "Hanover",
        "addr:housenumber": "10",
        "addr:postcode": "03755",
        "addr:state": "NH",
        "addr:street": "Allen Street",
        "building": "yes",
        "email": "team@borealis.vc",
        "name": "Borealis Ventures",
        "office": "financial",
        "phone": "+1-603-643-1500",
        "website": "https://www.borealis.vc/"
      },
      "geometry": {
        "type": "Polygon",
        "coordinates": [
          [
            [
              -72.2907648,
              43.701296
            ],
            [
              -72.2907671,
              43.7013647
            ],
            [
              -72.2908253,
              43.701364
            ],
            [
              -72.2908242,
              43.7013128
            ],
            [
              -72.2908982,
              43.7013119
            ],
            [
              -72.2908984,
              43.7013204
            ],
            [
              -72.2909856,
              43.7013194
            ],
            [
              -72.2909838,
              43.7011989
            ],
            [
              -72.290763,
              43.701201
            ],
            [
              -72.2907648,
              43.701296
            ]
          ]
        ]
      },
      "id": "way/548921802"
    },
    {
      "type": "Feature",
      "properties": {
        "@id": "way/549364455",
        "addr:city": "Hanover",
        "addr:housenumber": "49",
        "addr:postcode": "03755",
        "addr:state": "NH",
        "addr:street": "Thayer Drive",
        "building": "dormitory",
        "name": "Channing Cox Hall"
      },
      "geometry": {
        "type": "Polygon",
        "coordinates": [
          [
            [
              -72.2958233,
              43.703673
            ],
            [
              -72.2958632,
              43.7036538
            ],
            [
              -72.2958742,
              43.7036547
            ],
            [
              -72.2959021,
              43.7036872
            ],
            [
              -72.2961295,
              43.7035747
            ],
            [
              -72.2963057,
              43.7037592
            ],
            [
              -72.2963471,
              43.7037386
            ],
            [
              -72.2963653,
              43.7037399
            ],
            [
              -72.296386,
              43.703768
            ],
            [
              -72.296544,
              43.7036889
            ],
            [
              -72.2964844,
              43.7036283
            ],
            [
              -72.2963933,
              43.7036722
            ],
            [
              -72.2963884,
              43.7036911
            ],
            [
              -72.2963617,
              43.7036854
            ],
            [
              -72.2961939,
              43.7035088
            ],
            [
              -72.2961441,
              43.7035299
            ],
            [
              -72.2961149,
              43.703496
            ],
            [
              -72.2958851,
              43.7036019
            ],
            [
              -72.2958693,
              43.703583
            ],
            [
              -72.2958049,
              43.7035149
            ],
            [
              -72.2957147,
              43.7035601
            ],
            [
              -72.2958233,
              43.703673
            ]
          ]
        ]
      },
      "id": "way/549364455"
    },
    {
      "type": "Feature",
      "properties": {
        "@id": "way/549364456",
        "addr:city": "Hanover",
        "addr:housenumber": "29",
        "addr:postcode": "03755",
        "addr:state": "NH",
        "addr:street": "Thayer Drive",
        "alt_name": "Kade German Center",
        "building": "dormitory",
        "name": "Maxwell Hall"
      },
      "geometry": {
        "type": "Polygon",
        "coordinates": [
          [
            [
              -72.2959073,
              43.7038181
            ],
            [
              -72.295851,
              43.7037563
            ],
            [
              -72.2957601,
              43.7037996
            ],
            [
              -72.2957579,
              43.7038164
            ],
            [
              -72.2957317,
              43.7038147
            ],
            [
              -72.2957272,
              43.7038144
            ],
            [
              -72.2955709,
              43.7036498
            ],
            [
              -72.2956522,
              43.7036095
            ],
            [
              -72.2955509,
              43.7035029
            ],
            [
              -72.2954249,
              43.7035654
            ],
            [
              -72.2954762,
              43.7036195
            ],
            [
              -72.2952137,
              43.7037498
            ],
            [
              -72.2952421,
              43.7037798
            ],
            [
              -72.2952391,
              43.7037924
            ],
            [
              -72.2952023,
              43.7038098
            ],
            [
              -72.2953043,
              43.7039226
            ],
            [
              -72.2953932,
              43.7038806
            ],
            [
              -72.2953341,
              43.7038154
            ],
            [
              -72.2953073,
              43.7038125
            ],
            [
              -72.2953118,
              43.7037906
            ],
            [
              -72.2954758,
              43.7037117
            ],
            [
              -72.2954975,
              43.7037013
            ],
            [
              -72.2955261,
              43.7037062
            ],
            [
              -72.2955199,
              43.703725
            ],
            [
              -72.2956671,
              43.7038877
            ],
            [
              -72.2957154,
              43.7038648
            ],
            [
              -72.2957293,
              43.7038669
            ],
            [
              -72.2957522,
              43.7038919
            ],
            [
              -72.2959073,
              43.7038181
            ]
          ]
        ]
      },
      "id": "way/549364456"
    },
    {
      "type": "Feature",
      "properties": {
        "@id": "way/584967679",
        "addr:city": "Hanover",
        "addr:housenumber": "75",
        "addr:postcode": "03755",
        "addr:state": "NH",
        "addr:street": "College Street",
        "amenity": "social_centre",
        "building": "university",
        "name": "Dragon Secret Society"
      },
      "geometry": {
        "type": "Polygon",
        "coordinates": [
          [
            [
              -72.2852039,
              43.7069091
            ],
            [
              -72.2851492,
              43.7068752
            ],
            [
              -72.285207,
              43.7068289
            ],
            [
              -72.285107,
              43.7067747
            ],
            [
              -72.2850758,
              43.7067984
            ],
            [
              -72.2850118,
              43.7067657
            ],
            [
              -72.2849368,
              43.7068222
            ],
            [
              -72.2850071,
              43.7068605
            ],
            [
              -72.2849368,
              43.7069147
            ],
            [
              -72.2850133,
              43.7069723
            ],
            [
              -72.2850321,
              43.7069622
            ],
            [
              -72.2851133,
              43.7069881
            ],
            [
              -72.2852039,
              43.7069091
            ]
          ]
        ]
      },
      "id": "way/584967679"
    },
    {
      "type": "Feature",
      "properties": {
        "@id": "way/584967697",
        "addr:city": "Hanover",
        "addr:housenumber": "16",
        "addr:postcode": "03755",
        "addr:state": "NH",
        "addr:street": "Hitchcock Lane",
        "building": "university",
        "building:levels": "2",
        "name": "House Center B"
      },
      "geometry": {
        "type": "Polygon",
        "coordinates": [
          [
            [
              -72.2911068,
              43.7046317
            ],
            [
              -72.291101,
              43.7044284
            ],
            [
              -72.2907741,
              43.7044332
            ],
            [
              -72.2907743,
              43.7044394
            ],
            [
              -72.2907751,
              43.7044675
            ],
            [
              -72.2907969,
              43.7044672
            ],
            [
              -72.2907989,
              43.7045341
            ],
            [
              -72.290906,
              43.7045325
            ],
            [
              -72.2909089,
              43.7046346
            ],
            [
              -72.2911068,
              43.7046317
            ]
          ]
        ]
      },
      "id": "way/584967697"
    },
    {
      "type": "Feature",
      "properties": {
        "@id": "way/584967836",
        "addr:city": "Hanover",
        "addr:housenumber": "2",
        "addr:postcode": "03755",
        "addr:state": "NH",
        "addr:street": "North Park Street",
        "amenity": "social_centre",
        "building": "university",
        "building:levels": "4",
        "name": "Alpha Phi",
        "wheelchair": "yes"
      },
      "geometry": {
        "type": "Polygon",
        "coordinates": [
          [
            [
              -72.2827411,
              43.7046439
            ],
            [
              -72.282908,
              43.7046254
            ],
            [
              -72.2828808,
              43.7044974
            ],
            [
              -72.2828013,
              43.7045062
            ],
            [
              -72.2827784,
              43.7043986
            ],
            [
              -72.2826172,
              43.7044164
            ],
            [
              -72.282653,
              43.7045851
            ],
            [
              -72.2827269,
              43.7045769
            ],
            [
              -72.2827411,
              43.7046439
            ]
          ]
        ]
      },
      "id": "way/584967836"
    },
    {
      "type": "Feature",
      "properties": {
        "@id": "way/601077330",
        "addr:city": "Hanover",
        "addr:housenumber": "10",
        "addr:postcode": "03755",
        "addr:state": "NH",
        "addr:street": "Maple Street",
        "building": "house"
      },
      "geometry": {
        "type": "Polygon",
        "coordinates": [
          [
            [
              -72.292787,
              43.7000962
            ],
            [
              -72.2928078,
              43.6999414
            ],
            [
              -72.292718,
              43.6999351
            ],
            [
              -72.2927107,
              43.6999892
            ],
            [
              -72.2926833,
              43.6999873
            ],
            [
              -72.2926697,
              43.700088
            ],
            [
              -72.292787,
              43.7000962
            ]
          ]
        ]
      },
      "id": "way/601077330"
    },
    {
      "type": "Feature",
      "properties": {
        "@id": "way/601077331",
        "addr:city": "Hanover",
        "addr:housenumber": "12",
        "addr:postcode": "03755",
        "addr:state": "NH",
        "addr:street": "Maple Street",
        "building": "house"
      },
      "geometry": {
        "type": "Polygon",
        "coordinates": [
          [
            [
              -72.292974,
              43.700049
            ],
            [
              -72.2929736,
              43.7000158
            ],
            [
              -72.2929886,
              43.7000157
            ],
            [
              -72.2929882,
              43.6999825
            ],
            [
              -72.2929678,
              43.6999826
            ],
            [
              -72.2929675,
              43.6999549
            ],
            [
              -72.2930102,
              43.6999546
            ],
            [
              -72.2930095,
              43.6998989
            ],
            [
              -72.2928445,
              43.6999
            ],
            [
              -72.292846,
              43.7000134
            ],
            [
              -72.2928676,
              43.7000133
            ],
            [
              -72.2928681,
              43.7000498
            ],
            [
              -72.292974,
              43.700049
            ]
          ]
        ]
      },
      "id": "way/601077331"
    },
    {
      "type": "Feature",
      "properties": {
        "@id": "way/601077336",
        "addr:city": "Hanover",
        "addr:housenumber": "8",
        "addr:postcode": "03755",
        "addr:state": "NH",
        "addr:street": "Maple Street",
        "building": "house"
      },
      "geometry": {
        "type": "Polygon",
        "coordinates": [
          [
            [
              -72.2925024,
              43.7000552
            ],
            [
              -72.2925063,
              43.6999891
            ],
            [
              -72.2924151,
              43.6999863
            ],
            [
              -72.2924146,
              43.6999946
            ],
            [
              -72.2922984,
              43.699991
            ],
            [
              -72.2922938,
              43.7000703
            ],
            [
              -72.2924257,
              43.7000744
            ],
            [
              -72.292427,
              43.7000529
            ],
            [
              -72.2925024,
              43.7000552
            ]
          ]
        ]
      },
      "id": "way/601077336"
    },
    {
      "type": "Feature",
      "properties": {
        "@id": "way/601077339",
        "addr:city": "Hanover",
        "addr:housenumber": "17",
        "addr:postcode": "03755",
        "addr:state": "NH",
        "addr:street": "School Street",
        "building": "apartments"
      },
      "geometry": {
        "type": "Polygon",
        "coordinates": [
          [
            [
              -72.2916905,
              43.7000713
            ],
            [
              -72.2916847,
              43.699947
            ],
            [
              -72.2917694,
              43.6999449
            ],
            [
              -72.2917674,
              43.6999029
            ],
            [
              -72.2917912,
              43.6999024
            ],
            [
              -72.2917893,
              43.6998621
            ],
            [
              -72.2917616,
              43.6998628
            ],
            [
              -72.2917594,
              43.6998168
            ],
            [
              -72.291608,
              43.6998205
            ],
            [
              -72.2916151,
              43.699973
            ],
            [
              -72.2915413,
              43.6999748
            ],
            [
              -72.291546,
              43.7000748
            ],
            [
              -72.2916905,
              43.7000713
            ]
          ]
        ]
      },
      "id": "way/601077339"
    },
    {
      "type": "Feature",
      "properties": {
        "@id": "way/616919971",
        "addr:city": "Norwich",
        "addr:housenumber": "154",
        "addr:postcode": "05055",
        "addr:state": "VT",
        "addr:street": "River Road",
        "building": "house",
        "ref:vcgi:esiteid": "183422"
      },
      "geometry": {
        "type": "Polygon",
        "coordinates": [
          [
            [
              -72.2952448,
              43.7094193
            ],
            [
              -72.2951619,
              43.7093722
            ],
            [
              -72.295099,
              43.70943
            ],
            [
              -72.2951819,
              43.7094771
            ],
            [
              -72.2952448,
              43.7094193
            ]
          ]
        ]
      },
      "id": "way/616919971"
    },
    {
      "type": "Feature",
      "properties": {
        "@id": "way/621646974",
        "addr:city": "Hanover",
        "addr:housenumber": "36",
        "addr:postcode": "03755",
        "addr:state": "NH",
        "addr:street": "West Wheelock Street",
        "building": "yes"
      },
      "geometry": {
        "type": "Polygon",
        "coordinates": [
          [
            [
              -72.2960521,
              43.7026786
            ],
            [
              -72.2960748,
              43.7025665
            ],
            [
              -72.2956687,
              43.7025233
            ],
            [
              -72.2956459,
              43.7026354
            ],
            [
              -72.2960521,
              43.7026786
            ]
          ]
        ]
      },
      "id": "way/621646974"
    },
    {
      "type": "Feature",
      "properties": {
        "@id": "way/621646975",
        "addr:city": "Hanover",
        "addr:housenumber": "34",
        "addr:postcode": "03755",
        "addr:state": "NH",
        "addr:street": "West Wheelock Street",
        "building": "semidetached_house"
      },
      "geometry": {
        "type": "Polygon",
        "coordinates": [
          [
            [
              -72.2955783,
              43.7026003
            ],
            [
              -72.2956071,
              43.7024899
            ],
            [
              -72.2955883,
              43.7024874
            ],
            [
              -72.2956009,
              43.702439
            ],
            [
              -72.2955276,
              43.7024289
            ],
            [
              -72.2954861,
              43.7025877
            ],
            [
              -72.2955783,
              43.7026003
            ]
          ]
        ]
      },
      "id": "way/621646975"
    },
    {
      "type": "Feature",
      "properties": {
        "@id": "way/621646978",
        "addr:city": "Hanover",
        "addr:housenumber": "32",
        "addr:postcode": "03755",
        "addr:state": "NH",
        "addr:street": "West Wheelock Street",
        "building": "apartments"
      },
      "geometry": {
        "type": "Polygon",
        "coordinates": [
          [
            [
              -72.2954423,
              43.7026263
            ],
            [
              -72.2954876,
              43.702438
            ],
            [
              -72.2953391,
              43.7024193
            ],
            [
              -72.2952938,
              43.7026077
            ],
            [
              -72.2954423,
              43.7026263
            ]
          ]
        ]
      },
      "id": "way/621646978"
    },
    {
      "type": "Feature",
      "properties": {
        "@id": "way/621646979",
        "addr:city": "Hanover",
        "addr:housenumber": "30",
        "addr:postcode": "03755",
        "addr:state": "NH",
        "addr:street": "West Wheelock Street",
        "building": "apartments"
      },
      "geometry": {
        "type": "Polygon",
        "coordinates": [
          [
            [
              -72.2951572,
              43.7023876
            ],
            [
              -72.2951363,
              43.7024932
            ],
            [
              -72.2952019,
              43.7024999
            ],
            [
              -72.2952051,
              43.7024839
            ],
            [
              -72.2952253,
              43.702486
            ],
            [
              -72.295243,
              43.7023965
            ],
            [
              -72.2951572,
              43.7023876
            ]
          ]
        ]
      },
      "id": "way/621646979"
    },
    {
      "type": "Feature",
      "properties": {
        "@id": "way/621646980",
        "addr:city": "Hanover",
        "addr:postcode": "03755",
        "addr:state": "NH",
        "building": "apartments"
      },
      "geometry": {
        "type": "Polygon",
        "coordinates": [
          [
            [
              -72.2950846,
              43.7024468
            ],
            [
              -72.2949317,
              43.7024424
            ],
            [
              -72.2949237,
              43.7025883
            ],
            [
              -72.2950766,
              43.7025926
            ],
            [
              -72.2950846,
              43.7024468
            ]
          ]
        ]
      },
      "id": "way/621646980"
    },
    {
      "type": "Feature",
      "properties": {
        "@id": "way/621646981",
        "building": "yes"
      },
      "geometry": {
        "type": "Polygon",
        "coordinates": [
          [
            [
              -72.2950513,
              43.7023681
            ],
            [
              -72.2952303,
              43.7023761
            ],
            [
              -72.2952384,
              43.702281
            ],
            [
              -72.2952683,
              43.7022824
            ],
            [
              -72.2952724,
              43.7022335
            ],
            [
              -72.2951156,
              43.7022265
            ],
            [
              -72.2951119,
              43.7022702
            ],
            [
              -72.2951258,
              43.7022708
            ],
            [
              -72.295124,
              43.7022914
            ],
            [
              -72.295138,
              43.702292
            ],
            [
              -72.2951359,
              43.7023167
            ],
            [
              -72.295056,
              43.7023131
            ],
            [
              -72.2950513,
              43.7023681
            ]
          ]
        ]
      },
      "id": "way/621646981"
    },
    {
      "type": "Feature",
      "properties": {
        "@id": "way/621646985",
        "addr:city": "Hanover",
        "addr:housenumber": "23",
        "addr:postcode": "03755",
        "addr:state": "NH",
        "addr:street": "West Wheelock Street",
        "building": "garages"
      },
      "geometry": {
        "type": "Polygon",
        "coordinates": [
          [
            [
              -72.2933763,
              43.7031513
            ],
            [
              -72.2933783,
              43.7030847
            ],
            [
              -72.2931436,
              43.703081
            ],
            [
              -72.2931416,
              43.7031477
            ],
            [
              -72.2933763,
              43.7031513
            ]
          ]
        ]
      },
      "id": "way/621646985"
    },
    {
      "type": "Feature",
      "properties": {
        "@id": "way/621646986",
        "building": "garages"
      },
      "geometry": {
        "type": "Polygon",
        "coordinates": [
          [
            [
              -72.2933727,
              43.7029984
            ],
            [
              -72.2933756,
              43.7029281
            ],
            [
              -72.2931403,
              43.702923
            ],
            [
              -72.2931373,
              43.7029933
            ],
            [
              -72.2933727,
              43.7029984
            ]
          ]
        ]
      },
      "id": "way/621646986"
    },
    {
      "type": "Feature",
      "properties": {
        "@id": "way/621646987",
        "addr:city": "Hanover",
        "addr:housenumber": "23",
        "addr:postcode": "03755",
        "addr:state": "NH",
        "addr:street": "West Wheelock Street",
        "building": "apartments"
      },
      "geometry": {
        "type": "Polygon",
        "coordinates": [
          [
            [
              -72.2933098,
              43.7028963
            ],
            [
              -72.2933125,
              43.7028483
            ],
            [
              -72.2933293,
              43.7028488
            ],
            [
              -72.2933316,
              43.7028068
            ],
            [
              -72.2933154,
              43.7028063
            ],
            [
              -72.2933205,
              43.7027159
            ],
            [
              -72.2933393,
              43.7027164
            ],
            [
              -72.2933416,
              43.7026756
            ],
            [
              -72.2933226,
              43.702675
            ],
            [
              -72.2933253,
              43.7026266
            ],
            [
              -72.2931784,
              43.7026224
            ],
            [
              -72.2931633,
              43.7028921
            ],
            [
              -72.2933098,
              43.7028963
            ]
          ]
        ]
      },
      "id": "way/621646987"
    },
    {
      "type": "Feature",
      "properties": {
        "@id": "way/621646988",
        "addr:city": "Hanover",
        "addr:housenumber": "21",
        "addr:postcode": "03755",
        "addr:state": "NH",
        "addr:street": "West Wheelock Street",
        "building": "yes"
      },
      "geometry": {
        "type": "Polygon",
        "coordinates": [
          [
            [
              -72.2930785,
              43.7029003
            ],
            [
              -72.2929797,
              43.7028955
            ],
            [
              -72.2929692,
              43.7030099
            ],
            [
              -72.293068,
              43.7030147
            ],
            [
              -72.2930785,
              43.7029003
            ]
          ]
        ]
      },
      "id": "way/621646988"
    },
    {
      "type": "Feature",
      "properties": {
        "@id": "way/621646989",
        "addr:city": "Hanover",
        "addr:housenumber": "21",
        "addr:postcode": "03755",
        "addr:state": "NH",
        "addr:street": "West Wheelock Street",
        "building": "yes"
      },
      "geometry": {
        "type": "Polygon",
        "coordinates": [
          [
            [
              -72.2929869,
              43.7027729
            ],
            [
              -72.293,
              43.7026974
            ],
            [
              -72.293103,
              43.7027066
            ],
            [
              -72.2931162,
              43.7026304
            ],
            [
              -72.2930559,
              43.7026249
            ],
            [
              -72.2930586,
              43.7026089
            ],
            [
              -72.2929749,
              43.7026014
            ],
            [
              -72.2929688,
              43.7026369
            ],
            [
              -72.2929526,
              43.7026355
            ],
            [
              -72.2929509,
              43.7026449
            ],
            [
              -72.2929216,
              43.7026422
            ],
            [
              -72.2929115,
              43.7027012
            ],
            [
              -72.2929281,
              43.7027027
            ],
            [
              -72.2929171,
              43.7027666
            ],
            [
              -72.2929869,
              43.7027729
            ]
          ]
        ]
      },
      "id": "way/621646989"
    },
    {
      "type": "Feature",
      "properties": {
        "@id": "way/621646990",
        "addr:city": "Hanover",
        "addr:housenumber": "28",
        "addr:postcode": "03755",
        "addr:state": "NH",
        "addr:street": "West Wheelock Street",
        "building": "apartments"
      },
      "geometry": {
        "type": "Polygon",
        "coordinates": [
          [
            [
              -72.2946779,
              43.702506
            ],
            [
              -72.2946919,
              43.7024359
            ],
            [
              -72.2942816,
              43.7023932
            ],
            [
              -72.2942668,
              43.7024679
            ],
            [
              -72.2943655,
              43.7024781
            ],
            [
              -72.2943663,
              43.7024744
            ],
            [
              -72.2945108,
              43.7024895
            ],
            [
              -72.2945097,
              43.7024948
            ],
            [
              -72.2946054,
              43.7025047
            ],
            [
              -72.2946066,
              43.7024986
            ],
            [
              -72.2946779,
              43.702506
            ]
          ]
        ]
      },
      "id": "way/621646990"
    },
    {
      "type": "Feature",
      "properties": {
        "@id": "way/621646991",
        "addr:city": "Hanover",
        "addr:housenumber": "26",
        "addr:postcode": "03755",
        "addr:state": "NH",
        "addr:street": "West Wheelock Street",
        "building": "house"
      },
      "geometry": {
        "type": "Polygon",
        "coordinates": [
          [
            [
              -72.2941221,
              43.7024434
            ],
            [
              -72.2941317,
              43.7023736
            ],
            [
              -72.2940005,
              43.7023642
            ],
            [
              -72.294007,
              43.702317
            ],
            [
              -72.2939243,
              43.7023111
            ],
            [
              -72.2939155,
              43.7023757
            ],
            [
              -72.2939934,
              43.7023813
            ],
            [
              -72.2939864,
              43.7024324
            ],
            [
              -72.2940372,
              43.702436
            ],
            [
              -72.2940359,
              43.7024455
            ],
            [
              -72.2940652,
              43.7024477
            ],
            [
              -72.2940663,
              43.7024394
            ],
            [
              -72.2941221,
              43.7024434
            ]
          ]
        ]
      },
      "id": "way/621646991"
    },
    {
      "type": "Feature",
      "properties": {
        "@id": "way/621646992",
        "addr:city": "Hanover",
        "addr:housenumber": "24",
        "addr:postcode": "03755",
        "addr:state": "NH",
        "addr:street": "West Wheelock Street",
        "building": "house"
      },
      "geometry": {
        "type": "Polygon",
        "coordinates": [
          [
            [
              -72.2938488,
              43.702423
            ],
            [
              -72.293857,
              43.7023526
            ],
            [
              -72.2937995,
              43.7023491
            ],
            [
              -72.293806,
              43.7022934
            ],
            [
              -72.2937319,
              43.7022889
            ],
            [
              -72.2937172,
              43.702415
            ],
            [
              -72.2938488,
              43.702423
            ]
          ]
        ]
      },
      "id": "way/621646992"
    },
    {
      "type": "Feature",
      "properties": {
        "@id": "way/621646993",
        "addr:city": "Hanover",
        "addr:housenumber": "22",
        "addr:postcode": "03755",
        "addr:state": "NH",
        "addr:street": "West Wheelock Street",
        "building": "apartments"
      },
      "geometry": {
        "type": "Polygon",
        "coordinates": [
          [
            [
              -72.293519,
              43.7023846
            ],
            [
              -72.2935706,
              43.7022212
            ],
            [
              -72.2934442,
              43.7022003
            ],
            [
              -72.2933935,
              43.7023613
            ],
            [
              -72.2934184,
              43.7023654
            ],
            [
              -72.2934141,
              43.7023791
            ],
            [
              -72.2934834,
              43.7023905
            ],
            [
              -72.293487,
              43.7023793
            ],
            [
              -72.293519,
              43.7023846
            ]
          ]
        ]
      },
      "id": "way/621646993"
    },
    {
      "type": "Feature",
      "properties": {
        "@id": "way/621646994",
        "addr:city": "Hanover",
        "addr:housenumber": "18",
        "addr:postcode": "03755",
        "addr:state": "NH",
        "addr:street": "West Wheelock Street",
        "building": "apartments"
      },
      "geometry": {
        "type": "Polygon",
        "coordinates": [
          [
            [
              -72.2929864,
              43.7022133
            ],
            [
              -72.2930137,
              43.7021277
            ],
            [
              -72.2928679,
              43.7021034
            ],
            [
              -72.2928521,
              43.7021531
            ],
            [
              -72.2928747,
              43.7021568
            ],
            [
              -72.2928633,
              43.7021927
            ],
            [
              -72.2929864,
              43.7022133
            ]
          ]
        ]
      },
      "id": "way/621646994"
    },
    {
      "type": "Feature",
      "properties": {
        "@id": "way/621646995",
        "addr:city": "Hanover",
        "addr:housenumber": "20.5",
        "addr:postcode": "03755",
        "addr:state": "NH",
        "addr:street": "West Wheelock Street",
        "building": "apartments"
      },
      "geometry": {
        "type": "Polygon",
        "coordinates": [
          [
            [
              -72.2933391,
              43.7021666
            ],
            [
              -72.2933555,
              43.7020809
            ],
            [
              -72.2932048,
              43.7020658
            ],
            [
              -72.2931884,
              43.7021515
            ],
            [
              -72.2933391,
              43.7021666
            ]
          ]
        ]
      },
      "id": "way/621646995"
    },
    {
      "type": "Feature",
      "properties": {
        "@id": "way/621646996",
        "addr:city": "Hanover",
        "addr:housenumber": "19",
        "addr:postcode": "03755",
        "addr:state": "NH",
        "addr:street": "West Wheelock Street",
        "building": "apartments",
        "operator": "Dartmouth College"
      },
      "geometry": {
        "type": "Polygon",
        "coordinates": [
          [
            [
              -72.2928339,
              43.7027274
            ],
            [
              -72.2928627,
              43.7026038
            ],
            [
              -72.2928488,
              43.7026021
            ],
            [
              -72.2928549,
              43.7025758
            ],
            [
              -72.2926984,
              43.7025567
            ],
            [
              -72.292664,
              43.7027043
            ],
            [
              -72.2926914,
              43.7027076
            ],
            [
              -72.2926866,
              43.7027281
            ],
            [
              -72.2927954,
              43.7027414
            ],
            [
              -72.2927997,
              43.7027232
            ],
            [
              -72.2928339,
              43.7027274
            ]
          ]
        ]
      },
      "id": "way/621646996"
    },
    {
      "type": "Feature",
      "properties": {
        "@id": "way/621646997",
        "addr:city": "Hanover",
        "addr:housenumber": "17",
        "addr:postcode": "03755",
        "addr:state": "NH",
        "addr:street": "West Wheelock Street",
        "building": "apartments",
        "operator": "Dartmouth College"
      },
      "geometry": {
        "type": "Polygon",
        "coordinates": [
          [
            [
              -72.2926026,
              43.7026967
            ],
            [
              -72.29263,
              43.7025756
            ],
            [
              -72.2925818,
              43.7025699
            ],
            [
              -72.2925864,
              43.7025498
            ],
            [
              -72.2924376,
              43.7025322
            ],
            [
              -72.2924343,
              43.702547
            ],
            [
              -72.2923876,
              43.7025415
            ],
            [
              -72.292359,
              43.7026679
            ],
            [
              -72.2926026,
              43.7026967
            ]
          ]
        ]
      },
      "id": "way/621646997"
    },
    {
      "type": "Feature",
      "properties": {
        "@id": "way/621646998",
        "addr:city": "Hanover",
        "addr:housenumber": "16",
        "addr:postcode": "03755",
        "addr:state": "NH",
        "addr:street": "West Wheelock Street",
        "building": "apartments"
      },
      "geometry": {
        "type": "Polygon",
        "coordinates": [
          [
            [
              -72.2927093,
              43.7022856
            ],
            [
              -72.2927255,
              43.7022091
            ],
            [
              -72.292643,
              43.7022
            ],
            [
              -72.2926457,
              43.7021871
            ],
            [
              -72.2925613,
              43.7021778
            ],
            [
              -72.2925638,
              43.7021656
            ],
            [
              -72.292477,
              43.702156
            ],
            [
              -72.2924792,
              43.7021452
            ],
            [
              -72.2923825,
              43.7021345
            ],
            [
              -72.2923659,
              43.7022131
            ],
            [
              -72.2924518,
              43.7022226
            ],
            [
              -72.2924494,
              43.7022338
            ],
            [
              -72.292536,
              43.7022434
            ],
            [
              -72.2925336,
              43.7022546
            ],
            [
              -72.2926198,
              43.7022641
            ],
            [
              -72.2926174,
              43.7022754
            ],
            [
              -72.2927093,
              43.7022856
            ]
          ]
        ]
      },
      "id": "way/621646998"
    },
    {
      "type": "Feature",
      "properties": {
        "@id": "way/621646999",
        "addr:city": "Hanover",
        "addr:housenumber": "14",
        "addr:postcode": "03755",
        "addr:state": "NH",
        "addr:street": "West Wheelock Street",
        "building": "apartments"
      },
      "geometry": {
        "type": "Polygon",
        "coordinates": [
          [
            [
              -72.291993,
              43.7022463
            ],
            [
              -72.2919988,
              43.7021368
            ],
            [
              -72.2918872,
              43.7021337
            ],
            [
              -72.2918915,
              43.7020522
            ],
            [
              -72.291771,
              43.7020489
            ],
            [
              -72.2917662,
              43.7021395
            ],
            [
              -72.2918233,
              43.702141
            ],
            [
              -72.2918208,
              43.7021882
            ],
            [
              -72.291911,
              43.7021907
            ],
            [
              -72.2919082,
              43.702244
            ],
            [
              -72.291993,
              43.7022463
            ]
          ]
        ]
      },
      "id": "way/621646999"
    },
    {
      "type": "Feature",
      "properties": {
        "@id": "way/621647000",
        "addr:city": "Hanover",
        "addr:housenumber": "1",
        "addr:postcode": "03755",
        "addr:state": "NH",
        "addr:street": "School Street",
        "amenity": "place_of_worship",
        "building": "yes",
        "denomination": "christ_scientist",
        "email": "info@cshanover.com",
        "name": "First Church of Christ, Scientist",
        "phone": "+1-603-643-3919",
        "religion": "christian",
        "service_times": "Su 10:30-11:30; We 19:30-20:30",
        "website": "https://www.cshanover.com/"
      },
      "geometry": {
        "type": "Polygon",
        "coordinates": [
          [
            [
              -72.2916673,
              43.7022441
            ],
            [
              -72.2916488,
              43.7020631
            ],
            [
              -72.291663,
              43.7020623
            ],
            [
              -72.2916554,
              43.701988
            ],
            [
              -72.2915239,
              43.701995
            ],
            [
              -72.2915499,
              43.7022504
            ],
            [
              -72.2916673,
              43.7022441
            ]
          ]
        ]
      },
      "id": "way/621647000"
    },
    {
      "type": "Feature",
      "properties": {
        "@id": "way/621647001",
        "addr:city": "Hanover",
        "addr:housenumber": "3",
        "addr:postcode": "03755",
        "addr:state": "NH",
        "addr:street": "School Street",
        "building": "apartments"
      },
      "geometry": {
        "type": "Polygon",
        "coordinates": [
          [
            [
              -72.2916549,
              43.7019554
            ],
            [
              -72.2916491,
              43.7017959
            ],
            [
              -72.2915634,
              43.7017975
            ],
            [
              -72.2915663,
              43.7018782
            ],
            [
              -72.2915124,
              43.7018792
            ],
            [
              -72.2915153,
              43.7019581
            ],
            [
              -72.2916549,
              43.7019554
            ]
          ]
        ]
      },
      "id": "way/621647001"
    },
    {
      "type": "Feature",
      "properties": {
        "@id": "way/621647002",
        "addr:city": "Hanover",
        "addr:housenumber": "11",
        "addr:postcode": "03755",
        "addr:state": "NH",
        "addr:street": "Allen Street",
        "building": "house"
      },
      "geometry": {
        "type": "Polygon",
        "coordinates": [
          [
            [
              -72.292249,
              43.7017186
            ],
            [
              -72.2922497,
              43.7017349
            ],
            [
              -72.2923323,
              43.7017329
            ],
            [
              -72.2923315,
              43.7017156
            ],
            [
              -72.2923478,
              43.7017152
            ],
            [
              -72.292344,
              43.7016355
            ],
            [
              -72.2922208,
              43.7016386
            ],
            [
              -72.2922198,
              43.7016179
            ],
            [
              -72.2920605,
              43.7016218
            ],
            [
              -72.2920647,
              43.7017106
            ],
            [
              -72.2922069,
              43.701707
            ],
            [
              -72.2922075,
              43.7017197
            ],
            [
              -72.292249,
              43.7017186
            ]
          ]
        ]
      },
      "id": "way/621647002"
    },
    {
      "type": "Feature",
      "properties": {
        "@id": "way/621647003",
        "addr:city": "Hanover",
        "addr:housenumber": "13",
        "addr:postcode": "03755",
        "addr:state": "NH",
        "addr:street": "Allen Street",
        "building": "semidetached_house"
      },
      "geometry": {
        "type": "Polygon",
        "coordinates": [
          [
            [
              -72.2926015,
              43.701684
            ],
            [
              -72.2925993,
              43.7016119
            ],
            [
              -72.292535,
              43.7016129
            ],
            [
              -72.2925348,
              43.7016082
            ],
            [
              -72.2925006,
              43.7016087
            ],
            [
              -72.2925009,
              43.7016181
            ],
            [
              -72.2924333,
              43.7016192
            ],
            [
              -72.2924358,
              43.7017044
            ],
            [
              -72.2925121,
              43.7017032
            ],
            [
              -72.2925135,
              43.7017493
            ],
            [
              -72.2926095,
              43.7017477
            ],
            [
              -72.2926111,
              43.7017688
            ],
            [
              -72.2926174,
              43.7017687
            ],
            [
              -72.2926193,
              43.7018163
            ],
            [
              -72.2926262,
              43.7018163
            ],
            [
              -72.2926267,
              43.7018429
            ],
            [
              -72.2926582,
              43.7018424
            ],
            [
              -72.2926574,
              43.7018152
            ],
            [
              -72.292664,
              43.7018151
            ],
            [
              -72.2926625,
              43.7017661
            ],
            [
              -72.292669,
              43.701766
            ],
            [
              -72.2926673,
              43.7017077
            ],
            [
              -72.2926276,
              43.7017083
            ],
            [
              -72.2926269,
              43.7016836
            ],
            [
              -72.2926015,
              43.701684
            ]
          ]
        ]
      },
      "id": "way/621647003"
    },
    {
      "type": "Feature",
      "properties": {
        "@id": "way/621647004",
        "addr:city": "Hanover",
        "addr:housenumber": "15",
        "addr:postcode": "03755",
        "addr:state": "NH",
        "addr:street": "Allen Street",
        "building": "house"
      },
      "geometry": {
        "type": "Polygon",
        "coordinates": [
          [
            [
              -72.2930298,
              43.7017356
            ],
            [
              -72.293028,
              43.7016645
            ],
            [
              -72.2929529,
              43.7016656
            ],
            [
              -72.2929512,
              43.7016017
            ],
            [
              -72.2928136,
              43.7016036
            ],
            [
              -72.2928164,
              43.7017094
            ],
            [
              -72.2928889,
              43.7017084
            ],
            [
              -72.2928884,
              43.7016871
            ],
            [
              -72.2929352,
              43.7016865
            ],
            [
              -72.2929365,
              43.7017369
            ],
            [
              -72.2930298,
              43.7017356
            ]
          ]
        ]
      },
      "id": "way/621647004"
    },
    {
      "type": "Feature",
      "properties": {
        "@id": "way/621647005",
        "addr:city": "Hanover",
        "addr:housenumber": "17",
        "addr:postcode": "03755",
        "addr:state": "NH",
        "addr:street": "Allen Street",
        "building": "semidetached_house"
      },
      "geometry": {
        "type": "Polygon",
        "coordinates": [
          [
            [
              -72.2930965,
              43.7016993
            ],
            [
              -72.2931906,
              43.7016988
            ],
            [
              -72.2931905,
              43.7016888
            ],
            [
              -72.2932033,
              43.7016887
            ],
            [
              -72.2932034,
              43.7016982
            ],
            [
              -72.2932296,
              43.7016981
            ],
            [
              -72.2932298,
              43.7017139
            ],
            [
              -72.2933049,
              43.7017135
            ],
            [
              -72.2933046,
              43.7016783
            ],
            [
              -72.2933419,
              43.7016781
            ],
            [
              -72.293341,
              43.7015968
            ],
            [
              -72.2932888,
              43.7015971
            ],
            [
              -72.2932888,
              43.7015899
            ],
            [
              -72.293245,
              43.7015901
            ],
            [
              -72.293245,
              43.7015969
            ],
            [
              -72.293193,
              43.7015972
            ],
            [
              -72.2931938,
              43.7016724
            ],
            [
              -72.2931879,
              43.7016724
            ],
            [
              -72.2931875,
              43.7016296
            ],
            [
              -72.2930958,
              43.7016301
            ],
            [
              -72.2930965,
              43.7016993
            ]
          ]
        ]
      },
      "id": "way/621647005"
    },
    {
      "type": "Feature",
      "properties": {
        "@id": "way/621647006",
        "addr:city": "Hanover",
        "addr:housenumber": "19",
        "addr:postcode": "03755",
        "addr:state": "NH",
        "addr:street": "Allen Street",
        "amenity": "place_of_worship",
        "building": "apartments",
        "building:use": "place_of_worship",
        "name": "Chabad at Dartmouth",
        "religion": "jewish"
      },
      "geometry": {
        "type": "Polygon",
        "coordinates": [
          [
            [
              -72.2938062,
              43.7017467
            ],
            [
              -72.2939264,
              43.7017423
            ],
            [
              -72.2939192,
              43.7016382
            ],
            [
              -72.2939122,
              43.7016384
            ],
            [
              -72.2939098,
              43.7016038
            ],
            [
              -72.2938936,
              43.7016044
            ],
            [
              -72.293893,
              43.7015961
            ],
            [
              -72.2938176,
              43.7015988
            ],
            [
              -72.2938167,
              43.7015864
            ],
            [
              -72.2937706,
              43.701588
            ],
            [
              -72.2937769,
              43.7016809
            ],
            [
              -72.2937515,
              43.7016818
            ],
            [
              -72.2937558,
              43.7017444
            ],
            [
              -72.293702,
              43.7017463
            ],
            [
              -72.293711,
              43.7018777
            ],
            [
              -72.293815,
              43.701874
            ],
            [
              -72.2938062,
              43.7017467
            ]
          ]
        ]
      },
      "id": "way/621647006"
    },
    {
      "type": "Feature",
      "properties": {
        "@id": "way/621647007",
        "addr:city": "Hanover",
        "addr:housenumber": "19",
        "addr:postcode": "03755",
        "addr:state": "NH",
        "addr:street": "Allen Street",
        "building": "carport"
      },
      "geometry": {
        "type": "Polygon",
        "coordinates": [
          [
            [
              -72.293912,
              43.7020015
            ],
            [
              -72.2939052,
              43.7018898
            ],
            [
              -72.2938093,
              43.7018929
            ],
            [
              -72.2938161,
              43.7020046
            ],
            [
              -72.293912,
              43.7020015
            ]
          ]
        ]
      },
      "id": "way/621647007"
    },
    {
      "type": "Feature",
      "properties": {
        "@id": "way/621647008",
        "addr:city": "Hanover",
        "addr:housenumber": "8",
        "addr:postcode": "03755",
        "addr:state": "NH",
        "addr:street": "West Street",
        "building": "house"
      },
      "geometry": {
        "type": "Polygon",
        "coordinates": [
          [
            [
              -72.2946614,
              43.7016751
            ],
            [
              -72.2946546,
              43.7015338
            ],
            [
              -72.2945345,
              43.7015368
            ],
            [
              -72.2945414,
              43.7016781
            ],
            [
              -72.2946614,
              43.7016751
            ]
          ]
        ]
      },
      "id": "way/621647008"
    },
    {
      "type": "Feature",
      "properties": {
        "@id": "way/621725227",
        "addr:city": "Hanover",
        "addr:housenumber": "11",
        "addr:postcode": "03755",
        "addr:state": "NH",
        "addr:street": "Sargent Street",
        "building": "house"
      },
      "geometry": {
        "type": "Polygon",
        "coordinates": [
          [
            [
              -72.2956317,
              43.7018329
            ],
            [
              -72.2956182,
              43.7017303
            ],
            [
              -72.2955875,
              43.7017325
            ],
            [
              -72.2955806,
              43.7016803
            ],
            [
              -72.2954726,
              43.7016877
            ],
            [
              -72.2954929,
              43.7018424
            ],
            [
              -72.2956317,
              43.7018329
            ]
          ]
        ]
      },
      "id": "way/621725227"
    },
    {
      "type": "Feature",
      "properties": {
        "@id": "way/621725229",
        "addr:city": "Hanover",
        "addr:housenumber": "7",
        "addr:postcode": "03755",
        "addr:state": "NH",
        "addr:street": "West Street",
        "building": "semidetached_house"
      },
      "geometry": {
        "type": "Polygon",
        "coordinates": [
          [
            [
              -72.2951718,
              43.701851
            ],
            [
              -72.2951738,
              43.7017182
            ],
            [
              -72.2950578,
              43.7017173
            ],
            [
              -72.2950558,
              43.7018501
            ],
            [
              -72.2951718,
              43.701851
            ]
          ]
        ]
      },
      "id": "way/621725229"
    },
    {
      "type": "Feature",
      "properties": {
        "@id": "way/621725231",
        "addr:city": "Hanover",
        "addr:housenumber": "7",
        "addr:postcode": "03755",
        "addr:state": "NH",
        "addr:street": "West Street",
        "building": "garages"
      },
      "geometry": {
        "type": "Polygon",
        "coordinates": [
          [
            [
              -72.2950626,
              43.7014842
            ],
            [
              -72.2950664,
              43.7012064
            ],
            [
              -72.2949752,
              43.7012058
            ],
            [
              -72.2949714,
              43.7014835
            ],
            [
              -72.2950626,
              43.7014842
            ]
          ]
        ]
      },
      "id": "way/621725231"
    },
    {
      "type": "Feature",
      "properties": {
        "@id": "way/621725233",
        "addr:city": "Hanover",
        "addr:housenumber": "16",
        "addr:postcode": "03755",
        "addr:state": "NH",
        "addr:street": "Sargent Street",
        "building": "yes",
        "building:levels": "2",
        "name": "The Rock"
      },
      "geometry": {
        "type": "Polygon",
        "coordinates": [
          [
            [
              -72.2959171,
              43.7020964
            ],
            [
              -72.2960382,
              43.7020873
            ],
            [
              -72.296022,
              43.7019754
            ],
            [
              -72.2959448,
              43.7019812
            ],
            [
              -72.2959478,
              43.7020022
            ],
            [
              -72.295904,
              43.7020055
            ],
            [
              -72.2959171,
              43.7020964
            ]
          ]
        ]
      },
      "id": "way/621725233"
    },
    {
      "type": "Feature",
      "properties": {
        "@id": "way/621725243",
        "addr:city": "Hanover",
        "addr:housenumber": "5",
        "addr:postcode": "03755",
        "addr:state": "NH",
        "addr:street": "West Street",
        "building": "semidetached_house"
      },
      "geometry": {
        "type": "Polygon",
        "coordinates": [
          [
            [
              -72.2953437,
              43.7020676
            ],
            [
              -72.2953457,
              43.702004
            ],
            [
              -72.2952762,
              43.7020029
            ],
            [
              -72.2952772,
              43.7019682
            ],
            [
              -72.2952201,
              43.7019673
            ],
            [
              -72.2952203,
              43.7019619
            ],
            [
              -72.2951169,
              43.7019603
            ],
            [
              -72.2951146,
              43.7020368
            ],
            [
              -72.2951594,
              43.7020375
            ],
            [
              -72.2951591,
              43.7020483
            ],
            [
              -72.2952248,
              43.7020494
            ],
            [
              -72.2952243,
              43.7020657
            ],
            [
              -72.2953437,
              43.7020676
            ]
          ]
        ]
      },
      "id": "way/621725243"
    },
    {
      "type": "Feature",
      "properties": {
        "@id": "way/621725245",
        "addr:city": "Hanover",
        "addr:housenumber": "5",
        "addr:postcode": "03755",
        "addr:state": "NH",
        "addr:street": "West Street",
        "building": "garages"
      },
      "geometry": {
        "type": "Polygon",
        "coordinates": [
          [
            [
              -72.2955063,
              43.7021531
            ],
            [
              -72.2954865,
              43.7020501
            ],
            [
              -72.2953992,
              43.7020043
            ],
            [
              -72.2953518,
              43.7020515
            ],
            [
              -72.2954147,
              43.7020845
            ],
            [
              -72.2954294,
              43.7021608
            ],
            [
              -72.2955063,
              43.7021531
            ]
          ]
        ]
      },
      "id": "way/621725245"
    },
    {
      "type": "Feature",
      "properties": {
        "@id": "way/621725248",
        "addr:city": "Hanover",
        "addr:housenumber": "19",
        "addr:postcode": "03755",
        "addr:state": "NH",
        "addr:street": "Sargent Street",
        "building": "semidetached_house"
      },
      "geometry": {
        "type": "Polygon",
        "coordinates": [
          [
            [
              -72.296132,
              43.7023206
            ],
            [
              -72.2961217,
              43.702206
            ],
            [
              -72.2960222,
              43.7022107
            ],
            [
              -72.2960254,
              43.7022467
            ],
            [
              -72.2960066,
              43.7022476
            ],
            [
              -72.296003,
              43.7022081
            ],
            [
              -72.2959004,
              43.7022129
            ],
            [
              -72.2959067,
              43.7022838
            ],
            [
              -72.2960248,
              43.7022783
            ],
            [
              -72.2960291,
              43.7023254
            ],
            [
              -72.296132,
              43.7023206
            ]
          ]
        ]
      },
      "id": "way/621725248"
    },
    {
      "type": "Feature",
      "properties": {
        "@id": "way/631418834",
        "addr:city": "Norwich",
        "addr:housenumber": "164",
        "addr:postcode": "05055",
        "addr:state": "VT",
        "addr:street": "River Road",
        "building": "house",
        "ref:vcgi:esiteid": "183417"
      },
      "geometry": {
        "type": "Polygon",
        "coordinates": [
          [
            [
              -72.2946983,
              43.7096824
            ],
            [
              -72.2947947,
              43.7096098
            ],
            [
              -72.2947291,
              43.7095644
            ],
            [
              -72.2946328,
              43.7096369
            ],
            [
              -72.2946983,
              43.7096824
            ]
          ]
        ]
      },
      "id": "way/631418834"
    },
    {
      "type": "Feature",
      "properties": {
        "@id": "way/631418837",
        "addr:city": "Norwich",
        "addr:housenumber": "182",
        "addr:postcode": "05055",
        "addr:state": "VT",
        "addr:street": "River Road",
        "building": "house",
        "ref:vcgi:esiteid": "183412"
      },
      "geometry": {
        "type": "Polygon",
        "coordinates": [
          [
            [
              -72.2943259,
              43.710024
            ],
            [
              -72.2944029,
              43.7099665
            ],
            [
              -72.2943709,
              43.7099441
            ],
            [
              -72.294437,
              43.7098948
            ],
            [
              -72.2943574,
              43.7098392
            ],
            [
              -72.2942487,
              43.7099204
            ],
            [
              -72.2942765,
              43.7099398
            ],
            [
              -72.2942422,
              43.7099655
            ],
            [
              -72.2943259,
              43.710024
            ]
          ]
        ]
      },
      "id": "way/631418837"
    },
    {
      "type": "Feature",
      "properties": {
        "@id": "way/631418840",
        "addr:city": "Norwich",
        "addr:housenumber": "170",
        "addr:postcode": "05055",
        "addr:state": "VT",
        "addr:street": "River Road",
        "building": "house",
        "ref:vcgi:esiteid": "183416"
      },
      "geometry": {
        "type": "Polygon",
        "coordinates": [
          [
            [
              -72.2945606,
              43.7097229
            ],
            [
              -72.2944738,
              43.7097837
            ],
            [
              -72.2945397,
              43.7098329
            ],
            [
              -72.2946266,
              43.709772
            ],
            [
              -72.2945606,
              43.7097229
            ]
          ]
        ]
      },
      "id": "way/631418840"
    },
    {
      "type": "Feature",
      "properties": {
        "@id": "way/639042012",
        "addr:city": "Hanover",
        "addr:housenumber": "4",
        "addr:postcode": "03755",
        "addr:state": "NH",
        "addr:street": "Occom Ridge",
        "building": "house"
      },
      "geometry": {
        "type": "Polygon",
        "coordinates": [
          [
            [
              -72.2936383,
              43.7080646
            ],
            [
              -72.2937854,
              43.7079598
            ],
            [
              -72.2936732,
              43.7078775
            ],
            [
              -72.2937004,
              43.7078581
            ],
            [
              -72.2936458,
              43.7078181
            ],
            [
              -72.2935959,
              43.7078537
            ],
            [
              -72.2935812,
              43.707843
            ],
            [
              -72.2934554,
              43.7079326
            ],
            [
              -72.2935782,
              43.7080227
            ],
            [
              -72.293521,
              43.7080634
            ],
            [
              -72.2935447,
              43.7080808
            ],
            [
              -72.2935182,
              43.7080997
            ],
            [
              -72.2935533,
              43.7081254
            ],
            [
              -72.2935163,
              43.7081517
            ],
            [
              -72.2935858,
              43.7082027
            ],
            [
              -72.2936842,
              43.7081326
            ],
            [
              -72.2935812,
              43.708057
            ],
            [
              -72.2936049,
              43.7080401
            ],
            [
              -72.2936383,
              43.7080646
            ]
          ]
        ]
      },
      "id": "way/639042012"
    },
    {
      "type": "Feature",
      "properties": {
        "@id": "way/639042015",
        "addr:city": "Hanover",
        "addr:housenumber": "6",
        "addr:postcode": "03755",
        "addr:state": "NH",
        "addr:street": "Occom Ridge",
        "building": "house"
      },
      "geometry": {
        "type": "Polygon",
        "coordinates": [
          [
            [
              -72.2932083,
              43.7082832
            ],
            [
              -72.2930715,
              43.7081971
            ],
            [
              -72.2930951,
              43.7081775
            ],
            [
              -72.2930641,
              43.708158
            ],
            [
              -72.2930453,
              43.7081736
            ],
            [
              -72.2929945,
              43.7081416
            ],
            [
              -72.2928918,
              43.7082268
            ],
            [
              -72.2929275,
              43.7082493
            ],
            [
              -72.2929195,
              43.708256
            ],
            [
              -72.2929699,
              43.7082878
            ],
            [
              -72.2929767,
              43.7082822
            ],
            [
              -72.2930269,
              43.708314
            ],
            [
              -72.2929609,
              43.7083685
            ],
            [
              -72.2929427,
              43.7083836
            ],
            [
              -72.2930082,
              43.708425
            ],
            [
              -72.2930572,
              43.7083845
            ],
            [
              -72.2930449,
              43.7083768
            ],
            [
              -72.2930939,
              43.7083362
            ],
            [
              -72.2930664,
              43.7083189
            ],
            [
              -72.2930986,
              43.7082922
            ],
            [
              -72.2931135,
              43.7083016
            ],
            [
              -72.2931286,
              43.708289
            ],
            [
              -72.2931699,
              43.708315
            ],
            [
              -72.2932083,
              43.7082832
            ]
          ]
        ]
      },
      "id": "way/639042015"
    },
    {
      "type": "Feature",
      "properties": {
        "@id": "way/639042017",
        "addr:city": "Hanover",
        "addr:housenumber": "8",
        "addr:postcode": "03755",
        "addr:state": "NH",
        "addr:street": "Occom Ridge",
        "building": "house"
      },
      "geometry": {
        "type": "Polygon",
        "coordinates": [
          [
            [
              -72.2928199,
              43.7086273
            ],
            [
              -72.2927862,
              43.7086059
            ],
            [
              -72.2928287,
              43.7085709
            ],
            [
              -72.2927447,
              43.7085176
            ],
            [
              -72.2927683,
              43.7084981
            ],
            [
              -72.2927077,
              43.7084596
            ],
            [
              -72.2926903,
              43.7084739
            ],
            [
              -72.2926307,
              43.708436
            ],
            [
              -72.2926216,
              43.7084436
            ],
            [
              -72.2925963,
              43.7084275
            ],
            [
              -72.2925141,
              43.7084952
            ],
            [
              -72.2924924,
              43.7085131
            ],
            [
              -72.2925684,
              43.7085613
            ],
            [
              -72.2924709,
              43.7086416
            ],
            [
              -72.2925428,
              43.7086872
            ],
            [
              -72.2926429,
              43.7086048
            ],
            [
              -72.2927583,
              43.708678
            ],
            [
              -72.2928199,
              43.7086273
            ]
          ]
        ]
      },
      "id": "way/639042017"
    },
    {
      "type": "Feature",
      "properties": {
        "@id": "way/639042020",
        "addr:city": "Hanover",
        "addr:housenumber": "8",
        "addr:postcode": "03755",
        "addr:state": "NH",
        "addr:street": "Occom Ridge",
        "building": "garage"
      },
      "geometry": {
        "type": "Polygon",
        "coordinates": [
          [
            [
              -72.2928659,
              43.7087423
            ],
            [
              -72.2927939,
              43.7087028
            ],
            [
              -72.2927393,
              43.708755
            ],
            [
              -72.2928113,
              43.7087944
            ],
            [
              -72.2928659,
              43.7087423
            ]
          ]
        ]
      },
      "id": "way/639042020"
    },
    {
      "type": "Feature",
      "properties": {
        "@id": "way/639042021",
        "addr:city": "Hanover",
        "addr:housenumber": "10",
        "addr:postcode": "03755",
        "addr:state": "NH",
        "addr:street": "Occom Ridge",
        "building": "house"
      },
      "geometry": {
        "type": "Polygon",
        "coordinates": [
          [
            [
              -72.292423,
              43.7088682
            ],
            [
              -72.2922732,
              43.7087689
            ],
            [
              -72.2921458,
              43.7088693
            ],
            [
              -72.2921808,
              43.7088925
            ],
            [
              -72.2921513,
              43.7089157
            ],
            [
              -72.292213,
              43.7089566
            ],
            [
              -72.2922478,
              43.7089291
            ],
            [
              -72.2922538,
              43.7089331
            ],
            [
              -72.2922907,
              43.708904
            ],
            [
              -72.2923379,
              43.7089353
            ],
            [
              -72.292423,
              43.7088682
            ]
          ]
        ]
      },
      "id": "way/639042021"
    },
    {
      "type": "Feature",
      "properties": {
        "@id": "way/639042024",
        "addr:city": "Hanover",
        "addr:housenumber": "10",
        "addr:postcode": "03755",
        "addr:state": "NH",
        "addr:street": "Occom Ridge",
        "building": "garage"
      },
      "geometry": {
        "type": "Polygon",
        "coordinates": [
          [
            [
              -72.2925661,
              43.7089449
            ],
            [
              -72.2926375,
              43.7088835
            ],
            [
              -72.2925615,
              43.7088372
            ],
            [
              -72.29249,
              43.7088986
            ],
            [
              -72.2925661,
              43.7089449
            ]
          ]
        ]
      },
      "id": "way/639042024"
    },
    {
      "type": "Feature",
      "properties": {
        "@id": "way/639042026",
        "addr:city": "Hanover",
        "addr:housenumber": "12",
        "addr:postcode": "03755",
        "addr:state": "NH",
        "addr:street": "Occom Ridge",
        "building": "house"
      },
      "geometry": {
        "type": "Polygon",
        "coordinates": [
          [
            [
              -72.2919437,
              43.7093244
            ],
            [
              -72.2918832,
              43.7092871
            ],
            [
              -72.291899,
              43.7092737
            ],
            [
              -72.2919001,
              43.7092622
            ],
            [
              -72.2918944,
              43.7092548
            ],
            [
              -72.2918797,
              43.7092482
            ],
            [
              -72.2918672,
              43.709249
            ],
            [
              -72.2918581,
              43.7092515
            ],
            [
              -72.2918358,
              43.7092342
            ],
            [
              -72.2918467,
              43.7092269
            ],
            [
              -72.2918467,
              43.7092121
            ],
            [
              -72.2918365,
              43.7092022
            ],
            [
              -72.291824,
              43.7091998
            ],
            [
              -72.2918059,
              43.7092014
            ],
            [
              -72.2917922,
              43.7092072
            ],
            [
              -72.2917075,
              43.7092791
            ],
            [
              -72.2918074,
              43.7093406
            ],
            [
              -72.2918153,
              43.7093339
            ],
            [
              -72.2918833,
              43.7093757
            ],
            [
              -72.2919437,
              43.7093244
            ]
          ]
        ]
      },
      "id": "way/639042026"
    },
    {
      "type": "Feature",
      "properties": {
        "@id": "way/639042028",
        "addr:city": "Hanover",
        "addr:housenumber": "12",
        "addr:postcode": "03755",
        "addr:state": "NH",
        "addr:street": "Occom Ridge",
        "building": "yes"
      },
      "geometry": {
        "type": "Polygon",
        "coordinates": [
          [
            [
              -72.2920682,
              43.7092877
            ],
            [
              -72.2920197,
              43.7093313
            ],
            [
              -72.2920928,
              43.7093737
            ],
            [
              -72.2921413,
              43.7093302
            ],
            [
              -72.2920682,
              43.7092877
            ]
          ]
        ]
      },
      "id": "way/639042028"
    },
    {
      "type": "Feature",
      "properties": {
        "@id": "way/639859755",
        "addr:city": "Hanover",
        "addr:housenumber": "9",
        "addr:postcode": "03755",
        "addr:state": "NH",
        "addr:street": "Occom Ridge",
        "building": "house"
      },
      "geometry": {
        "type": "Polygon",
        "coordinates": [
          [
            [
              -72.2918276,
              43.7084905
            ],
            [
              -72.2918949,
              43.7084344
            ],
            [
              -72.2917807,
              43.7083628
            ],
            [
              -72.2918342,
              43.7083182
            ],
            [
              -72.2917052,
              43.7082372
            ],
            [
              -72.2916893,
              43.7082505
            ],
            [
              -72.2916691,
              43.7082379
            ],
            [
              -72.2916278,
              43.7082723
            ],
            [
              -72.291577,
              43.7082405
            ],
            [
              -72.2915425,
              43.7082693
            ],
            [
              -72.2917045,
              43.7083708
            ],
            [
              -72.2916754,
              43.708395
            ],
            [
              -72.2918276,
              43.7084905
            ]
          ]
        ]
      },
      "id": "way/639859755"
    },
    {
      "type": "Feature",
      "properties": {
        "@id": "way/639859756",
        "addr:city": "Hanover",
        "addr:housenumber": "16",
        "addr:postcode": "03755",
        "addr:state": "NH",
        "addr:street": "Choate Road",
        "building": "house"
      },
      "geometry": {
        "type": "Polygon",
        "coordinates": [
          [
            [
              -72.2916643,
              43.7086221
            ],
            [
              -72.2914587,
              43.7084993
            ],
            [
              -72.2913847,
              43.708564
            ],
            [
              -72.2915418,
              43.7086579
            ],
            [
              -72.2915352,
              43.7086637
            ],
            [
              -72.2915724,
              43.7086859
            ],
            [
              -72.2915991,
              43.7086625
            ],
            [
              -72.2916125,
              43.7086674
            ],
            [
              -72.2916643,
              43.7086221
            ]
          ]
        ]
      },
      "id": "way/639859756"
    },
    {
      "type": "Feature",
      "properties": {
        "@id": "way/639859765",
        "addr:city": "Hanover",
        "addr:housenumber": "8",
        "addr:postcode": "03755",
        "addr:state": "NH",
        "addr:street": "Clement Road",
        "building": "house"
      },
      "geometry": {
        "type": "Polygon",
        "coordinates": [
          [
            [
              -72.2905174,
              43.7085854
            ],
            [
              -72.2905444,
              43.7085533
            ],
            [
              -72.2903937,
              43.7084871
            ],
            [
              -72.2903643,
              43.7085221
            ],
            [
              -72.2903785,
              43.7085284
            ],
            [
              -72.2903132,
              43.7086061
            ],
            [
              -72.2903752,
              43.7086333
            ],
            [
              -72.2903693,
              43.7086403
            ],
            [
              -72.2904944,
              43.7086953
            ],
            [
              -72.290539,
              43.7086422
            ],
            [
              -72.2905005,
              43.7086253
            ],
            [
              -72.2905202,
              43.7086019
            ],
            [
              -72.2904397,
              43.7085665
            ],
            [
              -72.2904491,
              43.7085554
            ],
            [
              -72.2905174,
              43.7085854
            ]
          ]
        ]
      },
      "id": "way/639859765"
    },
    {
      "type": "Feature",
      "properties": {
        "@id": "way/639859768",
        "addr:city": "Hanover",
        "addr:housenumber": "6",
        "addr:postcode": "03755",
        "addr:state": "NH",
        "addr:street": "Clement Road",
        "building": "house"
      },
      "geometry": {
        "type": "Polygon",
        "coordinates": [
          [
            [
              -72.2901503,
              43.7084456
            ],
            [
              -72.2902447,
              43.7083251
            ],
            [
              -72.2900529,
              43.7082466
            ],
            [
              -72.2900176,
              43.7082918
            ],
            [
              -72.2900561,
              43.7083075
            ],
            [
              -72.2899971,
              43.7083829
            ],
            [
              -72.2901503,
              43.7084456
            ]
          ]
        ]
      },
      "id": "way/639859768"
    },
    {
      "type": "Feature",
      "properties": {
        "@id": "way/639859771",
        "addr:city": "Hanover",
        "addr:housenumber": "4",
        "addr:postcode": "03755",
        "addr:state": "NH",
        "addr:street": "Clement Road",
        "building": "house"
      },
      "geometry": {
        "type": "Polygon",
        "coordinates": [
          [
            [
              -72.2897449,
              43.7083278
            ],
            [
              -72.289808,
              43.7082508
            ],
            [
              -72.2897491,
              43.7082256
            ],
            [
              -72.2897824,
              43.7081849
            ],
            [
              -72.289646,
              43.7081265
            ],
            [
              -72.2895496,
              43.7082442
            ],
            [
              -72.2897449,
              43.7083278
            ]
          ]
        ]
      },
      "id": "way/639859771"
    },
    {
      "type": "Feature",
      "properties": {
        "@id": "way/639859772",
        "addr:city": "Hanover",
        "addr:housenumber": "2",
        "addr:postcode": "03755",
        "addr:state": "NH",
        "addr:street": "Clement Road",
        "building": "university",
        "name": "Living Learning Faculty House"
      },
      "geometry": {
        "type": "Polygon",
        "coordinates": [
          [
            [
              -72.2892238,
              43.7080823
            ],
            [
              -72.2892534,
              43.7080955
            ],
            [
              -72.2892369,
              43.7081148
            ],
            [
              -72.2892799,
              43.7081339
            ],
            [
              -72.2892856,
              43.7081273
            ],
            [
              -72.2893574,
              43.7081593
            ],
            [
              -72.2894315,
              43.7080724
            ],
            [
              -72.2893228,
              43.708024
            ],
            [
              -72.2893668,
              43.7079724
            ],
            [
              -72.2892375,
              43.7079148
            ],
            [
              -72.2891894,
              43.7079712
            ],
            [
              -72.2892829,
              43.7080129
            ],
            [
              -72.2892238,
              43.7080823
            ]
          ]
        ]
      },
      "id": "way/639859772"
    },
    {
      "type": "Feature",
      "properties": {
        "@id": "way/639859777",
        "addr:city": "Hanover",
        "addr:housenumber": "7",
        "addr:postcode": "03755",
        "addr:state": "NH",
        "addr:street": "Choate Road",
        "building": "yes"
      },
      "geometry": {
        "type": "Polygon",
        "coordinates": [
          [
            [
              -72.290512,
              43.7079114
            ],
            [
              -72.2905321,
              43.7079168
            ],
            [
              -72.2905383,
              43.7079047
            ],
            [
              -72.2906025,
              43.7079219
            ],
            [
              -72.2906282,
              43.707872
            ],
            [
              -72.2906764,
              43.707885
            ],
            [
              -72.290686,
              43.7078664
            ],
            [
              -72.2907012,
              43.7078705
            ],
            [
              -72.2907039,
              43.7078768
            ],
            [
              -72.2907079,
              43.7078812
            ],
            [
              -72.2907166,
              43.707885
            ],
            [
              -72.2907307,
              43.7078875
            ],
            [
              -72.2907441,
              43.7078826
            ],
            [
              -72.2907522,
              43.7078773
            ],
            [
              -72.2907569,
              43.7078671
            ],
            [
              -72.2907528,
              43.7078574
            ],
            [
              -72.2907401,
              43.7078492
            ],
            [
              -72.2907213,
              43.7078482
            ],
            [
              -72.2907106,
              43.7078521
            ],
            [
              -72.2906961,
              43.7078481
            ],
            [
              -72.290707,
              43.7078271
            ],
            [
              -72.2906563,
              43.7078133
            ],
            [
              -72.2906411,
              43.7078425
            ],
            [
              -72.290574,
              43.7078243
            ],
            [
              -72.2905029,
              43.7078049
            ],
            [
              -72.2905192,
              43.7077736
            ],
            [
              -72.2904679,
              43.7077597
            ],
            [
              -72.2904113,
              43.7078685
            ],
            [
              -72.2904291,
              43.7078733
            ],
            [
              -72.2903848,
              43.7079588
            ],
            [
              -72.2904749,
              43.7079831
            ],
            [
              -72.290512,
              43.7079114
            ]
          ]
        ]
      },
      "id": "way/639859777"
    },
    {
      "type": "Feature",
      "properties": {
        "@id": "way/639859781",
        "addr:city": "Hanover",
        "addr:housenumber": "5",
        "addr:postcode": "03755",
        "addr:state": "NH",
        "addr:street": "Choate Road",
        "building": "yes"
      },
      "geometry": {
        "type": "Polygon",
        "coordinates": [
          [
            [
              -72.2900487,
              43.707643
            ],
            [
              -72.2900076,
              43.7077205
            ],
            [
              -72.2900621,
              43.7077356
            ],
            [
              -72.2900179,
              43.7078189
            ],
            [
              -72.2900914,
              43.7078393
            ],
            [
              -72.2901338,
              43.7077595
            ],
            [
              -72.2901747,
              43.7077709
            ],
            [
              -72.2901803,
              43.7077604
            ],
            [
              -72.2902228,
              43.7077722
            ],
            [
              -72.2902553,
              43.707711
            ],
            [
              -72.2902122,
              43.707699
            ],
            [
              -72.2902171,
              43.7076897
            ],
            [
              -72.2901358,
              43.7076672
            ],
            [
              -72.2900487,
              43.707643
            ]
          ]
        ]
      },
      "id": "way/639859781"
    },
    {
      "type": "Feature",
      "properties": {
        "@id": "way/639859782",
        "addr:city": "Hanover",
        "addr:housenumber": "3",
        "addr:postcode": "03755",
        "addr:state": "NH",
        "addr:street": "Choate Road",
        "building": "house"
      },
      "geometry": {
        "type": "Polygon",
        "coordinates": [
          [
            [
              -72.2898157,
              43.7077008
            ],
            [
              -72.289864,
              43.7076036
            ],
            [
              -72.2897566,
              43.7075757
            ],
            [
              -72.2897648,
              43.7075592
            ],
            [
              -72.2897477,
              43.7075547
            ],
            [
              -72.2897222,
              43.7075481
            ],
            [
              -72.2897163,
              43.7075601
            ],
            [
              -72.289666,
              43.707547
            ],
            [
              -72.2896295,
              43.7076204
            ],
            [
              -72.2897646,
              43.7076555
            ],
            [
              -72.2897505,
              43.7076839
            ],
            [
              -72.2898157,
              43.7077008
            ]
          ]
        ]
      },
      "id": "way/639859782"
    },
    {
      "type": "Feature",
      "properties": {
        "@id": "way/640393061",
        "addr:city": "Hanover",
        "addr:housenumber": "14",
        "addr:postcode": "03755",
        "addr:state": "NH",
        "addr:street": "Occom Ridge",
        "building": "house"
      },
      "geometry": {
        "type": "Polygon",
        "coordinates": [
          [
            [
              -72.29158,
              43.7097248
            ],
            [
              -72.2916495,
              43.7096559
            ],
            [
              -72.2916224,
              43.7096416
            ],
            [
              -72.291639,
              43.7096251
            ],
            [
              -72.2916019,
              43.7096056
            ],
            [
              -72.2916229,
              43.7095847
            ],
            [
              -72.291576,
              43.7095599
            ],
            [
              -72.2915541,
              43.7095816
            ],
            [
              -72.2915128,
              43.7095598
            ],
            [
              -72.2914487,
              43.7096233
            ],
            [
              -72.2914534,
              43.7096276
            ],
            [
              -72.2914334,
              43.7096475
            ],
            [
              -72.29158,
              43.7097248
            ]
          ]
        ]
      },
      "id": "way/640393061"
    },
    {
      "type": "Feature",
      "properties": {
        "@id": "way/640393062",
        "addr:city": "Hanover",
        "addr:housenumber": "16",
        "addr:postcode": "03755",
        "addr:state": "NH",
        "addr:street": "Occom Ridge",
        "building": "house"
      },
      "geometry": {
        "type": "Polygon",
        "coordinates": [
          [
            [
              -72.291279,
              43.7099502
            ],
            [
              -72.2914124,
              43.7098317
            ],
            [
              -72.2913001,
              43.7097657
            ],
            [
              -72.2912632,
              43.7097985
            ],
            [
              -72.2912746,
              43.7098052
            ],
            [
              -72.2912445,
              43.7098319
            ],
            [
              -72.2912187,
              43.7098167
            ],
            [
              -72.2911856,
              43.709846
            ],
            [
              -72.2912172,
              43.7098646
            ],
            [
              -72.2911876,
              43.7098908
            ],
            [
              -72.2911735,
              43.7098826
            ],
            [
              -72.291139,
              43.7099133
            ],
            [
              -72.2912124,
              43.7099564
            ],
            [
              -72.2912431,
              43.7099291
            ],
            [
              -72.291279,
              43.7099502
            ]
          ]
        ]
      },
      "id": "way/640393062"
    },
    {
      "type": "Feature",
      "properties": {
        "@id": "way/641064101",
        "addr:city": "Hanover",
        "addr:housenumber": "5",
        "addr:postcode": "03755",
        "addr:state": "NH",
        "addr:street": "Webster Terrace",
        "building": "garage"
      },
      "geometry": {
        "type": "Polygon",
        "coordinates": [
          [
            [
              -72.2956832,
              43.7061613
            ],
            [
              -72.2957182,
              43.7061929
            ],
            [
              -72.2957828,
              43.7061554
            ],
            [
              -72.2957479,
              43.7061238
            ],
            [
              -72.2956832,
              43.7061613
            ]
          ]
        ]
      },
      "id": "way/641064101"
    },
    {
      "type": "Feature",
      "properties": {
        "@id": "way/641064102",
        "addr:city": "Hanover",
        "addr:housenumber": "5",
        "addr:postcode": "03755",
        "addr:state": "NH",
        "addr:street": "Webster Terrace",
        "building": "house"
      },
      "geometry": {
        "type": "Polygon",
        "coordinates": [
          [
            [
              -72.2956463,
              43.7060155
            ],
            [
              -72.2957134,
              43.7060816
            ],
            [
              -72.2957472,
              43.7060636
            ],
            [
              -72.2957591,
              43.7060752
            ],
            [
              -72.2958191,
              43.7060433
            ],
            [
              -72.2958069,
              43.7060314
            ],
            [
              -72.2958732,
              43.7059961
            ],
            [
              -72.2958064,
              43.7059305
            ],
            [
              -72.2956463,
              43.7060155
            ]
          ]
        ]
      },
      "id": "way/641064102"
    },
    {
      "type": "Feature",
      "properties": {
        "@id": "way/641064103",
        "addr:city": "Hanover",
        "addr:housenumber": "4",
        "addr:postcode": "03755",
        "addr:state": "NH",
        "addr:street": "Webster Terrace",
        "building": "garage"
      },
      "geometry": {
        "type": "Polygon",
        "coordinates": [
          [
            [
              -72.2956154,
              43.706383
            ],
            [
              -72.2955412,
              43.7063462
            ],
            [
              -72.2955141,
              43.7063748
            ],
            [
              -72.2955429,
              43.7063891
            ],
            [
              -72.2955254,
              43.7064075
            ],
            [
              -72.2955708,
              43.70643
            ],
            [
              -72.2956154,
              43.706383
            ]
          ]
        ]
      },
      "id": "way/641064103"
    },
    {
      "type": "Feature",
      "properties": {
        "@id": "way/641064104",
        "addr:city": "Hanover",
        "addr:housenumber": "4",
        "addr:postcode": "03755",
        "addr:state": "NH",
        "addr:street": "Webster Terrace",
        "building": "house"
      },
      "geometry": {
        "type": "Polygon",
        "coordinates": [
          [
            [
              -72.2955132,
              43.7062249
            ],
            [
              -72.2954502,
              43.7061659
            ],
            [
              -72.2954158,
              43.7061851
            ],
            [
              -72.2954085,
              43.7061783
            ],
            [
              -72.2953155,
              43.7062302
            ],
            [
              -72.2954008,
              43.7063101
            ],
            [
              -72.2954394,
              43.7062886
            ],
            [
              -72.2954243,
              43.7062745
            ],
            [
              -72.2955132,
              43.7062249
            ]
          ]
        ]
      },
      "id": "way/641064104"
    },
    {
      "type": "Feature",
      "properties": {
        "@id": "way/641064105",
        "addr:city": "Hanover",
        "addr:housenumber": "3",
        "addr:postcode": "03755",
        "addr:state": "NH",
        "addr:street": "Webster Terrace",
        "building": "house"
      },
      "geometry": {
        "type": "Polygon",
        "coordinates": [
          [
            [
              -72.2952794,
              43.7064903
            ],
            [
              -72.295325,
              43.7064342
            ],
            [
              -72.2952401,
              43.7063981
            ],
            [
              -72.2952512,
              43.7063845
            ],
            [
              -72.2951587,
              43.7063451
            ],
            [
              -72.2951461,
              43.7063606
            ],
            [
              -72.2951143,
              43.706347
            ],
            [
              -72.2950529,
              43.7064225
            ],
            [
              -72.2950779,
              43.7064332
            ],
            [
              -72.2950717,
              43.7064408
            ],
            [
              -72.2951468,
              43.7064728
            ],
            [
              -72.2951509,
              43.7064677
            ],
            [
              -72.2952044,
              43.7064904
            ],
            [
              -72.2952238,
              43.7064666
            ],
            [
              -72.2952794,
              43.7064903
            ]
          ]
        ]
      },
      "id": "way/641064105"
    },
    {
      "type": "Feature",
      "properties": {
        "@id": "way/641064106",
        "addr:city": "Hanover",
        "addr:housenumber": "1",
        "addr:postcode": "03755",
        "addr:state": "NH",
        "addr:street": "Webster Terrace",
        "building": "house"
      },
      "geometry": {
        "type": "Polygon",
        "coordinates": [
          [
            [
              -72.2948779,
              43.7068249
            ],
            [
              -72.2948577,
              43.7068093
            ],
            [
              -72.2949099,
              43.706774
            ],
            [
              -72.2948379,
              43.7067184
            ],
            [
              -72.2947059,
              43.7068079
            ],
            [
              -72.2947814,
              43.7068661
            ],
            [
              -72.2948117,
              43.7068455
            ],
            [
              -72.2948284,
              43.7068584
            ],
            [
              -72.2948779,
              43.7068249
            ]
          ]
        ]
      },
      "id": "way/641064106"
    },
    {
      "type": "Feature",
      "properties": {
        "@id": "way/641064107",
        "addr:city": "Hanover",
        "addr:housenumber": "2",
        "addr:postcode": "03755",
        "addr:state": "NH",
        "addr:street": "Webster Terrace",
        "building": "house"
      },
      "geometry": {
        "type": "Polygon",
        "coordinates": [
          [
            [
              -72.2949641,
              43.7066152
            ],
            [
              -72.2950183,
              43.7066294
            ],
            [
              -72.2950014,
              43.7066631
            ],
            [
              -72.2950698,
              43.7066811
            ],
            [
              -72.295092,
              43.7066369
            ],
            [
              -72.2950814,
              43.7066341
            ],
            [
              -72.2950906,
              43.7066159
            ],
            [
              -72.2950838,
              43.7066115
            ],
            [
              -72.2950889,
              43.7066013
            ],
            [
              -72.2951116,
              43.7066073
            ],
            [
              -72.2951278,
              43.7065751
            ],
            [
              -72.295001,
              43.7065418
            ],
            [
              -72.2949641,
              43.7066152
            ]
          ]
        ]
      },
      "id": "way/641064107"
    },
    {
      "type": "Feature",
      "properties": {
        "@id": "way/641064108",
        "addr:city": "Hanover",
        "addr:housenumber": "21",
        "addr:postcode": "03755",
        "addr:state": "NH",
        "addr:street": "Webster Avenue",
        "building": "semidetached_house"
      },
      "geometry": {
        "type": "Polygon",
        "coordinates": [
          [
            [
              -72.294709,
              43.7074532
            ],
            [
              -72.2948291,
              43.7073644
            ],
            [
              -72.2947137,
              43.7072828
            ],
            [
              -72.2945935,
              43.7073717
            ],
            [
              -72.294709,
              43.7074532
            ]
          ]
        ]
      },
      "id": "way/641064108"
    },
    {
      "type": "Feature",
      "properties": {
        "@id": "way/641064109",
        "addr:city": "Hanover",
        "addr:housenumber": "18",
        "addr:postcode": "03755",
        "addr:state": "NH",
        "addr:street": "Webster Avenue",
        "building": "house",
        "name": "West Faculty House"
      },
      "geometry": {
        "type": "Polygon",
        "coordinates": [
          [
            [
              -72.293951,
              43.7067758
            ],
            [
              -72.2939914,
              43.706684
            ],
            [
              -72.2940389,
              43.7066949
            ],
            [
              -72.2940608,
              43.7066452
            ],
            [
              -72.2940013,
              43.7066316
            ],
            [
              -72.2940563,
              43.7065065
            ],
            [
              -72.2939616,
              43.7064847
            ],
            [
              -72.2939239,
              43.7065704
            ],
            [
              -72.2938952,
              43.7065638
            ],
            [
              -72.2938156,
              43.7067447
            ],
            [
              -72.293951,
              43.7067758
            ]
          ]
        ]
      },
      "id": "way/641064109"
    },
    {
      "type": "Feature",
      "properties": {
        "@id": "way/641064110",
        "addr:city": "Hanover",
        "addr:housenumber": "17",
        "addr:postcode": "03755",
        "addr:state": "NH",
        "addr:street": "Choate Road",
        "building": "house"
      },
      "geometry": {
        "type": "Polygon",
        "coordinates": [
          [
            [
              -72.2908046,
              43.7085105
            ],
            [
              -72.290841,
              43.7084672
            ],
            [
              -72.2906726,
              43.7083933
            ],
            [
              -72.2906775,
              43.7083875
            ],
            [
              -72.2905868,
              43.7083477
            ],
            [
              -72.2905945,
              43.7083385
            ],
            [
              -72.2905086,
              43.7083009
            ],
            [
              -72.2904668,
              43.7083506
            ],
            [
              -72.2906192,
              43.7084175
            ],
            [
              -72.2905892,
              43.7084532
            ],
            [
              -72.2906363,
              43.7084739
            ],
            [
              -72.2906301,
              43.7084813
            ],
            [
              -72.2906601,
              43.7084945
            ],
            [
              -72.290666,
              43.7084874
            ],
            [
              -72.2907188,
              43.7085106
            ],
            [
              -72.2907419,
              43.708483
            ],
            [
              -72.2908046,
              43.7085105
            ]
          ]
        ]
      },
      "id": "way/641064110"
    },
    {
      "type": "Feature",
      "properties": {
        "@id": "way/641413535",
        "addr:city": "Hanover",
        "addr:housenumber": "5",
        "addr:postcode": "03755",
        "addr:state": "NH",
        "addr:street": "Clement Road",
        "building": "yes"
      },
      "geometry": {
        "type": "Polygon",
        "coordinates": [
          [
            [
              -72.2894231,
              43.7087883
            ],
            [
              -72.2895003,
              43.7086938
            ],
            [
              -72.2894445,
              43.7086699
            ],
            [
              -72.2894483,
              43.7086652
            ],
            [
              -72.2894135,
              43.7086504
            ],
            [
              -72.2894096,
              43.7086551
            ],
            [
              -72.2893441,
              43.7086272
            ],
            [
              -72.2893353,
              43.708638
            ],
            [
              -72.2891962,
              43.7085786
            ],
            [
              -72.2891539,
              43.7086305
            ],
            [
              -72.2892332,
              43.7086644
            ],
            [
              -72.2892445,
              43.7086506
            ],
            [
              -72.2892647,
              43.7086592
            ],
            [
              -72.289216,
              43.7087188
            ],
            [
              -72.2892967,
              43.7087532
            ],
            [
              -72.2893304,
              43.7087119
            ],
            [
              -72.289355,
              43.7087223
            ],
            [
              -72.2893326,
              43.7087497
            ],
            [
              -72.2894231,
              43.7087883
            ]
          ]
        ]
      },
      "id": "way/641413535"
    },
    {
      "type": "Feature",
      "properties": {
        "@id": "way/641413536",
        "addr:city": "Hanover",
        "addr:housenumber": "3",
        "addr:postcode": "03755",
        "addr:state": "NH",
        "addr:street": "Clement Road",
        "building": "house"
      },
      "geometry": {
        "type": "Polygon",
        "coordinates": [
          [
            [
              -72.2888666,
              43.7085385
            ],
            [
              -72.2888862,
              43.7085471
            ],
            [
              -72.2888757,
              43.7085597
            ],
            [
              -72.2889504,
              43.7085924
            ],
            [
              -72.289038,
              43.7084877
            ],
            [
              -72.2889782,
              43.7084615
            ],
            [
              -72.2889907,
              43.7084465
            ],
            [
              -72.288948,
              43.7084279
            ],
            [
              -72.2889363,
              43.7084419
            ],
            [
              -72.2888736,
              43.7084145
            ],
            [
              -72.2887483,
              43.7085644
            ],
            [
              -72.288819,
              43.7085953
            ],
            [
              -72.2888666,
              43.7085385
            ]
          ]
        ]
      },
      "id": "way/641413536"
    },
    {
      "type": "Feature",
      "properties": {
        "@id": "way/641413538",
        "addr:city": "Hanover",
        "addr:housenumber": "4",
        "addr:postcode": "03755",
        "addr:state": "NH",
        "addr:street": "Rope Ferry Road",
        "building": "yes"
      },
      "geometry": {
        "type": "Polygon",
        "coordinates": [
          [
            [
              -72.2883221,
              43.7086409
            ],
            [
              -72.2882402,
              43.7086054
            ],
            [
              -72.2882449,
              43.7085932
            ],
            [
              -72.2881723,
              43.7085622
            ],
            [
              -72.2881029,
              43.708647
            ],
            [
              -72.2880858,
              43.7086396
            ],
            [
              -72.2880475,
              43.7086864
            ],
            [
              -72.2880804,
              43.7087005
            ],
            [
              -72.2880455,
              43.7087431
            ],
            [
              -72.288133,
              43.7087806
            ],
            [
              -72.2881197,
              43.7087968
            ],
            [
              -72.2881624,
              43.7088152
            ],
            [
              -72.2881727,
              43.7088028
            ],
            [
              -72.2882099,
              43.7088188
            ],
            [
              -72.2882573,
              43.7087616
            ],
            [
              -72.2882163,
              43.7087438
            ],
            [
              -72.288241,
              43.708714
            ],
            [
              -72.288256,
              43.7087205
            ],
            [
              -72.2883221,
              43.7086409
            ]
          ]
        ]
      },
      "id": "way/641413538"
    },
    {
      "type": "Feature",
      "properties": {
        "@id": "way/641413540",
        "addr:city": "Hanover",
        "addr:housenumber": "6",
        "addr:postcode": "03755",
        "addr:state": "NH",
        "addr:street": "Rope Ferry Road",
        "building": "yes"
      },
      "geometry": {
        "type": "Polygon",
        "coordinates": [
          [
            [
              -72.2877833,
              43.7092226
            ],
            [
              -72.287689,
              43.7091779
            ],
            [
              -72.2876345,
              43.709238
            ],
            [
              -72.2877288,
              43.7092827
            ],
            [
              -72.2877833,
              43.7092226
            ]
          ]
        ]
      },
      "id": "way/641413540"
    },
    {
      "type": "Feature",
      "properties": {
        "@id": "way/641413541",
        "addr:city": "Hanover",
        "addr:housenumber": "6",
        "addr:postcode": "03755",
        "addr:state": "NH",
        "addr:street": "Rope Ferry Road",
        "building": "yes"
      },
      "geometry": {
        "type": "Polygon",
        "coordinates": [
          [
            [
              -72.2879687,
              43.7090269
            ],
            [
              -72.2879261,
              43.7090081
            ],
            [
              -72.2879438,
              43.708987
            ],
            [
              -72.2878601,
              43.7089503
            ],
            [
              -72.287847,
              43.7089659
            ],
            [
              -72.2877793,
              43.7089361
            ],
            [
              -72.2877392,
              43.7089838
            ],
            [
              -72.2877541,
              43.7089904
            ],
            [
              -72.2877147,
              43.7090373
            ],
            [
              -72.2877989,
              43.7090742
            ],
            [
              -72.2877666,
              43.7091128
            ],
            [
              -72.2879313,
              43.7091851
            ],
            [
              -72.2879739,
              43.7091344
            ],
            [
              -72.2879041,
              43.7091038
            ],
            [
              -72.2879687,
              43.7090269
            ]
          ]
        ]
      },
      "id": "way/641413541"
    },
    {
      "type": "Feature",
      "properties": {
        "@id": "way/642362808",
        "addr:city": "Hanover",
        "addr:housenumber": "10",
        "addr:postcode": "03755",
        "addr:state": "NH",
        "addr:street": "Rope Ferry Road",
        "building": "house"
      },
      "geometry": {
        "type": "Polygon",
        "coordinates": [
          [
            [
              -72.2872721,
              43.7097901
            ],
            [
              -72.2872149,
              43.7097632
            ],
            [
              -72.2872624,
              43.7097104
            ],
            [
              -72.2872392,
              43.7096995
            ],
            [
              -72.2872555,
              43.7096814
            ],
            [
              -72.2872613,
              43.7096842
            ],
            [
              -72.2872967,
              43.7096449
            ],
            [
              -72.2872192,
              43.7096084
            ],
            [
              -72.2871698,
              43.7096633
            ],
            [
              -72.2871286,
              43.7096439
            ],
            [
              -72.2870291,
              43.7097544
            ],
            [
              -72.2870152,
              43.7097479
            ],
            [
              -72.286993,
              43.7097725
            ],
            [
              -72.2870742,
              43.7098107
            ],
            [
              -72.2870965,
              43.709786
            ],
            [
              -72.2870759,
              43.7097763
            ],
            [
              -72.2870902,
              43.7097605
            ],
            [
              -72.2871217,
              43.7097753
            ],
            [
              -72.2871107,
              43.7097875
            ],
            [
              -72.2872258,
              43.7098416
            ],
            [
              -72.2872721,
              43.7097901
            ]
          ]
        ]
      },
      "id": "way/642362808"
    },
    {
      "type": "Feature",
      "properties": {
        "@id": "way/642362809",
        "addr:city": "Hanover",
        "addr:housenumber": "12",
        "addr:postcode": "03755",
        "addr:state": "NH",
        "addr:street": "Rope Ferry Road",
        "building": "house",
        "name": "Montgomery House"
      },
      "geometry": {
        "type": "Polygon",
        "coordinates": [
          [
            [
              -72.2870146,
              43.7101036
            ],
            [
              -72.2870988,
              43.7100154
            ],
            [
              -72.2869028,
              43.7099177
            ],
            [
              -72.2867619,
              43.7100655
            ],
            [
              -72.286754,
              43.7100615
            ],
            [
              -72.2866983,
              43.71012
            ],
            [
              -72.2867659,
              43.7101537
            ],
            [
              -72.2868784,
              43.7100357
            ],
            [
              -72.2870146,
              43.7101036
            ]
          ]
        ]
      },
      "id": "way/642362809"
    },
    {
      "type": "Feature",
      "properties": {
        "@id": "way/642843755",
        "addr:city": "Hanover",
        "addr:housenumber": "13",
        "addr:postcode": "03755",
        "addr:state": "NH",
        "addr:street": "Rope Ferry Road",
        "building": "house"
      },
      "geometry": {
        "type": "Polygon",
        "coordinates": [
          [
            [
              -72.2863371,
              43.7094168
            ],
            [
              -72.2863918,
              43.7093568
            ],
            [
              -72.2862096,
              43.70927
            ],
            [
              -72.2862598,
              43.7092149
            ],
            [
              -72.286212,
              43.7091922
            ],
            [
              -72.2862033,
              43.7092017
            ],
            [
              -72.2861693,
              43.7091856
            ],
            [
              -72.2861185,
              43.7092414
            ],
            [
              -72.286148,
              43.7092554
            ],
            [
              -72.2861266,
              43.7092788
            ],
            [
              -72.28617,
              43.7092995
            ],
            [
              -72.2861056,
              43.7093701
            ],
            [
              -72.2862966,
              43.7094611
            ],
            [
              -72.2863103,
              43.709446
            ],
            [
              -72.2863274,
              43.7094542
            ],
            [
              -72.2863541,
              43.7094248
            ],
            [
              -72.2863371,
              43.7094168
            ]
          ]
        ]
      },
      "id": "way/642843755"
    },
    {
      "type": "Feature",
      "properties": {
        "@id": "way/642843756",
        "addr:city": "Hanover",
        "addr:housenumber": "15",
        "addr:postcode": "03755",
        "addr:state": "NH",
        "addr:street": "Rope Ferry Road",
        "building": "yes"
      },
      "geometry": {
        "type": "Polygon",
        "coordinates": [
          [
            [
              -72.2860575,
              43.7094272
            ],
            [
              -72.2859599,
              43.7093844
            ],
            [
              -72.2859143,
              43.7094388
            ],
            [
              -72.2860119,
              43.7094816
            ],
            [
              -72.2860575,
              43.7094272
            ]
          ]
        ]
      },
      "id": "way/642843756"
    },
    {
      "type": "Feature",
      "properties": {
        "@id": "way/642843757",
        "addr:city": "Hanover",
        "addr:housenumber": "15",
        "addr:postcode": "03755",
        "addr:state": "NH",
        "addr:street": "Rope Ferry Road",
        "building": "house"
      },
      "geometry": {
        "type": "Polygon",
        "coordinates": [
          [
            [
              -72.2862852,
              43.7096283
            ],
            [
              -72.2861755,
              43.709575
            ],
            [
              -72.2861472,
              43.7096054
            ],
            [
              -72.2861224,
              43.7095933
            ],
            [
              -72.2860517,
              43.7096693
            ],
            [
              -72.2860928,
              43.7096893
            ],
            [
              -72.2860718,
              43.7097119
            ],
            [
              -72.2861809,
              43.7097649
            ],
            [
              -72.2862721,
              43.7096668
            ],
            [
              -72.2862564,
              43.7096592
            ],
            [
              -72.2862852,
              43.7096283
            ]
          ]
        ]
      },
      "id": "way/642843757"
    },
    {
      "type": "Feature",
      "properties": {
        "@id": "way/642843758",
        "addr:city": "Hanover",
        "addr:housenumber": "17",
        "addr:postcode": "03755",
        "addr:state": "NH",
        "addr:street": "Rope Ferry Road",
        "building": "yes"
      },
      "geometry": {
        "type": "Polygon",
        "coordinates": [
          [
            [
              -72.2857717,
              43.7097464
            ],
            [
              -72.2858201,
              43.709692
            ],
            [
              -72.2857298,
              43.70965
            ],
            [
              -72.2856814,
              43.7097044
            ],
            [
              -72.2857717,
              43.7097464
            ]
          ]
        ]
      },
      "id": "way/642843758"
    },
    {
      "type": "Feature",
      "properties": {
        "@id": "way/642843759",
        "addr:city": "Hanover",
        "addr:housenumber": "17",
        "addr:postcode": "03755",
        "addr:state": "NH",
        "addr:street": "Rope Ferry Road",
        "building": "house"
      },
      "geometry": {
        "type": "Polygon",
        "coordinates": [
          [
            [
              -72.2861035,
              43.709863
            ],
            [
              -72.2860239,
              43.7098239
            ],
            [
              -72.2860028,
              43.7098464
            ],
            [
              -72.2859205,
              43.709806
            ],
            [
              -72.2858778,
              43.7098515
            ],
            [
              -72.2857753,
              43.7098012
            ],
            [
              -72.285743,
              43.7098055
            ],
            [
              -72.2857327,
              43.7097655
            ],
            [
              -72.2856294,
              43.7097793
            ],
            [
              -72.2856428,
              43.7098313
            ],
            [
              -72.2856699,
              43.7098276
            ],
            [
              -72.2856745,
              43.7098453
            ],
            [
              -72.2857325,
              43.7098722
            ],
            [
              -72.2857169,
              43.7098898
            ],
            [
              -72.2857298,
              43.7098958
            ],
            [
              -72.2857184,
              43.7099087
            ],
            [
              -72.2857571,
              43.7099266
            ],
            [
              -72.2857522,
              43.7099321
            ],
            [
              -72.2858533,
              43.7099788
            ],
            [
              -72.2858717,
              43.7099714
            ],
            [
              -72.2859608,
              43.7100151
            ],
            [
              -72.2861035,
              43.709863
            ]
          ]
        ]
      },
      "id": "way/642843759"
    },
    {
      "type": "Feature",
      "properties": {
        "@id": "way/643091503",
        "addr:city": "Hanover",
        "addr:housenumber": "14",
        "addr:postcode": "03755",
        "addr:state": "NH",
        "addr:street": "Sargent Street",
        "building": "house"
      },
      "geometry": {
        "type": "Polygon",
        "coordinates": [
          [
            [
              -72.2960578,
              43.7018817
            ],
            [
              -72.2961484,
              43.7018752
            ],
            [
              -72.2961418,
              43.7018277
            ],
            [
              -72.2960954,
              43.701831
            ],
            [
              -72.2960797,
              43.7017179
            ],
            [
              -72.2959997,
              43.7017237
            ],
            [
              -72.296002,
              43.7017406
            ],
            [
              -72.2958657,
              43.7017505
            ],
            [
              -72.2958765,
              43.701829
            ],
            [
              -72.2960488,
              43.7018166
            ],
            [
              -72.2960578,
              43.7018817
            ]
          ]
        ]
      },
      "id": "way/643091503"
    },
    {
      "type": "Feature",
      "properties": {
        "@id": "way/643091504",
        "addr:city": "Hanover",
        "addr:housenumber": "12",
        "addr:postcode": "03755",
        "addr:state": "NH",
        "addr:street": "Sargent Street",
        "building": "house"
      },
      "geometry": {
        "type": "Polygon",
        "coordinates": [
          [
            [
              -72.2958726,
              43.7016256
            ],
            [
              -72.296023,
              43.7016177
            ],
            [
              -72.2960142,
              43.7015308
            ],
            [
              -72.295959,
              43.7015337
            ],
            [
              -72.2959604,
              43.7015473
            ],
            [
              -72.2958654,
              43.7015523
            ],
            [
              -72.2958677,
              43.7015753
            ],
            [
              -72.2958186,
              43.7015779
            ],
            [
              -72.2958227,
              43.7016181
            ],
            [
              -72.2958716,
              43.7016156
            ],
            [
              -72.2958726,
              43.7016256
            ]
          ]
        ]
      },
      "id": "way/643091504"
    },
    {
      "type": "Feature",
      "properties": {
        "@id": "way/643091507",
        "addr:city": "Hanover",
        "addr:housenumber": "10",
        "addr:postcode": "03755",
        "addr:state": "NH",
        "addr:street": "Sargent Street",
        "building": "house"
      },
      "geometry": {
        "type": "Polygon",
        "coordinates": [
          [
            [
              -72.295967,
              43.701386
            ],
            [
              -72.2959592,
              43.7013234
            ],
            [
              -72.2959961,
              43.7013209
            ],
            [
              -72.2959863,
              43.7012419
            ],
            [
              -72.2959058,
              43.7012471
            ],
            [
              -72.2959089,
              43.7012716
            ],
            [
              -72.2958905,
              43.7012728
            ],
            [
              -72.2958964,
              43.7013196
            ],
            [
              -72.2958073,
              43.7013255
            ],
            [
              -72.2958161,
              43.7013959
            ],
            [
              -72.295967,
              43.701386
            ]
          ]
        ]
      },
      "id": "way/643091507"
    },
    {
      "type": "Feature",
      "properties": {
        "@id": "way/643091508",
        "addr:city": "Hanover",
        "addr:housenumber": "10",
        "addr:postcode": "03755",
        "addr:state": "NH",
        "addr:street": "Sargent Street",
        "building": "carport"
      },
      "geometry": {
        "type": "Polygon",
        "coordinates": [
          [
            [
              -72.2958766,
              43.7012587
            ],
            [
              -72.2958708,
              43.7012253
            ],
            [
              -72.2957884,
              43.7012327
            ],
            [
              -72.2957942,
              43.7012661
            ],
            [
              -72.2958766,
              43.7012587
            ]
          ]
        ]
      },
      "id": "way/643091508"
    },
    {
      "type": "Feature",
      "properties": {
        "@id": "way/644376635",
        "addr:city": "Hanover",
        "addr:housenumber": "5",
        "addr:postcode": "03755",
        "addr:state": "NH",
        "addr:street": "Summer Street",
        "amenity": "place_of_worship",
        "building": "yes",
        "denomination": "lutheran",
        "email": "info@oslchanover.org",
        "name": "Our Savior Lutheran Church",
        "phone": "+1-603-643-3703",
        "religion": "christian",
        "website": "https://oslchanover.org/"
      },
      "geometry": {
        "type": "Polygon",
        "coordinates": [
          [
            [
              -72.2829306,
              43.7002052
            ],
            [
              -72.2828367,
              43.7000704
            ],
            [
              -72.2826919,
              43.7001228
            ],
            [
              -72.2826463,
              43.7000569
            ],
            [
              -72.2825564,
              43.7000879
            ],
            [
              -72.2825189,
              43.7000888
            ],
            [
              -72.2824787,
              43.7001015
            ],
            [
              -72.2824652,
              43.7000888
            ],
            [
              -72.282429,
              43.7000762
            ],
            [
              -72.2824089,
              43.7000792
            ],
            [
              -72.2823955,
              43.7000704
            ],
            [
              -72.2825068,
              43.7000268
            ],
            [
              -72.2824813,
              43.6999861
            ],
            [
              -72.2823808,
              43.7000229
            ],
            [
              -72.28237,
              43.700019
            ],
            [
              -72.2824425,
              43.6999221
            ],
            [
              -72.2823982,
              43.6998532
            ],
            [
              -72.2821648,
              43.6998959
            ],
            [
              -72.2821715,
              43.6999192
            ],
            [
              -72.2821581,
              43.6999308
            ],
            [
              -72.2821568,
              43.6999463
            ],
            [
              -72.2821635,
              43.7000026
            ],
            [
              -72.2821702,
              43.7000278
            ],
            [
              -72.2822399,
              43.7001247
            ],
            [
              -72.2821997,
              43.7001451
            ],
            [
              -72.2822641,
              43.7003051
            ],
            [
              -72.282303,
              43.7002983
            ],
            [
              -72.2823083,
              43.700308
            ],
            [
              -72.2823338,
              43.7003041
            ],
            [
              -72.2823472,
              43.7003206
            ],
            [
              -72.2824116,
              43.7003022
            ],
            [
              -72.2823445,
              43.7001557
            ],
            [
              -72.2823901,
              43.7001422
            ],
            [
              -72.2824666,
              43.700244
            ],
            [
              -72.2826919,
              43.7001654
            ],
            [
              -72.282767,
              43.7002643
            ],
            [
              -72.2829306,
              43.7002052
            ]
          ]
        ]
      },
      "id": "way/644376635"
    },
    {
      "type": "Feature",
      "properties": {
        "@id": "way/645506928",
        "addr:city": "Hanover",
        "addr:housenumber": "8",
        "addr:postcode": "03755",
        "addr:state": "NH",
        "addr:street": "Sargent Street",
        "building": "house"
      },
      "geometry": {
        "type": "Polygon",
        "coordinates": [
          [
            [
              -72.2957946,
              43.7011747
            ],
            [
              -72.296025,
              43.7011608
            ],
            [
              -72.2960209,
              43.7011248
            ],
            [
              -72.2959961,
              43.7011263
            ],
            [
              -72.2959925,
              43.7010946
            ],
            [
              -72.2959729,
              43.7010958
            ],
            [
              -72.2959682,
              43.7010549
            ],
            [
              -72.2959806,
              43.7010541
            ],
            [
              -72.2959737,
              43.7009938
            ],
            [
              -72.2958517,
              43.7010011
            ],
            [
              -72.2958617,
              43.701087
            ],
            [
              -72.295785,
              43.7010917
            ],
            [
              -72.2957946,
              43.7011747
            ]
          ]
        ]
      },
      "id": "way/645506928"
    },
    {
      "type": "Feature",
      "properties": {
        "@id": "way/645506930",
        "addr:city": "Hanover",
        "addr:housenumber": "6",
        "addr:postcode": "03755",
        "addr:state": "NH",
        "addr:street": "Sargent Street",
        "building": "house"
      },
      "geometry": {
        "type": "Polygon",
        "coordinates": [
          [
            [
              -72.2959223,
              43.7009528
            ],
            [
              -72.2959061,
              43.7007903
            ],
            [
              -72.2958019,
              43.7007957
            ],
            [
              -72.2958087,
              43.700864
            ],
            [
              -72.2957835,
              43.7008654
            ],
            [
              -72.295756,
              43.7008915
            ],
            [
              -72.295763,
              43.7009611
            ],
            [
              -72.2959223,
              43.7009528
            ]
          ]
        ]
      },
      "id": "way/645506930"
    },
    {
      "type": "Feature",
      "properties": {
        "@id": "way/645601575",
        "addr:city": "Hanover",
        "addr:housenumber": "4",
        "addr:postcode": "03755",
        "addr:state": "NH",
        "addr:street": "Sargent Street",
        "building": "house"
      },
      "geometry": {
        "type": "Polygon",
        "coordinates": [
          [
            [
              -72.2957462,
              43.7007479
            ],
            [
              -72.295896,
              43.7007388
            ],
            [
              -72.2958956,
              43.700735
            ],
            [
              -72.2959321,
              43.7007328
            ],
            [
              -72.2959293,
              43.700709
            ],
            [
              -72.2959599,
              43.7007072
            ],
            [
              -72.2959504,
              43.7006247
            ],
            [
              -72.295862,
              43.70063
            ],
            [
              -72.2958656,
              43.7006611
            ],
            [
              -72.2958253,
              43.7006635
            ],
            [
              -72.2958265,
              43.7006734
            ],
            [
              -72.2957382,
              43.7006787
            ],
            [
              -72.2957462,
              43.7007479
            ]
          ]
        ]
      },
      "id": "way/645601575"
    },
    {
      "type": "Feature",
      "properties": {
        "@id": "way/645601577",
        "addr:city": "Hanover",
        "addr:housenumber": "2",
        "addr:postcode": "03755",
        "addr:state": "NH",
        "addr:street": "Sargent Street",
        "building": "house"
      },
      "geometry": {
        "type": "Polygon",
        "coordinates": [
          [
            [
              -72.2959237,
              43.7004524
            ],
            [
              -72.2959161,
              43.7003985
            ],
            [
              -72.2958838,
              43.7004008
            ],
            [
              -72.2958824,
              43.7003904
            ],
            [
              -72.2958543,
              43.7003925
            ],
            [
              -72.2958523,
              43.7003785
            ],
            [
              -72.295784,
              43.7003835
            ],
            [
              -72.2957868,
              43.7004031
            ],
            [
              -72.2956994,
              43.7004096
            ],
            [
              -72.2957077,
              43.7004684
            ],
            [
              -72.2959237,
              43.7004524
            ]
          ]
        ]
      },
      "id": "way/645601577"
    },
    {
      "type": "Feature",
      "properties": {
        "@id": "way/645606287",
        "addr:city": "Hanover",
        "addr:housenumber": "9",
        "addr:postcode": "03755",
        "addr:state": "NH",
        "addr:street": "Sargent Street",
        "building": "house"
      },
      "geometry": {
        "type": "Polygon",
        "coordinates": [
          [
            [
              -72.2955478,
              43.7015695
            ],
            [
              -72.295538,
              43.7014947
            ],
            [
              -72.2954447,
              43.7015011
            ],
            [
              -72.2954429,
              43.701487
            ],
            [
              -72.2953851,
              43.701491
            ],
            [
              -72.2954009,
              43.7016113
            ],
            [
              -72.29549,
              43.7016052
            ],
            [
              -72.2954858,
              43.7015737
            ],
            [
              -72.2955478,
              43.7015695
            ]
          ]
        ]
      },
      "id": "way/645606287"
    },
    {
      "type": "Feature",
      "properties": {
        "@id": "way/645606288",
        "addr:city": "Hanover",
        "addr:housenumber": "7",
        "addr:postcode": "03755",
        "addr:state": "NH",
        "addr:street": "Sargent Street",
        "building": "house"
      },
      "geometry": {
        "type": "Polygon",
        "coordinates": [
          [
            [
              -72.29553,
              43.701326
            ],
            [
              -72.2955227,
              43.7012774
            ],
            [
              -72.2955105,
              43.7012784
            ],
            [
              -72.2955067,
              43.7012529
            ],
            [
              -72.2954158,
              43.7012601
            ],
            [
              -72.295417,
              43.7012681
            ],
            [
              -72.2953582,
              43.7012727
            ],
            [
              -72.2953738,
              43.7013765
            ],
            [
              -72.2954527,
              43.7013703
            ],
            [
              -72.295447,
              43.7013325
            ],
            [
              -72.29553,
              43.701326
            ]
          ]
        ]
      },
      "id": "way/645606288"
    },
    {
      "type": "Feature",
      "properties": {
        "@id": "way/645606289",
        "addr:city": "Hanover",
        "addr:housenumber": "5",
        "addr:postcode": "03755",
        "addr:state": "NH",
        "addr:street": "Sargent Street",
        "building": "garage"
      },
      "geometry": {
        "type": "Polygon",
        "coordinates": [
          [
            [
              -72.2954148,
              43.7011344
            ],
            [
              -72.2954086,
              43.7010989
            ],
            [
              -72.2953279,
              43.7011063
            ],
            [
              -72.2953341,
              43.7011418
            ],
            [
              -72.2954148,
              43.7011344
            ]
          ]
        ]
      },
      "id": "way/645606289"
    },
    {
      "type": "Feature",
      "properties": {
        "@id": "way/645606290",
        "addr:city": "Hanover",
        "addr:housenumber": "5",
        "addr:postcode": "03755",
        "addr:state": "NH",
        "addr:street": "Sargent Street",
        "building": "house"
      },
      "geometry": {
        "type": "Polygon",
        "coordinates": [
          [
            [
              -72.2953774,
              43.7010875
            ],
            [
              -72.2954792,
              43.7010785
            ],
            [
              -72.2954625,
              43.7009797
            ],
            [
              -72.2953607,
              43.7009887
            ],
            [
              -72.2953774,
              43.7010875
            ]
          ]
        ]
      },
      "id": "way/645606290"
    },
    {
      "type": "Feature",
      "properties": {
        "@id": "way/645606291",
        "addr:city": "Hanover",
        "addr:housenumber": "3",
        "addr:postcode": "03755",
        "addr:state": "NH",
        "addr:street": "Sargent Street",
        "building": "house"
      },
      "geometry": {
        "type": "Polygon",
        "coordinates": [
          [
            [
              -72.2954633,
              43.7008161
            ],
            [
              -72.2952396,
              43.7008345
            ],
            [
              -72.2952538,
              43.7009248
            ],
            [
              -72.2953574,
              43.7009163
            ],
            [
              -72.2953612,
              43.7009406
            ],
            [
              -72.2954535,
              43.700933
            ],
            [
              -72.2954477,
              43.7008958
            ],
            [
              -72.2954683,
              43.7008941
            ],
            [
              -72.2954637,
              43.7008651
            ],
            [
              -72.2954709,
              43.7008645
            ],
            [
              -72.2954633,
              43.7008161
            ]
          ]
        ]
      },
      "id": "way/645606291"
    },
    {
      "type": "Feature",
      "properties": {
        "@id": "way/645606292",
        "addr:city": "Hanover",
        "addr:housenumber": "1",
        "addr:postcode": "03755",
        "addr:state": "NH",
        "addr:street": "Sargent Street",
        "building": "house"
      },
      "geometry": {
        "type": "Polygon",
        "coordinates": [
          [
            [
              -72.295252,
              43.7006639
            ],
            [
              -72.2954066,
              43.7006534
            ],
            [
              -72.295405,
              43.7006408
            ],
            [
              -72.2954486,
              43.7006378
            ],
            [
              -72.2954436,
              43.7005986
            ],
            [
              -72.2954047,
              43.7006012
            ],
            [
              -72.2954018,
              43.700579
            ],
            [
              -72.2953002,
              43.7005859
            ],
            [
              -72.2952986,
              43.7005739
            ],
            [
              -72.2952409,
              43.7005779
            ],
            [
              -72.295252,
              43.7006639
            ]
          ]
        ]
      },
      "id": "way/645606292"
    },
    {
      "type": "Feature",
      "properties": {
        "@id": "way/645606293",
        "addr:city": "Hanover",
        "addr:housenumber": "1",
        "addr:postcode": "03755",
        "addr:state": "NH",
        "addr:street": "Sargent Street",
        "building": "shed"
      },
      "geometry": {
        "type": "Polygon",
        "coordinates": [
          [
            [
              -72.2951518,
              43.7007304
            ],
            [
              -72.2952348,
              43.7007259
            ],
            [
              -72.2952306,
              43.7006853
            ],
            [
              -72.2951476,
              43.7006898
            ],
            [
              -72.2951518,
              43.7007304
            ]
          ]
        ]
      },
      "id": "way/645606293"
    },
    {
      "type": "Feature",
      "properties": {
        "@id": "way/645606294",
        "addr:city": "Hanover",
        "addr:housenumber": "23",
        "addr:postcode": "03755",
        "addr:state": "NH",
        "addr:street": "Maple Street",
        "building": "house"
      },
      "geometry": {
        "type": "Polygon",
        "coordinates": [
          [
            [
              -72.2953702,
              43.7003842
            ],
            [
              -72.2953585,
              43.7002943
            ],
            [
              -72.2952539,
              43.7003015
            ],
            [
              -72.2952615,
              43.7003597
            ],
            [
              -72.2951845,
              43.7003649
            ],
            [
              -72.2951974,
              43.7004637
            ],
            [
              -72.2952861,
              43.7004576
            ],
            [
              -72.2952774,
              43.7003906
            ],
            [
              -72.2953702,
              43.7003842
            ]
          ]
        ]
      },
      "id": "way/645606294"
    },
    {
      "type": "Feature",
      "properties": {
        "@id": "way/645606295",
        "addr:city": "Hanover",
        "addr:housenumber": "21",
        "addr:postcode": "03755",
        "addr:state": "NH",
        "addr:street": "Maple Street",
        "building": "house"
      },
      "geometry": {
        "type": "Polygon",
        "coordinates": [
          [
            [
              -72.2948076,
              43.700407
            ],
            [
              -72.2949377,
              43.7003953
            ],
            [
              -72.2949257,
              43.7003256
            ],
            [
              -72.2947956,
              43.7003373
            ],
            [
              -72.2948076,
              43.700407
            ]
          ]
        ]
      },
      "id": "way/645606295"
    },
    {
      "type": "Feature",
      "properties": {
        "@id": "way/647089450",
        "addr:city": "Hanover",
        "addr:housenumber": "26",
        "addr:postcode": "03755",
        "addr:state": "NH",
        "addr:street": "Maple Street",
        "building": "house"
      },
      "geometry": {
        "type": "Polygon",
        "coordinates": [
          [
            [
              -72.2948842,
              43.7000889
            ],
            [
              -72.2950267,
              43.7000872
            ],
            [
              -72.2950262,
              43.700065
            ],
            [
              -72.2950401,
              43.7000649
            ],
            [
              -72.2950391,
              43.700025
            ],
            [
              -72.2951098,
              43.7000241
            ],
            [
              -72.2951081,
              43.6999518
            ],
            [
              -72.2950201,
              43.6999529
            ],
            [
              -72.2950197,
              43.6999338
            ],
            [
              -72.2949236,
              43.699935
            ],
            [
              -72.2949245,
              43.6999744
            ],
            [
              -72.2949084,
              43.6999746
            ],
            [
              -72.294909,
              43.6999975
            ],
            [
              -72.2948821,
              43.6999978
            ],
            [
              -72.2948842,
              43.7000889
            ]
          ]
        ]
      },
      "id": "way/647089450"
    },
    {
      "type": "Feature",
      "properties": {
        "@id": "way/647089451",
        "addr:city": "Hanover",
        "addr:housenumber": "28",
        "addr:postcode": "03755",
        "addr:state": "NH",
        "addr:street": "Maple Street",
        "building": "house"
      },
      "geometry": {
        "type": "Polygon",
        "coordinates": [
          [
            [
              -72.2952207,
              43.7000786
            ],
            [
              -72.2953145,
              43.7000773
            ],
            [
              -72.2953133,
              43.7000304
            ],
            [
              -72.2953603,
              43.7000298
            ],
            [
              -72.2953586,
              43.6999693
            ],
            [
              -72.2953141,
              43.6999699
            ],
            [
              -72.2953139,
              43.6999614
            ],
            [
              -72.2952126,
              43.6999628
            ],
            [
              -72.2952132,
              43.6999855
            ],
            [
              -72.2951612,
              43.6999862
            ],
            [
              -72.2951632,
              43.7000603
            ],
            [
              -72.2952201,
              43.7000595
            ],
            [
              -72.2952207,
              43.7000786
            ]
          ]
        ]
      },
      "id": "way/647089451"
    },
    {
      "type": "Feature",
      "properties": {
        "@id": "way/647089455",
        "addr:city": "Hanover",
        "addr:housenumber": "30",
        "addr:postcode": "03755",
        "addr:state": "NH",
        "addr:street": "Maple Street",
        "building": "house"
      },
      "geometry": {
        "type": "Polygon",
        "coordinates": [
          [
            [
              -72.2957628,
              43.7000847
            ],
            [
              -72.2957623,
              43.7000598
            ],
            [
              -72.2957831,
              43.7000596
            ],
            [
              -72.2957931,
              43.7000513
            ],
            [
              -72.2957924,
              43.7000382
            ],
            [
              -72.2957817,
              43.7000334
            ],
            [
              -72.2957797,
              43.6999278
            ],
            [
              -72.2956687,
              43.6999289
            ],
            [
              -72.2956693,
              43.6999584
            ],
            [
              -72.2956568,
              43.6999585
            ],
            [
              -72.2956576,
              43.7000028
            ],
            [
              -72.2956383,
              43.700003
            ],
            [
              -72.29564,
              43.700086
            ],
            [
              -72.2957628,
              43.7000847
            ]
          ]
        ]
      },
      "id": "way/647089455"
    },
    {
      "type": "Feature",
      "properties": {
        "@id": "way/647089456",
        "addr:city": "Hanover",
        "addr:housenumber": "30",
        "addr:postcode": "03755",
        "addr:state": "NH",
        "addr:street": "Maple Street",
        "building": "garage"
      },
      "geometry": {
        "type": "Polygon",
        "coordinates": [
          [
            [
              -72.2960183,
              43.70013
            ],
            [
              -72.2960169,
              43.7000694
            ],
            [
              -72.2959658,
              43.70007
            ],
            [
              -72.2959671,
              43.7001306
            ],
            [
              -72.2960183,
              43.70013
            ]
          ]
        ]
      },
      "id": "way/647089456"
    },
    {
      "type": "Feature",
      "properties": {
        "@id": "way/647756211",
        "addr:city": "Hanover",
        "addr:housenumber": "2",
        "addr:postcode": "03755",
        "addr:state": "NH",
        "addr:street": "Lewin Road",
        "building": "terrace",
        "name": "Hanover Court"
      },
      "geometry": {
        "type": "Polygon",
        "coordinates": [
          [
            [
              -72.2943006,
              43.700085
            ],
            [
              -72.2942984,
              43.6999981
            ],
            [
              -72.294305,
              43.699998
            ],
            [
              -72.2943027,
              43.6999062
            ],
            [
              -72.2943079,
              43.6999061
            ],
            [
              -72.2943055,
              43.6998124
            ],
            [
              -72.2942986,
              43.6998125
            ],
            [
              -72.2942961,
              43.6997212
            ],
            [
              -72.29429,
              43.6997213
            ],
            [
              -72.2942876,
              43.6996339
            ],
            [
              -72.2942547,
              43.6996344
            ],
            [
              -72.2942529,
              43.6995669
            ],
            [
              -72.2939891,
              43.6995707
            ],
            [
              -72.293991,
              43.6996392
            ],
            [
              -72.29419,
              43.6996363
            ],
            [
              -72.2941925,
              43.6997269
            ],
            [
              -72.2941979,
              43.6997268
            ],
            [
              -72.2942002,
              43.6998098
            ],
            [
              -72.2941923,
              43.6998099
            ],
            [
              -72.2941948,
              43.6999074
            ],
            [
              -72.2942031,
              43.6999073
            ],
            [
              -72.2942041,
              43.6999468
            ],
            [
              -72.2941936,
              43.699947
            ],
            [
              -72.2941942,
              43.6999705
            ],
            [
              -72.2942037,
              43.6999703
            ],
            [
              -72.2942043,
              43.6999935
            ],
            [
              -72.2941937,
              43.6999937
            ],
            [
              -72.2941961,
              43.7000864
            ],
            [
              -72.2943006,
              43.700085
            ]
          ]
        ]
      },
      "id": "way/647756211"
    },
    {
      "type": "Feature",
      "properties": {
        "@id": "way/647756218",
        "addr:city": "Hanover",
        "addr:housenumber": "16",
        "addr:postcode": "03755",
        "addr:state": "NH",
        "addr:street": "Maple Street",
        "building": "house"
      },
      "geometry": {
        "type": "Polygon",
        "coordinates": [
          [
            [
              -72.2936042,
              43.7000926
            ],
            [
              -72.2936082,
              43.6999825
            ],
            [
              -72.293582,
              43.699982
            ],
            [
              -72.2935834,
              43.6999432
            ],
            [
              -72.2936364,
              43.6999442
            ],
            [
              -72.2936388,
              43.6998765
            ],
            [
              -72.2935328,
              43.6998745
            ],
            [
              -72.2935306,
              43.699935
            ],
            [
              -72.2935084,
              43.6999346
            ],
            [
              -72.2935028,
              43.7000907
            ],
            [
              -72.2936042,
              43.7000926
            ]
          ]
        ]
      },
      "id": "way/647756218"
    },
    {
      "type": "Feature",
      "properties": {
        "@id": "way/647756219",
        "addr:city": "Hanover",
        "addr:housenumber": "18",
        "addr:postcode": "03755",
        "addr:state": "NH",
        "addr:street": "Maple Street",
        "building": "house"
      },
      "geometry": {
        "type": "Polygon",
        "coordinates": [
          [
            [
              -72.2937282,
              43.69993
            ],
            [
              -72.2936721,
              43.6999288
            ],
            [
              -72.2936683,
              43.7000214
            ],
            [
              -72.293721,
              43.7000226
            ],
            [
              -72.2937198,
              43.7000515
            ],
            [
              -72.2937414,
              43.700052
            ],
            [
              -72.2937395,
              43.700098
            ],
            [
              -72.2938696,
              43.7001008
            ],
            [
              -72.293874,
              43.699996
            ],
            [
              -72.2938292,
              43.6999951
            ],
            [
              -72.293848,
              43.699981
            ],
            [
              -72.2937646,
              43.6999792
            ],
            [
              -72.2937657,
              43.6999538
            ],
            [
              -72.2937273,
              43.699953
            ],
            [
              -72.2937282,
              43.69993
            ]
          ]
        ]
      },
      "id": "way/647756219"
    },
    {
      "type": "Feature",
      "properties": {
        "@id": "way/647756221",
        "addr:city": "Hanover",
        "addr:housenumber": "14",
        "addr:postcode": "03755",
        "addr:state": "NH",
        "addr:street": "Maple Street",
        "building": "house"
      },
      "geometry": {
        "type": "Polygon",
        "coordinates": [
          [
            [
              -72.2933725,
              43.6999061
            ],
            [
              -72.2932458,
              43.6999031
            ],
            [
              -72.2932443,
              43.6999385
            ],
            [
              -72.293265,
              43.699939
            ],
            [
              -72.2932587,
              43.7000803
            ],
            [
              -72.2933809,
              43.7000831
            ],
            [
              -72.2933845,
              43.7000015
            ],
            [
              -72.2933683,
              43.7000011
            ],
            [
              -72.2933725,
              43.6999061
            ]
          ]
        ]
      },
      "id": "way/647756221"
    },
    {
      "type": "Feature",
      "properties": {
        "@id": "way/648189944",
        "addr:city": "Hanover",
        "addr:housenumber": "19",
        "addr:postcode": "03755",
        "addr:state": "NH",
        "addr:street": "Maple Street",
        "building": "semidetached_house"
      },
      "geometry": {
        "type": "Polygon",
        "coordinates": [
          [
            [
              -72.2942187,
              43.7004293
            ],
            [
              -72.2942196,
              43.7003778
            ],
            [
              -72.2941819,
              43.7003775
            ],
            [
              -72.2941824,
              43.7003495
            ],
            [
              -72.2941301,
              43.700349
            ],
            [
              -72.2941309,
              43.7003063
            ],
            [
              -72.2941056,
              43.700306
            ],
            [
              -72.2941059,
              43.7002903
            ],
            [
              -72.2940199,
              43.7002895
            ],
            [
              -72.2940179,
              43.7004054
            ],
            [
              -72.294102,
              43.7004061
            ],
            [
              -72.2941016,
              43.7004282
            ],
            [
              -72.2942187,
              43.7004293
            ]
          ]
        ]
      },
      "id": "way/648189944"
    },
    {
      "type": "Feature",
      "properties": {
        "@id": "way/648189945",
        "addr:city": "Hanover",
        "addr:housenumber": "9",
        "addr:postcode": "03755",
        "addr:state": "NH",
        "addr:street": "Prospect Street",
        "building": "house"
      },
      "geometry": {
        "type": "Polygon",
        "coordinates": [
          [
            [
              -72.2939306,
              43.7002827
            ],
            [
              -72.2937966,
              43.7002798
            ],
            [
              -72.293793,
              43.7003662
            ],
            [
              -72.2938456,
              43.7003673
            ],
            [
              -72.2938417,
              43.7004615
            ],
            [
              -72.2939163,
              43.7004632
            ],
            [
              -72.2939202,
              43.7003677
            ],
            [
              -72.2939473,
              43.7003683
            ],
            [
              -72.2939499,
              43.7003048
            ],
            [
              -72.2939297,
              43.7003044
            ],
            [
              -72.2939306,
              43.7002827
            ]
          ]
        ]
      },
      "id": "way/648189945"
    },
    {
      "type": "Feature",
      "properties": {
        "@id": "way/648189946",
        "addr:city": "Hanover",
        "addr:housenumber": "7",
        "addr:postcode": "03755",
        "addr:state": "NH",
        "addr:street": "Prospect Street",
        "building": "house"
      },
      "geometry": {
        "type": "Polygon",
        "coordinates": [
          [
            [
              -72.2940323,
              43.7006867
            ],
            [
              -72.2940257,
              43.700629
            ],
            [
              -72.2940024,
              43.7006304
            ],
            [
              -72.2939901,
              43.7005241
            ],
            [
              -72.2939627,
              43.7005258
            ],
            [
              -72.2939613,
              43.7005132
            ],
            [
              -72.2938908,
              43.7005174
            ],
            [
              -72.293897,
              43.7005716
            ],
            [
              -72.2938025,
              43.7005773
            ],
            [
              -72.2938114,
              43.7006544
            ],
            [
              -72.2939299,
              43.7006473
            ],
            [
              -72.2939351,
              43.7006926
            ],
            [
              -72.2940323,
              43.7006867
            ]
          ]
        ]
      },
      "id": "way/648189946"
    },
    {
      "type": "Feature",
      "properties": {
        "@id": "way/648189948",
        "addr:city": "Hanover",
        "addr:housenumber": "5",
        "addr:postcode": "03755",
        "addr:state": "NH",
        "addr:street": "Prospect Street",
        "building": "house"
      },
      "geometry": {
        "type": "Polygon",
        "coordinates": [
          [
            [
              -72.2938749,
              43.7009219
            ],
            [
              -72.2939934,
              43.7009124
            ],
            [
              -72.2939761,
              43.7007997
            ],
            [
              -72.2940442,
              43.7007942
            ],
            [
              -72.2940349,
              43.7007336
            ],
            [
              -72.2939449,
              43.7007408
            ],
            [
              -72.2939522,
              43.7007885
            ],
            [
              -72.2938889,
              43.7007936
            ],
            [
              -72.2938979,
              43.7008524
            ],
            [
              -72.2938537,
              43.700856
            ],
            [
              -72.2938579,
              43.7008836
            ],
            [
              -72.2938689,
              43.7008827
            ],
            [
              -72.2938749,
              43.7009219
            ]
          ]
        ]
      },
      "id": "way/648189948"
    },
    {
      "type": "Feature",
      "properties": {
        "@id": "way/648189950",
        "addr:city": "Hanover",
        "addr:housenumber": "3",
        "addr:postcode": "03755",
        "addr:state": "NH",
        "addr:street": "Prospect Street",
        "building": "semidetached_house"
      },
      "geometry": {
        "type": "Polygon",
        "coordinates": [
          [
            [
              -72.2941668,
              43.7011763
            ],
            [
              -72.2941632,
              43.7010892
            ],
            [
              -72.2941092,
              43.7010904
            ],
            [
              -72.2941088,
              43.701081
            ],
            [
              -72.2940648,
              43.701082
            ],
            [
              -72.2940652,
              43.7010895
            ],
            [
              -72.2940003,
              43.701091
            ],
            [
              -72.2940005,
              43.7010955
            ],
            [
              -72.2939752,
              43.7010962
            ],
            [
              -72.293979,
              43.7011737
            ],
            [
              -72.2939871,
              43.7011795
            ],
            [
              -72.2939985,
              43.7011844
            ],
            [
              -72.2940265,
              43.7011838
            ],
            [
              -72.2940263,
              43.7011793
            ],
            [
              -72.2941668,
              43.7011763
            ]
          ]
        ]
      },
      "id": "way/648189950"
    },
    {
      "type": "Feature",
      "properties": {
        "@id": "way/648189952",
        "addr:city": "Hanover",
        "addr:housenumber": "1",
        "addr:postcode": "03755",
        "addr:state": "NH",
        "addr:street": "Prospect Street",
        "amenity": "social_facility",
        "building": "house",
        "name": "Averte",
        "phone": "+1-603-643-3817",
        "social_facility": "group_home",
        "social_facility:for": "mental_health",
        "website": "https://averte.com/"
      },
      "geometry": {
        "type": "Polygon",
        "coordinates": [
          [
            [
              -72.2941112,
              43.7013446
            ],
            [
              -72.2941108,
              43.7013376
            ],
            [
              -72.2940567,
              43.7013394
            ],
            [
              -72.2940571,
              43.701346
            ],
            [
              -72.2939777,
              43.7013486
            ],
            [
              -72.2939846,
              43.7014577
            ],
            [
              -72.294097,
              43.7014539
            ],
            [
              -72.2940959,
              43.7014362
            ],
            [
              -72.2942323,
              43.7014317
            ],
            [
              -72.2942317,
              43.7014216
            ],
            [
              -72.2942599,
              43.7014206
            ],
            [
              -72.2942573,
              43.7013801
            ],
            [
              -72.2942245,
              43.7013812
            ],
            [
              -72.2942237,
              43.7013696
            ],
            [
              -72.294182,
              43.701371
            ],
            [
              -72.2941801,
              43.7013423
            ],
            [
              -72.2941112,
              43.7013446
            ]
          ]
        ]
      },
      "id": "way/648189952"
    },
    {
      "type": "Feature",
      "properties": {
        "@id": "way/648189959",
        "addr:city": "Hanover",
        "addr:housenumber": "18",
        "addr:postcode": "03755",
        "addr:state": "NH",
        "addr:street": "West Street",
        "building": "house"
      },
      "geometry": {
        "type": "Polygon",
        "coordinates": [
          [
            [
              -72.2945703,
              43.7007856
            ],
            [
              -72.2945631,
              43.7007563
            ],
            [
              -72.2945698,
              43.7007553
            ],
            [
              -72.2945543,
              43.7006897
            ],
            [
              -72.2945938,
              43.7006848
            ],
            [
              -72.2945862,
              43.7006526
            ],
            [
              -72.2943954,
              43.7006762
            ],
            [
              -72.2944099,
              43.7007376
            ],
            [
              -72.2944533,
              43.7007323
            ],
            [
              -72.2944633,
              43.7007747
            ],
            [
              -72.2945085,
              43.7007691
            ],
            [
              -72.2945141,
              43.7007926
            ],
            [
              -72.2945703,
              43.7007856
            ]
          ]
        ]
      },
      "id": "way/648189959"
    },
    {
      "type": "Feature",
      "properties": {
        "@id": "way/648189960",
        "addr:city": "Hanover",
        "addr:housenumber": "3",
        "addr:postcode": "03755",
        "addr:state": "NH",
        "addr:street": "Prospect Street",
        "building": "garage"
      },
      "geometry": {
        "type": "Polygon",
        "coordinates": [
          [
            [
              -72.2945107,
              43.7010893
            ],
            [
              -72.2945095,
              43.7010297
            ],
            [
              -72.2944063,
              43.7010307
            ],
            [
              -72.2944075,
              43.7010904
            ],
            [
              -72.2945107,
              43.7010893
            ]
          ]
        ]
      },
      "id": "way/648189960"
    },
    {
      "type": "Feature",
      "properties": {
        "@id": "way/648280413",
        "addr:city": "Hanover",
        "addr:housenumber": "10",
        "addr:postcode": "03755",
        "addr:state": "NH",
        "addr:street": "Prospect Street",
        "building": "house"
      },
      "geometry": {
        "type": "Polygon",
        "coordinates": [
          [
            [
              -72.2935036,
              43.7004507
            ],
            [
              -72.2934933,
              43.7003669
            ],
            [
              -72.2933586,
              43.7003756
            ],
            [
              -72.2933563,
              43.7003562
            ],
            [
              -72.2933033,
              43.7003596
            ],
            [
              -72.2933102,
              43.7004156
            ],
            [
              -72.2933949,
              43.7004101
            ],
            [
              -72.2934008,
              43.7004573
            ],
            [
              -72.2935036,
              43.7004507
            ]
          ]
        ]
      },
      "id": "way/648280413"
    },
    {
      "type": "Feature",
      "properties": {
        "@id": "way/648280415",
        "addr:city": "Hanover",
        "addr:housenumber": "13",
        "addr:postcode": "03755",
        "addr:state": "NH",
        "addr:street": "Maple Street",
        "building": "house"
      },
      "geometry": {
        "type": "Polygon",
        "coordinates": [
          [
            [
              -72.2932175,
              43.7003446
            ],
            [
              -72.293161,
              43.7003431
            ],
            [
              -72.2931624,
              43.7003161
            ],
            [
              -72.2930888,
              43.7003142
            ],
            [
              -72.2930914,
              43.7002615
            ],
            [
              -72.2930135,
              43.7002595
            ],
            [
              -72.2930118,
              43.7002943
            ],
            [
              -72.2930009,
              43.7002941
            ],
            [
              -72.2929995,
              43.7003222
            ],
            [
              -72.2930071,
              43.7003224
            ],
            [
              -72.2930059,
              43.7003476
            ],
            [
              -72.2930828,
              43.7003496
            ],
            [
              -72.2930798,
              43.7004097
            ],
            [
              -72.2932141,
              43.7004132
            ],
            [
              -72.2932175,
              43.7003446
            ]
          ]
        ]
      },
      "id": "way/648280415"
    },
    {
      "type": "Feature",
      "properties": {
        "@id": "way/648280419",
        "addr:city": "Hanover",
        "addr:housenumber": "11",
        "addr:postcode": "03755",
        "addr:state": "NH",
        "addr:street": "Maple Street",
        "building": "semidetached_house"
      },
      "geometry": {
        "type": "Polygon",
        "coordinates": [
          [
            [
              -72.292812,
              43.7003162
            ],
            [
              -72.2928107,
              43.7003453
            ],
            [
              -72.2927924,
              43.7003448
            ],
            [
              -72.2927894,
              43.7004144
            ],
            [
              -72.2928716,
              43.7004163
            ],
            [
              -72.2928756,
              43.7003265
            ],
            [
              -72.2929081,
              43.7003273
            ],
            [
              -72.2929112,
              43.7002574
            ],
            [
              -72.2927381,
              43.7002534
            ],
            [
              -72.2927354,
              43.7003145
            ],
            [
              -72.292812,
              43.7003162
            ]
          ]
        ]
      },
      "id": "way/648280419"
    },
    {
      "type": "Feature",
      "properties": {
        "@id": "way/648280422",
        "addr:city": "Hanover",
        "addr:housenumber": "11",
        "addr:postcode": "03755",
        "addr:state": "NH",
        "addr:street": "Maple Street",
        "building": "garage"
      },
      "geometry": {
        "type": "Polygon",
        "coordinates": [
          [
            [
              -72.2927751,
              43.7004985
            ],
            [
              -72.2926997,
              43.7004971
            ],
            [
              -72.2926952,
              43.7006309
            ],
            [
              -72.2927706,
              43.7006323
            ],
            [
              -72.2927751,
              43.7004985
            ]
          ]
        ]
      },
      "id": "way/648280422"
    },
    {
      "type": "Feature",
      "properties": {
        "@id": "way/648280424",
        "addr:city": "Hanover",
        "addr:housenumber": "9",
        "addr:postcode": "03755",
        "addr:state": "NH",
        "addr:street": "Maple Street",
        "building": "semidetached_house"
      },
      "geometry": {
        "type": "Polygon",
        "coordinates": [
          [
            [
              -72.2926613,
              43.7006027
            ],
            [
              -72.2926741,
              43.7003311
            ],
            [
              -72.2926662,
              43.7003309
            ],
            [
              -72.2926672,
              43.7003139
            ],
            [
              -72.2926049,
              43.700312
            ],
            [
              -72.2926038,
              43.7003303
            ],
            [
              -72.2925968,
              43.7003301
            ],
            [
              -72.2925922,
              43.7004181
            ],
            [
              -72.2925805,
              43.7004178
            ],
            [
              -72.29258,
              43.7004273
            ],
            [
              -72.2925901,
              43.7004275
            ],
            [
              -72.2925884,
              43.7004619
            ],
            [
              -72.2925916,
              43.700462
            ],
            [
              -72.292591,
              43.7004783
            ],
            [
              -72.2926022,
              43.7004785
            ],
            [
              -72.2925999,
              43.7005453
            ],
            [
              -72.2925526,
              43.7005445
            ],
            [
              -72.2925507,
              43.7006007
            ],
            [
              -72.2926613,
              43.7006027
            ]
          ]
        ]
      },
      "id": "way/648280424"
    },
    {
      "type": "Feature",
      "properties": {
        "@id": "way/648280426",
        "addr:city": "Hanover",
        "addr:housenumber": "7",
        "addr:postcode": "03755",
        "addr:state": "NH",
        "addr:street": "Maple Street",
        "building": "semidetached_house"
      },
      "geometry": {
        "type": "Polygon",
        "coordinates": [
          [
            [
              -72.2924892,
              43.700242
            ],
            [
              -72.2923778,
              43.7002403
            ],
            [
              -72.2923757,
              43.7003113
            ],
            [
              -72.292412,
              43.7003119
            ],
            [
              -72.2924102,
              43.7003715
            ],
            [
              -72.2923794,
              43.700371
            ],
            [
              -72.2923769,
              43.7004544
            ],
            [
              -72.2924829,
              43.7004561
            ],
            [
              -72.2924892,
              43.700242
            ]
          ]
        ]
      },
      "id": "way/648280426"
    },
    {
      "type": "Feature",
      "properties": {
        "@id": "way/648280429",
        "addr:city": "Hanover",
        "addr:housenumber": "5",
        "addr:postcode": "03755",
        "addr:state": "NH",
        "addr:street": "Maple Street",
        "building": "semidetached_house"
      },
      "geometry": {
        "type": "Polygon",
        "coordinates": [
          [
            [
              -72.2921808,
              43.7005163
            ],
            [
              -72.2921816,
              43.7004946
            ],
            [
              -72.29226,
              43.7004961
            ],
            [
              -72.2922675,
              43.7002962
            ],
            [
              -72.2922354,
              43.7002955
            ],
            [
              -72.292238,
              43.7002259
            ],
            [
              -72.2921143,
              43.7002235
            ],
            [
              -72.2921136,
              43.7002405
            ],
            [
              -72.2921013,
              43.7002402
            ],
            [
              -72.2921001,
              43.700272
            ],
            [
              -72.2921067,
              43.7002721
            ],
            [
              -72.2921055,
              43.7003044
            ],
            [
              -72.2921439,
              43.7003052
            ],
            [
              -72.2921419,
              43.700356
            ],
            [
              -72.2921728,
              43.7003567
            ],
            [
              -72.2921725,
              43.7003646
            ],
            [
              -72.2921803,
              43.7003648
            ],
            [
              -72.2921763,
              43.7004667
            ],
            [
              -72.2920456,
              43.700464
            ],
            [
              -72.2920435,
              43.7005187
            ],
            [
              -72.2920786,
              43.7005194
            ],
            [
              -72.2920788,
              43.7005143
            ],
            [
              -72.2921808,
              43.7005163
            ]
          ]
        ]
      },
      "id": "way/648280429"
    },
    {
      "type": "Feature",
      "properties": {
        "@id": "way/648280431",
        "addr:city": "Hanover",
        "addr:housenumber": "11.5",
        "addr:postcode": "03755",
        "addr:state": "NH",
        "addr:street": "School Street",
        "building": "yes",
        "email": "randwils@sover.net",
        "name": "Rand-Wilson Funeral Home",
        "phone": "+1-603-643-2552",
        "shop": "funeral_directors",
        "website": "https://rand-wilson.com/index.php"
      },
      "geometry": {
        "type": "Polygon",
        "coordinates": [
          [
            [
              -72.2922273,
              43.7007056
            ],
            [
              -72.2922261,
              43.7006151
            ],
            [
              -72.2922833,
              43.7006147
            ],
            [
              -72.2922825,
              43.7005547
            ],
            [
              -72.292091,
              43.700556
            ],
            [
              -72.2920918,
              43.7006155
            ],
            [
              -72.2921067,
              43.7006154
            ],
            [
              -72.2921069,
              43.7006311
            ],
            [
              -72.2920956,
              43.7006312
            ],
            [
              -72.2920959,
              43.7006532
            ],
            [
              -72.2921067,
              43.7006532
            ],
            [
              -72.2921075,
              43.7007064
            ],
            [
              -72.2922273,
              43.7007056
            ]
          ]
        ]
      },
      "id": "way/648280431"
    },
    {
      "type": "Feature",
      "properties": {
        "@id": "way/648280434",
        "addr:city": "Hanover",
        "addr:housenumber": "2",
        "addr:postcode": "03755",
        "addr:state": "NH",
        "addr:street": "Prospect Street",
        "building": "apartments"
      },
      "geometry": {
        "type": "Polygon",
        "coordinates": [
          [
            [
              -72.2936286,
              43.7012948
            ],
            [
              -72.293624,
              43.7012181
            ],
            [
              -72.2935911,
              43.7012191
            ],
            [
              -72.2935907,
              43.7012131
            ],
            [
              -72.2935544,
              43.7012142
            ],
            [
              -72.2935534,
              43.7011969
            ],
            [
              -72.2934423,
              43.7012004
            ],
            [
              -72.2934433,
              43.7012165
            ],
            [
              -72.2934068,
              43.7012177
            ],
            [
              -72.2934123,
              43.7013087
            ],
            [
              -72.2935988,
              43.7013029
            ],
            [
              -72.2935984,
              43.7012958
            ],
            [
              -72.2936286,
              43.7012948
            ]
          ]
        ]
      },
      "id": "way/648280434"
    },
    {
      "type": "Feature",
      "properties": {
        "@id": "way/648280438",
        "addr:city": "Hanover",
        "addr:housenumber": "4",
        "addr:postcode": "03755",
        "addr:state": "NH",
        "addr:street": "Prospect Street",
        "building": "house"
      },
      "geometry": {
        "type": "Polygon",
        "coordinates": [
          [
            [
              -72.2935726,
              43.701089
            ],
            [
              -72.2935613,
              43.7010048
            ],
            [
              -72.2935326,
              43.7010069
            ],
            [
              -72.2935294,
              43.7009833
            ],
            [
              -72.2934646,
              43.7009879
            ],
            [
              -72.2934673,
              43.7010079
            ],
            [
              -72.2934619,
              43.7010083
            ],
            [
              -72.2934689,
              43.7010602
            ],
            [
              -72.2933902,
              43.7010657
            ],
            [
              -72.2934002,
              43.7011403
            ],
            [
              -72.293501,
              43.7011333
            ],
            [
              -72.2934958,
              43.7010943
            ],
            [
              -72.2935726,
              43.701089
            ]
          ]
        ]
      },
      "id": "way/648280438"
    },
    {
      "type": "Feature",
      "properties": {
        "@id": "way/648280441",
        "addr:city": "Hanover",
        "addr:housenumber": "18",
        "addr:postcode": "03755",
        "addr:state": "NH",
        "addr:street": "Allen Lane",
        "building": "garage"
      },
      "geometry": {
        "type": "Polygon",
        "coordinates": [
          [
            [
              -72.2933944,
              43.7012226
            ],
            [
              -72.2933855,
              43.7011644
            ],
            [
              -72.2933048,
              43.7011708
            ],
            [
              -72.2933137,
              43.701229
            ],
            [
              -72.2933944,
              43.7012226
            ]
          ]
        ]
      },
      "id": "way/648280441"
    },
    {
      "type": "Feature",
      "properties": {
        "@id": "way/648280443",
        "addr:city": "Hanover",
        "addr:housenumber": "6",
        "addr:postcode": "03755",
        "addr:state": "NH",
        "addr:street": "Prospect Street",
        "building": "house"
      },
      "geometry": {
        "type": "Polygon",
        "coordinates": [
          [
            [
              -72.2934877,
              43.7008763
            ],
            [
              -72.2935465,
              43.7008721
            ],
            [
              -72.2935325,
              43.7007688
            ],
            [
              -72.2933116,
              43.7007845
            ],
            [
              -72.2933222,
              43.7008625
            ],
            [
              -72.2933903,
              43.7008577
            ],
            [
              -72.2933883,
              43.7008428
            ],
            [
              -72.2934341,
              43.7008396
            ],
            [
              -72.2934384,
              43.7008715
            ],
            [
              -72.2934025,
              43.700874
            ],
            [
              -72.29341,
              43.7009288
            ],
            [
              -72.293494,
              43.7009228
            ],
            [
              -72.2934877,
              43.7008763
            ]
          ]
        ]
      },
      "id": "way/648280443"
    },
    {
      "type": "Feature",
      "properties": {
        "@id": "way/648280450",
        "addr:city": "Hanover",
        "addr:housenumber": "8",
        "addr:postcode": "03755",
        "addr:state": "NH",
        "addr:street": "Prospect Street",
        "building": "house"
      },
      "geometry": {
        "type": "Polygon",
        "coordinates": [
          [
            [
              -72.2934716,
              43.7006961
            ],
            [
              -72.2934629,
              43.700638
            ],
            [
              -72.2935103,
              43.7006343
            ],
            [
              -72.2934952,
              43.7005332
            ],
            [
              -72.2933729,
              43.7005427
            ],
            [
              -72.2933852,
              43.7006257
            ],
            [
              -72.2933547,
              43.7006281
            ],
            [
              -72.293366,
              43.7007044
            ],
            [
              -72.2934716,
              43.7006961
            ]
          ]
        ]
      },
      "id": "way/648280450"
    },
    {
      "type": "Feature",
      "properties": {
        "@id": "way/648280458",
        "addr:city": "Hanover",
        "addr:housenumber": "2",
        "addr:postcode": "03755",
        "addr:state": "NH",
        "addr:street": "Allen Lane",
        "building": "house"
      },
      "geometry": {
        "type": "Polygon",
        "coordinates": [
          [
            [
              -72.2932246,
              43.7007149
            ],
            [
              -72.293217,
              43.7006462
            ],
            [
              -72.2931585,
              43.7006496
            ],
            [
              -72.2931609,
              43.7006716
            ],
            [
              -72.2931168,
              43.7006742
            ],
            [
              -72.2931158,
              43.7006645
            ],
            [
              -72.2930946,
              43.7006657
            ],
            [
              -72.2930875,
              43.7006011
            ],
            [
              -72.2930679,
              43.7006023
            ],
            [
              -72.2930653,
              43.7005785
            ],
            [
              -72.2929893,
              43.7005829
            ],
            [
              -72.2929939,
              43.7006251
            ],
            [
              -72.2929676,
              43.7006266
            ],
            [
              -72.2929723,
              43.7006685
            ],
            [
              -72.2929989,
              43.7006669
            ],
            [
              -72.2930085,
              43.7007528
            ],
            [
              -72.2931767,
              43.700743
            ],
            [
              -72.2931739,
              43.7007178
            ],
            [
              -72.2932246,
              43.7007149
            ]
          ]
        ]
      },
      "id": "way/648280458"
    },
    {
      "type": "Feature",
      "properties": {
        "@id": "way/648280461",
        "addr:city": "Hanover",
        "addr:housenumber": "1",
        "addr:postcode": "03755",
        "addr:state": "NH",
        "addr:street": "Allen Lane",
        "building": "house"
      },
      "geometry": {
        "type": "Polygon",
        "coordinates": [
          [
            [
              -72.2928196,
              43.7010742
            ],
            [
              -72.2928165,
              43.7009676
            ],
            [
              -72.2928069,
              43.7009677
            ],
            [
              -72.2928054,
              43.7009183
            ],
            [
              -72.2927685,
              43.7009189
            ],
            [
              -72.2927658,
              43.7008257
            ],
            [
              -72.2928075,
              43.7008251
            ],
            [
              -72.2928048,
              43.7007349
            ],
            [
              -72.2926913,
              43.7007366
            ],
            [
              -72.2926938,
              43.7008231
            ],
            [
              -72.2927116,
              43.7008228
            ],
            [
              -72.2927127,
              43.7008577
            ],
            [
              -72.2926583,
              43.7008586
            ],
            [
              -72.2926594,
              43.7008993
            ],
            [
              -72.2926932,
              43.7008987
            ],
            [
              -72.292695,
              43.7009593
            ],
            [
              -72.292628,
              43.7009603
            ],
            [
              -72.2926292,
              43.7010026
            ],
            [
              -72.2927127,
              43.7010013
            ],
            [
              -72.2927149,
              43.7010758
            ],
            [
              -72.2928196,
              43.7010742
            ]
          ]
        ]
      },
      "id": "way/648280461"
    },
    {
      "type": "Feature",
      "properties": {
        "@id": "way/648280462",
        "addr:city": "Hanover",
        "addr:housenumber": "14",
        "addr:postcode": "03755",
        "addr:state": "NH",
        "addr:street": "Allen Street",
        "building": "house"
      },
      "geometry": {
        "type": "Polygon",
        "coordinates": [
          [
            [
              -72.2928236,
              43.7013135
            ],
            [
              -72.2928208,
              43.7012456
            ],
            [
              -72.2927628,
              43.7012469
            ],
            [
              -72.2927621,
              43.7012309
            ],
            [
              -72.2926452,
              43.7012335
            ],
            [
              -72.2926437,
              43.7011962
            ],
            [
              -72.2925707,
              43.7011978
            ],
            [
              -72.2925718,
              43.7012232
            ],
            [
              -72.2925517,
              43.7012237
            ],
            [
              -72.2925546,
              43.7012942
            ],
            [
              -72.2926496,
              43.7012921
            ],
            [
              -72.2926492,
              43.7012805
            ],
            [
              -72.2926775,
              43.7012799
            ],
            [
              -72.292679,
              43.7013167
            ],
            [
              -72.2928236,
              43.7013135
            ]
          ]
        ]
      },
      "id": "way/648280462"
    },
    {
      "type": "Feature",
      "properties": {
        "@id": "way/648280464",
        "addr:city": "Hanover",
        "addr:housenumber": "16",
        "addr:postcode": "03755",
        "addr:state": "NH",
        "addr:street": "Allen Street",
        "building": "house"
      },
      "geometry": {
        "type": "Polygon",
        "coordinates": [
          [
            [
              -72.2931463,
              43.7012293
            ],
            [
              -72.2931731,
              43.7012284
            ],
            [
              -72.2931704,
              43.7011882
            ],
            [
              -72.2931127,
              43.7011903
            ],
            [
              -72.2931149,
              43.7012238
            ],
            [
              -72.2929445,
              43.7012297
            ],
            [
              -72.2929508,
              43.7013249
            ],
            [
              -72.2931279,
              43.7013188
            ],
            [
              -72.293123,
              43.7012456
            ],
            [
              -72.2931473,
              43.7012447
            ],
            [
              -72.2931463,
              43.7012293
            ]
          ]
        ]
      },
      "id": "way/648280464"
    },
    {
      "type": "Feature",
      "properties": {
        "@id": "way/648280466",
        "addr:city": "Hanover",
        "addr:housenumber": "11",
        "addr:postcode": "03755",
        "addr:state": "NH",
        "addr:street": "School Street",
        "building": "house"
      },
      "geometry": {
        "type": "Polygon",
        "coordinates": [
          [
            [
              -72.2918649,
              43.7008051
            ],
            [
              -72.2918656,
              43.7007514
            ],
            [
              -72.2918391,
              43.7007512
            ],
            [
              -72.2918393,
              43.7007356
            ],
            [
              -72.2917357,
              43.7007348
            ],
            [
              -72.2917362,
              43.7006961
            ],
            [
              -72.2916698,
              43.7006956
            ],
            [
              -72.2916693,
              43.7007278
            ],
            [
              -72.291584,
              43.7007272
            ],
            [
              -72.2915829,
              43.7008031
            ],
            [
              -72.2918649,
              43.7008051
            ]
          ]
        ]
      },
      "id": "way/648280466"
    },
    {
      "type": "Feature",
      "properties": {
        "@id": "way/648280467",
        "addr:city": "Hanover",
        "addr:housenumber": "13",
        "addr:postcode": "03755",
        "addr:state": "NH",
        "addr:street": "School Street",
        "building": "house"
      },
      "geometry": {
        "type": "Polygon",
        "coordinates": [
          [
            [
              -72.2916868,
              43.7005506
            ],
            [
              -72.2916888,
              43.7004926
            ],
            [
              -72.2915355,
              43.7004898
            ],
            [
              -72.2915334,
              43.7005474
            ],
            [
              -72.2915523,
              43.7005478
            ],
            [
              -72.2915514,
              43.7005726
            ],
            [
              -72.2915883,
              43.7005733
            ],
            [
              -72.2915892,
              43.7005488
            ],
            [
              -72.2916868,
              43.7005506
            ]
          ]
        ]
      },
      "id": "way/648280467"
    },
    {
      "type": "Feature",
      "properties": {
        "@id": "way/648280468",
        "addr:city": "Hanover",
        "addr:housenumber": "1",
        "addr:postcode": "03755",
        "addr:state": "NH",
        "addr:street": "Maple Street",
        "building": "office"
      },
      "geometry": {
        "type": "Polygon",
        "coordinates": [
          [
            [
              -72.291834,
              43.7003187
            ],
            [
              -72.2918376,
              43.7002546
            ],
            [
              -72.2916804,
              43.70025
            ],
            [
              -72.291682,
              43.7002212
            ],
            [
              -72.2915328,
              43.7002169
            ],
            [
              -72.2915283,
              43.7002976
            ],
            [
              -72.2916821,
              43.7003021
            ],
            [
              -72.2916814,
              43.7003142
            ],
            [
              -72.291834,
              43.7003187
            ]
          ]
        ]
      },
      "id": "way/648280468"
    },
    {
      "type": "Feature",
      "properties": {
        "@id": "way/649347151",
        "addr:city": "Hanover",
        "addr:housenumber": "14",
        "addr:postcode": "03755",
        "addr:state": "NH",
        "addr:street": "School Street",
        "building": "church"
      },
      "geometry": {
        "type": "Polygon",
        "coordinates": [
          [
            [
              -72.2912475,
              43.70083
            ],
            [
              -72.2912489,
              43.7007181
            ],
            [
              -72.2910978,
              43.7007171
            ],
            [
              -72.2910969,
              43.700792
            ],
            [
              -72.2910211,
              43.7007915
            ],
            [
              -72.2910206,
              43.7008356
            ],
            [
              -72.2909283,
              43.700835
            ],
            [
              -72.2909277,
              43.7008816
            ],
            [
              -72.2910112,
              43.7008822
            ],
            [
              -72.2910117,
              43.7008428
            ],
            [
              -72.2911321,
              43.7008436
            ],
            [
              -72.2911323,
              43.7008292
            ],
            [
              -72.2912475,
              43.70083
            ]
          ]
        ]
      },
      "id": "way/649347151"
    },
    {
      "type": "Feature",
      "properties": {
        "@id": "way/675559487",
        "addr:city": "Hanover",
        "addr:housenumber": "2",
        "addr:postcode": "03755",
        "addr:state": "NH",
        "addr:street": "Maple Street",
        "building": "office",
        "name": "Ledyard Financial Advisors",
        "office": "financial_advisor",
        "opening_hours": "Mo-Fr 08:00-17:00"
      },
      "geometry": {
        "type": "Polygon",
        "coordinates": [
          [
            [
              -72.2905065,
              43.6999872
            ],
            [
              -72.2905079,
              43.6998955
            ],
            [
              -72.2904321,
              43.6998949
            ],
            [
              -72.2904338,
              43.699785
            ],
            [
              -72.2903988,
              43.6997847
            ],
            [
              -72.2903438,
              43.6997843
            ],
            [
              -72.2902801,
              43.6997838
            ],
            [
              -72.2902782,
              43.6999025
            ],
            [
              -72.290255,
              43.6999023
            ],
            [
              -72.2902537,
              43.6999871
            ],
            [
              -72.2903079,
              43.6999875
            ],
            [
              -72.2903076,
              43.7000082
            ],
            [
              -72.2904241,
              43.7000092
            ],
            [
              -72.2904244,
              43.6999865
            ],
            [
              -72.2905065,
              43.6999872
            ]
          ]
        ]
      },
      "id": "way/675559487"
    },
    {
      "type": "Feature",
      "properties": {
        "@id": "way/693100230",
        "addr:city": "Hanover",
        "addr:housenumber": "15",
        "addr:postcode": "03755",
        "addr:state": "NH",
        "addr:street": "Thayer Drive",
        "building": "university",
        "name": "Class of 1982 Engineering and Computer Science Center",
        "operator": "Dartmouth College"
      },
      "geometry": {
        "type": "Polygon",
        "coordinates": [
          [
            [
              -72.2949576,
              43.7036048
            ],
            [
              -72.2947951,
              43.7032556
            ],
            [
              -72.2945795,
              43.703297
            ],
            [
              -72.2942081,
              43.7032463
            ],
            [
              -72.2942218,
              43.703657
            ],
            [
              -72.2942638,
              43.7036557
            ],
            [
              -72.2944118,
              43.703907
            ],
            [
              -72.2946074,
              43.7039004
            ],
            [
              -72.2946187,
              43.7039376
            ],
            [
              -72.2949684,
              43.7039315
            ],
            [
              -72.2949576,
              43.7036048
            ]
          ]
        ]
      },
      "id": "way/693100230"
    },
    {
      "type": "Feature",
      "properties": {
        "@id": "way/693114384",
        "building": "yes",
        "name": "South Block"
      },
      "geometry": {
        "type": "Polygon",
        "coordinates": [
          [
            [
              -72.2894244,
              43.6998628
            ],
            [
              -72.2893926,
              43.6998607
            ],
            [
              -72.289402,
              43.6998104
            ],
            [
              -72.2894254,
              43.699813
            ],
            [
              -72.2894258,
              43.699808
            ],
            [
              -72.2894339,
              43.6998091
            ],
            [
              -72.2894426,
              43.6997423
            ],
            [
              -72.2894303,
              43.6997416
            ],
            [
              -72.2894367,
              43.6996936
            ],
            [
              -72.2894588,
              43.6996955
            ],
            [
              -72.289464,
              43.6996365
            ],
            [
              -72.2893747,
              43.69963
            ],
            [
              -72.289357,
              43.6996385
            ],
            [
              -72.2891482,
              43.6996234
            ],
            [
              -72.2891374,
              43.6996137
            ],
            [
              -72.2890689,
              43.6996042
            ],
            [
              -72.2890572,
              43.6996913
            ],
            [
              -72.2890453,
              43.6997798
            ],
            [
              -72.2890579,
              43.6997841
            ],
            [
              -72.2890789,
              43.699786
            ],
            [
              -72.2891452,
              43.699792
            ],
            [
              -72.2891463,
              43.6997855
            ],
            [
              -72.2892052,
              43.6997904
            ],
            [
              -72.289198,
              43.6998425
            ],
            [
              -72.2890723,
              43.6998305
            ],
            [
              -72.2890682,
              43.6998688
            ],
            [
              -72.2890239,
              43.6998682
            ],
            [
              -72.2890086,
              43.6998679
            ],
            [
              -72.2890087,
              43.6998745
            ],
            [
              -72.2890092,
              43.699945
            ],
            [
              -72.2890003,
              43.6999455
            ],
            [
              -72.2890038,
              43.7000105
            ],
            [
              -72.2890938,
              43.7000096
            ],
            [
              -72.2890938,
              43.700004
            ],
            [
              -72.2891819,
              43.7000019
            ],
            [
              -72.2891819,
              43.7000092
            ],
            [
              -72.2892743,
              43.7000088
            ],
            [
              -72.2892778,
              43.6999902
            ],
            [
              -72.2892993,
              43.6999924
            ],
            [
              -72.2892987,
              43.6999997
            ],
            [
              -72.2893076,
              43.7000001
            ],
            [
              -72.2893064,
              43.7000083
            ],
            [
              -72.2893755,
              43.7000126
            ],
            [
              -72.2893767,
              43.7000062
            ],
            [
              -72.289394,
              43.7000075
            ],
            [
              -72.2893958,
              43.6999967
            ],
            [
              -72.2894071,
              43.6999976
            ],
            [
              -72.2894148,
              43.6999407
            ],
            [
              -72.2894077,
              43.6999399
            ],
            [
              -72.2894244,
              43.6998628
            ]
          ]
        ]
      },
      "id": "way/693114384"
    },
    {
      "type": "Feature",
      "properties": {
        "@id": "way/715178942",
        "addr:city": "Hanover",
        "addr:housenumber": "1",
        "addr:postcode": "03755",
        "addr:state": "NH",
        "addr:street": "North Balch Street",
        "building": "house"
      },
      "geometry": {
        "type": "Polygon",
        "coordinates": [
          [
            [
              -72.2800291,
              43.7049889
            ],
            [
              -72.2800355,
              43.7050181
            ],
            [
              -72.2799919,
              43.7050231
            ],
            [
              -72.2799857,
              43.7049951
            ],
            [
              -72.2798816,
              43.705007
            ],
            [
              -72.2798867,
              43.7050304
            ],
            [
              -72.279852,
              43.7050344
            ],
            [
              -72.2798762,
              43.7051449
            ],
            [
              -72.2796696,
              43.7051686
            ],
            [
              -72.2796871,
              43.7052486
            ],
            [
              -72.2798882,
              43.7052256
            ],
            [
              -72.2798924,
              43.7052448
            ],
            [
              -72.279976,
              43.7052353
            ],
            [
              -72.2799495,
              43.7051139
            ],
            [
              -72.2799828,
              43.7051101
            ],
            [
              -72.2799772,
              43.7050842
            ],
            [
              -72.2801046,
              43.7050697
            ],
            [
              -72.2800856,
              43.7049824
            ],
            [
              -72.2800291,
              43.7049889
            ]
          ]
        ]
      },
      "id": "way/715178942"
    },
    {
      "type": "Feature",
      "properties": {
        "@id": "way/715178944",
        "addr:city": "Hanover",
        "addr:housenumber": "27",
        "addr:postcode": "03755",
        "addr:state": "NH",
        "addr:street": "East Wheelock Street",
        "building": "house"
      },
      "geometry": {
        "type": "Polygon",
        "coordinates": [
          [
            [
              -72.2804949,
              43.704867
            ],
            [
              -72.2804851,
              43.7048394
            ],
            [
              -72.2804735,
              43.7048067
            ],
            [
              -72.2804517,
              43.7048107
            ],
            [
              -72.2804275,
              43.7047425
            ],
            [
              -72.280406,
              43.7047465
            ],
            [
              -72.2803892,
              43.7046995
            ],
            [
              -72.2804335,
              43.7046912
            ],
            [
              -72.2804197,
              43.7046526
            ],
            [
              -72.2802503,
              43.7046841
            ],
            [
              -72.2802569,
              43.7047026
            ],
            [
              -72.2802203,
              43.7047094
            ],
            [
              -72.280239,
              43.7047619
            ],
            [
              -72.2803135,
              43.7047481
            ],
            [
              -72.280319,
              43.7047635
            ],
            [
              -72.2803695,
              43.7047541
            ],
            [
              -72.2803868,
              43.7048026
            ],
            [
              -72.280372,
              43.7048054
            ],
            [
              -72.2804002,
              43.7048846
            ],
            [
              -72.2804949,
              43.704867
            ]
          ]
        ]
      },
      "id": "way/715178944"
    },
    {
      "type": "Feature",
      "properties": {
        "@id": "way/719086480",
        "addr:city": "Hanover",
        "addr:housenumber": "33",
        "addr:postcode": "03755",
        "addr:state": "NH",
        "addr:street": "South Main Street",
        "building": "yes",
        "name": "Gitsis Block"
      },
      "geometry": {
        "type": "Polygon",
        "coordinates": [
          [
            [
              -72.2900742,
              43.7015235
            ],
            [
              -72.2900742,
              43.7015359
            ],
            [
              -72.2898963,
              43.7015301
            ],
            [
              -72.2898974,
              43.7015152
            ],
            [
              -72.2895347,
              43.7014995
            ],
            [
              -72.2895236,
              43.7016228
            ],
            [
              -72.2898269,
              43.7016271
            ],
            [
              -72.2900017,
              43.7016307
            ],
            [
              -72.2899953,
              43.701682
            ],
            [
              -72.290205,
              43.7016863
            ],
            [
              -72.2902072,
              43.7015676
            ],
            [
              -72.2902072,
              43.7015555
            ],
            [
              -72.290193,
              43.7015555
            ],
            [
              -72.2901737,
              43.701538
            ],
            [
              -72.2901533,
              43.7015377
            ],
            [
              -72.2901533,
              43.7015255
            ],
            [
              -72.2900742,
              43.7015235
            ]
          ]
        ]
      },
      "id": "way/719086480"
    },
    {
      "type": "Feature",
      "properties": {
        "@id": "way/721286482",
        "addr:city": "Hanover",
        "addr:housenumber": "35",
        "addr:postcode": "03755",
        "addr:state": "NH",
        "addr:street": "North Main Street",
        "building": "university",
        "name": "Native American House"
      },
      "geometry": {
        "type": "Polygon",
        "coordinates": [
          [
            [
              -72.2886614,
              43.7074197
            ],
            [
              -72.2887348,
              43.7073344
            ],
            [
              -72.2886771,
              43.7073085
            ],
            [
              -72.2887217,
              43.7072566
            ],
            [
              -72.2886989,
              43.7072463
            ],
            [
              -72.2887404,
              43.7071981
            ],
            [
              -72.2886544,
              43.7071594
            ],
            [
              -72.2886112,
              43.7072095
            ],
            [
              -72.28858,
              43.7071955
            ],
            [
              -72.2885463,
              43.7072347
            ],
            [
              -72.2885927,
              43.7072555
            ],
            [
              -72.2885749,
              43.7072762
            ],
            [
              -72.2885287,
              43.7072555
            ],
            [
              -72.2884937,
              43.7072961
            ],
            [
              -72.2885887,
              43.7073389
            ],
            [
              -72.2885588,
              43.7073736
            ],
            [
              -72.2886614,
              43.7074197
            ]
          ]
        ]
      },
      "id": "way/721286482"
    },
    {
      "type": "Feature",
      "properties": {
        "@id": "way/734295461",
        "addr:city": "Hanover",
        "addr:housenumber": "5",
        "addr:postcode": "03755",
        "addr:state": "NH",
        "addr:street": "South Park Street",
        "building": "house"
      },
      "geometry": {
        "type": "Polygon",
        "coordinates": [
          [
            [
              -72.2818743,
              43.7031648
            ],
            [
              -72.2818589,
              43.703102
            ],
            [
              -72.2818432,
              43.7030381
            ],
            [
              -72.2817065,
              43.7030557
            ],
            [
              -72.2817105,
              43.7030721
            ],
            [
              -72.2815844,
              43.7030883
            ],
            [
              -72.2816074,
              43.7031824
            ],
            [
              -72.2817393,
              43.7031655
            ],
            [
              -72.2817433,
              43.7031816
            ],
            [
              -72.2818743,
              43.7031648
            ]
          ]
        ]
      },
      "id": "way/734295461"
    },
    {
      "type": "Feature",
      "properties": {
        "@id": "way/734295464",
        "addr:city": "Hanover",
        "addr:housenumber": "3",
        "addr:postcode": "03755",
        "addr:state": "NH",
        "addr:street": "Valley Road",
        "building": "house"
      },
      "geometry": {
        "type": "Polygon",
        "coordinates": [
          [
            [
              -72.2813218,
              43.7032353
            ],
            [
              -72.2813197,
              43.703128
            ],
            [
              -72.2812842,
              43.7031283
            ],
            [
              -72.2811904,
              43.7031293
            ],
            [
              -72.281191,
              43.7031596
            ],
            [
              -72.2811414,
              43.7031601
            ],
            [
              -72.2810732,
              43.7031607
            ],
            [
              -72.2810753,
              43.7032748
            ],
            [
              -72.281186,
              43.7032738
            ],
            [
              -72.2811853,
              43.7032366
            ],
            [
              -72.2813218,
              43.7032353
            ]
          ]
        ]
      },
      "id": "way/734295464"
    },
    {
      "type": "Feature",
      "properties": {
        "@id": "way/734295467",
        "addr:city": "Hanover",
        "addr:housenumber": "1",
        "addr:postcode": "03755",
        "addr:state": "NH",
        "addr:street": "South Park Street",
        "building": "apartments"
      },
      "geometry": {
        "type": "Polygon",
        "coordinates": [
          [
            [
              -72.2819873,
              43.7035166
            ],
            [
              -72.2817875,
              43.7035376
            ],
            [
              -72.2817964,
              43.703582
            ],
            [
              -72.2818415,
              43.7035773
            ],
            [
              -72.2818442,
              43.703591
            ],
            [
              -72.2818504,
              43.7036218
            ],
            [
              -72.2818638,
              43.7036883
            ],
            [
              -72.2818324,
              43.7037364
            ],
            [
              -72.2819121,
              43.7037695
            ],
            [
              -72.2819486,
              43.7037244
            ],
            [
              -72.2820072,
              43.7037183
            ],
            [
              -72.2820137,
              43.7037176
            ],
            [
              -72.2820045,
              43.7036714
            ],
            [
              -72.2819872,
              43.7036732
            ],
            [
              -72.281966,
              43.7035676
            ],
            [
              -72.2819969,
              43.7035643
            ],
            [
              -72.2819933,
              43.7035465
            ],
            [
              -72.2819873,
              43.7035166
            ]
          ]
        ]
      },
      "id": "way/734295467"
    },
    {
      "type": "Feature",
      "properties": {
        "@id": "way/734295469",
        "addr:city": "Hanover",
        "addr:housenumber": "3",
        "addr:postcode": "03755",
        "addr:state": "NH",
        "addr:street": "South Park Street",
        "building": "house"
      },
      "geometry": {
        "type": "Polygon",
        "coordinates": [
          [
            [
              -72.2819453,
              43.703448
            ],
            [
              -72.2819396,
              43.7034246
            ],
            [
              -72.2819169,
              43.7033321
            ],
            [
              -72.2818104,
              43.7033458
            ],
            [
              -72.2818063,
              43.7033293
            ],
            [
              -72.2817251,
              43.7033397
            ],
            [
              -72.2817576,
              43.7034721
            ],
            [
              -72.2819453,
              43.703448
            ]
          ]
        ]
      },
      "id": "way/734295469"
    },
    {
      "type": "Feature",
      "properties": {
        "@id": "way/734295474",
        "addr:city": "Hanover",
        "addr:housenumber": "22",
        "addr:postcode": "03755",
        "addr:state": "NH",
        "addr:street": "East Wheelock Street",
        "building": "apartments"
      },
      "geometry": {
        "type": "Polygon",
        "coordinates": [
          [
            [
              -72.2819121,
              43.7037695
            ],
            [
              -72.2818324,
              43.7037364
            ],
            [
              -72.2817889,
              43.7037911
            ],
            [
              -72.2816929,
              43.7038169
            ],
            [
              -72.2817323,
              43.7038936
            ],
            [
              -72.2818586,
              43.7038597
            ],
            [
              -72.2818676,
              43.7038773
            ],
            [
              -72.2819141,
              43.7038649
            ],
            [
              -72.2819098,
              43.7038566
            ],
            [
              -72.2818836,
              43.7038054
            ],
            [
              -72.2819121,
              43.7037695
            ]
          ]
        ]
      },
      "id": "way/734295474"
    },
    {
      "type": "Feature",
      "properties": {
        "@id": "way/734295481",
        "addr:city": "Hanover",
        "addr:housenumber": "8",
        "addr:postcode": "03755",
        "addr:state": "NH",
        "addr:street": "South Balch Street",
        "building": "house"
      },
      "geometry": {
        "type": "Polygon",
        "coordinates": [
          [
            [
              -72.2806426,
              43.7035157
            ],
            [
              -72.2806153,
              43.7034108
            ],
            [
              -72.280579,
              43.7034158
            ],
            [
              -72.2805739,
              43.703396
            ],
            [
              -72.2805321,
              43.7034017
            ],
            [
              -72.2805371,
              43.7034206
            ],
            [
              -72.2804896,
              43.7034271
            ],
            [
              -72.2804954,
              43.7034492
            ],
            [
              -72.2805138,
              43.7035201
            ],
            [
              -72.2805172,
              43.7035331
            ],
            [
              -72.2805585,
              43.7035275
            ],
            [
              -72.2805653,
              43.7035538
            ],
            [
              -72.2806183,
              43.7035466
            ],
            [
              -72.2806114,
              43.70352
            ],
            [
              -72.2806426,
              43.7035157
            ]
          ]
        ]
      },
      "id": "way/734295481"
    },
    {
      "type": "Feature",
      "properties": {
        "@id": "way/734295485",
        "addr:city": "Hanover",
        "addr:housenumber": "28",
        "addr:postcode": "03755",
        "addr:state": "NH",
        "addr:street": "East Wheelock Street",
        "building": "house"
      },
      "geometry": {
        "type": "Polygon",
        "coordinates": [
          [
            [
              -72.2808712,
              43.7041214
            ],
            [
              -72.2808439,
              43.704009
            ],
            [
              -72.2807451,
              43.7040215
            ],
            [
              -72.2807536,
              43.7040564
            ],
            [
              -72.2806064,
              43.7040752
            ],
            [
              -72.2806207,
              43.7041336
            ],
            [
              -72.2806369,
              43.7042004
            ],
            [
              -72.2807409,
              43.7041872
            ],
            [
              -72.2807293,
              43.7041394
            ],
            [
              -72.2807482,
              43.704137
            ],
            [
              -72.2808712,
              43.7041214
            ]
          ]
        ]
      },
      "id": "way/734295485"
    },
    {
      "type": "Feature",
      "properties": {
        "@id": "way/734295490",
        "building": "house"
      },
      "geometry": {
        "type": "Polygon",
        "coordinates": [
          [
            [
              -72.2806821,
              43.7037105
            ],
            [
              -72.2806714,
              43.7036699
            ],
            [
              -72.2806492,
              43.7035858
            ],
            [
              -72.2805507,
              43.7035994
            ],
            [
              -72.2805612,
              43.7036393
            ],
            [
              -72.28054,
              43.7036423
            ],
            [
              -72.2805516,
              43.7036864
            ],
            [
              -72.2805624,
              43.703727
            ],
            [
              -72.2806821,
              43.7037105
            ]
          ]
        ]
      },
      "id": "way/734295490"
    },
    {
      "type": "Feature",
      "properties": {
        "@id": "way/734295495",
        "addr:city": "Hanover",
        "addr:housenumber": "5",
        "addr:postcode": "03755",
        "addr:state": "NH",
        "addr:street": "Valley Road",
        "building": "house"
      },
      "geometry": {
        "type": "Polygon",
        "coordinates": [
          [
            [
              -72.2809,
              43.7031284
            ],
            [
              -72.2807559,
              43.7031258
            ],
            [
              -72.2807521,
              43.7032353
            ],
            [
              -72.2808908,
              43.7032377
            ],
            [
              -72.2808896,
              43.7032726
            ],
            [
              -72.2810176,
              43.7032749
            ],
            [
              -72.2810214,
              43.7031634
            ],
            [
              -72.280972,
              43.7031625
            ],
            [
              -72.2808989,
              43.7031612
            ],
            [
              -72.2809,
              43.7031284
            ]
          ]
        ]
      },
      "id": "way/734295495"
    },
    {
      "type": "Feature",
      "properties": {
        "@id": "way/757708033",
        "addr:city": "Hanover",
        "addr:housenumber": "43-57",
        "addr:postcode": "03755",
        "addr:state": "NH",
        "addr:street": "South Main Street",
        "building": "yes",
        "name": "Nugget Arcade"
      },
      "geometry": {
        "type": "Polygon",
        "coordinates": [
          [
            [
              -72.2897034,
              43.7008929
            ],
            [
              -72.289572,
              43.7008954
            ],
            [
              -72.2895747,
              43.7009679
            ],
            [
              -72.2895875,
              43.7009676
            ],
            [
              -72.2895892,
              43.7010147
            ],
            [
              -72.2896229,
              43.7010141
            ],
            [
              -72.2896233,
              43.7010272
            ],
            [
              -72.2899562,
              43.7010209
            ],
            [
              -72.2899514,
              43.7008882
            ],
            [
              -72.2900829,
              43.7008857
            ],
            [
              -72.290115,
              43.7006437
            ],
            [
              -72.2903919,
              43.7006664
            ],
            [
              -72.2904177,
              43.7004928
            ],
            [
              -72.2900513,
              43.7004643
            ],
            [
              -72.2900536,
              43.7004488
            ],
            [
              -72.2899589,
              43.7004415
            ],
            [
              -72.289963,
              43.7004142
            ],
            [
              -72.2897842,
              43.7004003
            ],
            [
              -72.2897777,
              43.7004439
            ],
            [
              -72.2898261,
              43.7004476
            ],
            [
              -72.2898192,
              43.7004944
            ],
            [
              -72.2897982,
              43.7004927
            ],
            [
              -72.2897869,
              43.7005681
            ],
            [
              -72.2898023,
              43.7005693
            ],
            [
              -72.2897953,
              43.7006095
            ],
            [
              -72.2897503,
              43.7006057
            ],
            [
              -72.2897361,
              43.7006962
            ],
            [
              -72.2897148,
              43.7008249
            ],
            [
              -72.2897034,
              43.7008929
            ]
          ]
        ]
      },
      "id": "way/757708033"
    },
    {
      "type": "Feature",
      "properties": {
        "@id": "way/783709280",
        "addr:city": "Hanover",
        "addr:housenumber": "31",
        "addr:postcode": "03755",
        "addr:state": "NH",
        "addr:street": "South Park Street",
        "amenity": "dentist",
        "building": "yes",
        "fax": "+1-603-676-2402",
        "healthcare": "dentist",
        "name": "Upper Valley Esthetic Dentistry",
        "phone": "+1-603-643-3190"
      },
      "geometry": {
        "type": "Polygon",
        "coordinates": [
          [
            [
              -72.2810337,
              43.7004026
            ],
            [
              -72.2811738,
              43.7003848
            ],
            [
              -72.2811192,
              43.7001601
            ],
            [
              -72.281044,
              43.7001696
            ],
            [
              -72.2810406,
              43.7001558
            ],
            [
              -72.2809005,
              43.7001736
            ],
            [
              -72.2809136,
              43.7002276
            ],
            [
              -72.2809501,
              43.700223
            ],
            [
              -72.2809536,
              43.7002373
            ],
            [
              -72.2809924,
              43.7002324
            ],
            [
              -72.2810337,
              43.7004026
            ]
          ]
        ]
      },
      "id": "way/783709280"
    },
    {
      "type": "Feature",
      "properties": {
        "@id": "way/783717743",
        "addr:city": "Hanover",
        "addr:housenumber": "32",
        "addr:postcode": "03755",
        "addr:state": "NH",
        "addr:street": "Lebanon Street",
        "building": "apartments"
      },
      "geometry": {
        "type": "Polygon",
        "coordinates": [
          [
            [
              -72.283135,
              43.7002058
            ],
            [
              -72.2831665,
              43.7002807
            ],
            [
              -72.2834837,
              43.7002111
            ],
            [
              -72.2834551,
              43.7001429
            ],
            [
              -72.2836019,
              43.7001106
            ],
            [
              -72.2836914,
              43.7000409
            ],
            [
              -72.2837086,
              43.7000525
            ],
            [
              -72.2838213,
              43.6999648
            ],
            [
              -72.2837627,
              43.6999254
            ],
            [
              -72.2837348,
              43.6999067
            ],
            [
              -72.2836826,
              43.6999473
            ],
            [
              -72.2836141,
              43.6999013
            ],
            [
              -72.2835396,
              43.6999593
            ],
            [
              -72.2835958,
              43.699997
            ],
            [
              -72.2835309,
              43.7000475
            ],
            [
              -72.2833978,
              43.7000767
            ],
            [
              -72.2834252,
              43.7001421
            ],
            [
              -72.283135,
              43.7002058
            ]
          ]
        ]
      },
      "id": "way/783717743"
    },
    {
      "type": "Feature",
      "properties": {
        "@id": "way/783717744",
        "addr:city": "Hanover",
        "addr:housenumber": "2",
        "addr:postcode": "03755",
        "addr:state": "NH",
        "addr:street": "Sanborn Road",
        "building": "church"
      },
      "geometry": {
        "type": "Polygon",
        "coordinates": [
          [
            [
              -72.2856568,
              43.7001036
            ],
            [
              -72.2856461,
              43.7000634
            ],
            [
              -72.2856718,
              43.7000598
            ],
            [
              -72.2857201,
              43.7000531
            ],
            [
              -72.2856971,
              43.6999665
            ],
            [
              -72.2856567,
              43.6999721
            ],
            [
              -72.2856543,
              43.6999629
            ],
            [
              -72.2856217,
              43.6999675
            ],
            [
              -72.2856082,
              43.6999167
            ],
            [
              -72.2855675,
              43.6999223
            ],
            [
              -72.2855272,
              43.6999279
            ],
            [
              -72.2855456,
              43.6999971
            ],
            [
              -72.2855294,
              43.6999993
            ],
            [
              -72.2855607,
              43.7001169
            ],
            [
              -72.2856568,
              43.7001036
            ]
          ]
        ]
      },
      "id": "way/783717744"
    },
    {
      "type": "Feature",
      "properties": {
        "@id": "way/783717747",
        "addr:city": "Hanover",
        "addr:housenumber": "5",
        "addr:postcode": "03755",
        "addr:state": "NH",
        "addr:street": "Sanborn Road",
        "building": "university",
        "building:levels": "2",
        "name": "South Faculty House"
      },
      "geometry": {
        "type": "Polygon",
        "coordinates": [
          [
            [
              -72.2861236,
              43.7001949
            ],
            [
              -72.2861108,
              43.7001937
            ],
            [
              -72.2861134,
              43.7001777
            ],
            [
              -72.2862368,
              43.7001885
            ],
            [
              -72.2862406,
              43.7001657
            ],
            [
              -72.286286,
              43.7001697
            ],
            [
              -72.286296,
              43.7001097
            ],
            [
              -72.2861981,
              43.7001011
            ],
            [
              -72.2862007,
              43.7000857
            ],
            [
              -72.2861351,
              43.7000799
            ],
            [
              -72.286139,
              43.7000569
            ],
            [
              -72.2860153,
              43.700046
            ],
            [
              -72.2859975,
              43.7001517
            ],
            [
              -72.2860372,
              43.7001552
            ],
            [
              -72.2860314,
              43.7001896
            ],
            [
              -72.2860145,
              43.7001881
            ],
            [
              -72.2860062,
              43.7002377
            ],
            [
              -72.2861148,
              43.7002473
            ],
            [
              -72.2861236,
              43.7001949
            ]
          ]
        ]
      },
      "id": "way/783717747"
    },
    {
      "type": "Feature",
      "properties": {
        "@id": "way/783717748",
        "addr:city": "Hanover",
        "addr:housenumber": "3",
        "addr:postcode": "03755",
        "addr:state": "NH",
        "addr:street": "Sanborn Road",
        "building": "house",
        "building:levels": "3"
      },
      "geometry": {
        "type": "Polygon",
        "coordinates": [
          [
            [
              -72.286111,
              43.7003136
            ],
            [
              -72.2859968,
              43.7003019
            ],
            [
              -72.2859815,
              43.7003798
            ],
            [
              -72.2860981,
              43.7003918
            ],
            [
              -72.286102,
              43.7003719
            ],
            [
              -72.286158,
              43.7003777
            ],
            [
              -72.2861656,
              43.7003392
            ],
            [
              -72.2861071,
              43.7003331
            ],
            [
              -72.286111,
              43.7003136
            ]
          ]
        ]
      },
      "id": "way/783717748"
    },
    {
      "type": "Feature",
      "properties": {
        "@id": "way/783717749",
        "addr:city": "Hanover",
        "addr:housenumber": "1",
        "addr:postcode": "03755",
        "addr:state": "NH",
        "addr:street": "Sanborn Road",
        "building": "house",
        "building:levels": "2"
      },
      "geometry": {
        "type": "Polygon",
        "coordinates": [
          [
            [
              -72.2861,
              43.700491
            ],
            [
              -72.2860134,
              43.7004841
            ],
            [
              -72.286008,
              43.7005192
            ],
            [
              -72.2859485,
              43.7005144
            ],
            [
              -72.285934,
              43.7006096
            ],
            [
              -72.2860487,
              43.7006187
            ],
            [
              -72.2860567,
              43.7005664
            ],
            [
              -72.2860881,
              43.700569
            ],
            [
              -72.2861,
              43.700491
            ]
          ]
        ]
      },
      "id": "way/783717749"
    },
    {
      "type": "Feature",
      "properties": {
        "@id": "way/783717750",
        "addr:city": "Hanover",
        "addr:housenumber": "25",
        "addr:postcode": "03755",
        "addr:state": "NH",
        "addr:street": "Lebanon Street",
        "building": "yes"
      },
      "geometry": {
        "type": "Polygon",
        "coordinates": [
          [
            [
              -72.2861414,
              43.7009066
            ],
            [
              -72.2863002,
              43.7009034
            ],
            [
              -72.2862958,
              43.7007897
            ],
            [
              -72.2863286,
              43.7007891
            ],
            [
              -72.2863246,
              43.7006845
            ],
            [
              -72.2862043,
              43.7006869
            ],
            [
              -72.2862084,
              43.7007913
            ],
            [
              -72.286137,
              43.7007928
            ],
            [
              -72.2861414,
              43.7009066
            ]
          ]
        ]
      },
      "id": "way/783717750"
    },
    {
      "type": "Feature",
      "properties": {
        "@id": "way/783717751",
        "addr:city": "Hanover",
        "addr:housenumber": "30",
        "addr:postcode": "03755",
        "addr:state": "NH",
        "addr:street": "Lebanon Street",
        "building": "apartments"
      },
      "geometry": {
        "type": "Polygon",
        "coordinates": [
          [
            [
              -72.2840324,
              43.700222
            ],
            [
              -72.2840645,
              43.700242
            ],
            [
              -72.2841281,
              43.7001888
            ],
            [
              -72.2840805,
              43.7001591
            ],
            [
              -72.2841082,
              43.7001359
            ],
            [
              -72.2840824,
              43.7001197
            ],
            [
              -72.2840469,
              43.7000975
            ],
            [
              -72.283969,
              43.7001627
            ],
            [
              -72.2838975,
              43.700118
            ],
            [
              -72.2838412,
              43.7001651
            ],
            [
              -72.2839298,
              43.7002204
            ],
            [
              -72.2839025,
              43.7002432
            ],
            [
              -72.283928,
              43.7002591
            ],
            [
              -72.2839044,
              43.7002788
            ],
            [
              -72.2839388,
              43.7003003
            ],
            [
              -72.2840324,
              43.700222
            ]
          ]
        ]
      },
      "id": "way/783717751"
    },
    {
      "type": "Feature",
      "properties": {
        "@id": "way/784097648",
        "addr:city": "Hanover",
        "addr:housenumber": "7",
        "addr:postcode": "03755",
        "addr:state": "NH",
        "addr:street": "Ivy Pointe Way",
        "building": "house"
      },
      "geometry": {
        "type": "Polygon",
        "coordinates": [
          [
            [
              -72.2801013,
              43.708887
            ],
            [
              -72.2801861,
              43.7088508
            ],
            [
              -72.2801679,
              43.7088285
            ],
            [
              -72.2801473,
              43.7088033
            ],
            [
              -72.2801585,
              43.7087985
            ],
            [
              -72.2801346,
              43.7087693
            ],
            [
              -72.2801456,
              43.7087646
            ],
            [
              -72.2801118,
              43.7087234
            ],
            [
              -72.2800996,
              43.7087286
            ],
            [
              -72.2800738,
              43.7086971
            ],
            [
              -72.2800362,
              43.7087132
            ],
            [
              -72.2800172,
              43.70869
            ],
            [
              -72.2799927,
              43.7086836
            ],
            [
              -72.2799573,
              43.7086994
            ],
            [
              -72.2799498,
              43.7087141
            ],
            [
              -72.2799596,
              43.7087261
            ],
            [
              -72.2799339,
              43.7087371
            ],
            [
              -72.2800298,
              43.7088545
            ],
            [
              -72.2800632,
              43.7088403
            ],
            [
              -72.2801013,
              43.708887
            ]
          ]
        ]
      },
      "id": "way/784097648"
    },
    {
      "type": "Feature",
      "properties": {
        "@id": "way/784097652",
        "addr:city": "Hanover",
        "addr:housenumber": "2",
        "addr:postcode": "03755",
        "addr:state": "NH",
        "addr:street": "Ivy Pointe Way",
        "building": "house"
      },
      "geometry": {
        "type": "Polygon",
        "coordinates": [
          [
            [
              -72.2804254,
              43.7083839
            ],
            [
              -72.2803989,
              43.7083653
            ],
            [
              -72.2804224,
              43.7083479
            ],
            [
              -72.2804224,
              43.7083332
            ],
            [
              -72.2804052,
              43.7083242
            ],
            [
              -72.2803873,
              43.7083253
            ],
            [
              -72.2803545,
              43.7083022
            ],
            [
              -72.2803832,
              43.7082809
            ],
            [
              -72.2803375,
              43.7082487
            ],
            [
              -72.2803063,
              43.7082719
            ],
            [
              -72.2802861,
              43.7082577
            ],
            [
              -72.2802385,
              43.7082931
            ],
            [
              -72.2802567,
              43.7083059
            ],
            [
              -72.2802027,
              43.708346
            ],
            [
              -72.280231,
              43.7083659
            ],
            [
              -72.2802204,
              43.7083738
            ],
            [
              -72.2802471,
              43.7083925
            ],
            [
              -72.280232,
              43.7084037
            ],
            [
              -72.2802894,
              43.7084439
            ],
            [
              -72.2803181,
              43.708464
            ],
            [
              -72.2804254,
              43.7083839
            ]
          ]
        ]
      },
      "id": "way/784097652"
    },
    {
      "type": "Feature",
      "properties": {
        "@id": "way/784097653",
        "addr:city": "Hanover",
        "addr:housenumber": "3",
        "addr:postcode": "03755",
        "addr:state": "NH",
        "addr:street": "Ivy Pointe Way",
        "building": "house"
      },
      "geometry": {
        "type": "Polygon",
        "coordinates": [
          [
            [
              -72.2800765,
              43.7081966
            ],
            [
              -72.2800939,
              43.7081804
            ],
            [
              -72.2801288,
              43.7081998
            ],
            [
              -72.2801539,
              43.7081972
            ],
            [
              -72.2801737,
              43.708176
            ],
            [
              -72.2801725,
              43.7081617
            ],
            [
              -72.2801607,
              43.7081543
            ],
            [
              -72.2801777,
              43.7081401
            ],
            [
              -72.2801122,
              43.7080992
            ],
            [
              -72.2801043,
              43.7081057
            ],
            [
              -72.2800297,
              43.7080591
            ],
            [
              -72.2800397,
              43.7080508
            ],
            [
              -72.2800359,
              43.7080253
            ],
            [
              -72.2800056,
              43.7080097
            ],
            [
              -72.2799614,
              43.7080125
            ],
            [
              -72.279877,
              43.7080899
            ],
            [
              -72.2799249,
              43.7081172
            ],
            [
              -72.2799672,
              43.7081413
            ],
            [
              -72.2799527,
              43.7081546
            ],
            [
              -72.2799902,
              43.7081759
            ],
            [
              -72.2799984,
              43.7081685
            ],
            [
              -72.2800232,
              43.7081826
            ],
            [
              -72.2800498,
              43.7081817
            ],
            [
              -72.2800765,
              43.7081966
            ]
          ]
        ]
      },
      "id": "way/784097653"
    },
    {
      "type": "Feature",
      "properties": {
        "@id": "way/784097654",
        "addr:city": "Hanover",
        "addr:housenumber": "1",
        "addr:postcode": "03755",
        "addr:state": "NH",
        "addr:street": "Ivy Pointe Way",
        "building": "house"
      },
      "geometry": {
        "type": "Polygon",
        "coordinates": [
          [
            [
              -72.2805425,
              43.7086202
            ],
            [
              -72.2806589,
              43.708541
            ],
            [
              -72.2806362,
              43.7085236
            ],
            [
              -72.2806735,
              43.7084983
            ],
            [
              -72.2806545,
              43.7084837
            ],
            [
              -72.2806205,
              43.7084816
            ],
            [
              -72.2805958,
              43.7084601
            ],
            [
              -72.2806119,
              43.7084504
            ],
            [
              -72.2806142,
              43.7084313
            ],
            [
              -72.2805895,
              43.7084138
            ],
            [
              -72.2805688,
              43.7084121
            ],
            [
              -72.2805491,
              43.7084255
            ],
            [
              -72.2805287,
              43.7084098
            ],
            [
              -72.2804728,
              43.7084478
            ],
            [
              -72.2804959,
              43.7084656
            ],
            [
              -72.2804682,
              43.7084844
            ],
            [
              -72.280487,
              43.7084989
            ],
            [
              -72.2804662,
              43.708513
            ],
            [
              -72.2805311,
              43.7085629
            ],
            [
              -72.2804976,
              43.7085857
            ],
            [
              -72.2805217,
              43.7086042
            ],
            [
              -72.2805425,
              43.7086202
            ]
          ]
        ]
      },
      "id": "way/784097654"
    },
    {
      "type": "Feature",
      "properties": {
        "@id": "way/784097655",
        "addr:city": "Hanover",
        "addr:housenumber": "6",
        "addr:postcode": "03755",
        "addr:state": "NH",
        "addr:street": "Park Way",
        "building": "house"
      },
      "geometry": {
        "type": "Polygon",
        "coordinates": [
          [
            [
              -72.2820471,
              43.7077966
            ],
            [
              -72.2820328,
              43.7077301
            ],
            [
              -72.281993,
              43.7077346
            ],
            [
              -72.2818915,
              43.707746
            ],
            [
              -72.2818796,
              43.7076907
            ],
            [
              -72.2818409,
              43.707695
            ],
            [
              -72.2817345,
              43.707707
            ],
            [
              -72.2817512,
              43.7077849
            ],
            [
              -72.2818005,
              43.7077793
            ],
            [
              -72.28181,
              43.7078233
            ],
            [
              -72.2820471,
              43.7077966
            ]
          ]
        ]
      },
      "id": "way/784097655"
    },
    {
      "type": "Feature",
      "properties": {
        "@id": "way/784097659",
        "addr:city": "Hanover",
        "addr:housenumber": "17",
        "addr:postcode": "03755",
        "addr:state": "NH",
        "addr:street": "North Balch Street",
        "building": "house"
      },
      "geometry": {
        "type": "Polygon",
        "coordinates": [
          [
            [
              -72.280897,
              43.7074981
            ],
            [
              -72.280927,
              43.7074948
            ],
            [
              -72.2809024,
              43.707376
            ],
            [
              -72.2807804,
              43.7073892
            ],
            [
              -72.280801,
              43.7074888
            ],
            [
              -72.2807588,
              43.7074933
            ],
            [
              -72.280749,
              43.707446
            ],
            [
              -72.2805998,
              43.7074622
            ],
            [
              -72.2806122,
              43.7075219
            ],
            [
              -72.2806297,
              43.7075201
            ],
            [
              -72.2806322,
              43.7075324
            ],
            [
              -72.2807256,
              43.7075223
            ],
            [
              -72.2807365,
              43.7075746
            ],
            [
              -72.280909,
              43.7075559
            ],
            [
              -72.280897,
              43.7074981
            ]
          ]
        ]
      },
      "id": "way/784097659"
    },
    {
      "type": "Feature",
      "properties": {
        "@id": "way/786103727",
        "addr:city": "Hanover",
        "addr:housenumber": "2",
        "addr:postcode": "03755",
        "addr:state": "NH",
        "addr:street": "Lewin Road",
        "building": "garages"
      },
      "geometry": {
        "type": "Polygon",
        "coordinates": [
          [
            [
              -72.2939883,
              43.7000718
            ],
            [
              -72.2940709,
              43.7000709
            ],
            [
              -72.2940643,
              43.6997734
            ],
            [
              -72.2939817,
              43.6997743
            ],
            [
              -72.2939883,
              43.7000718
            ]
          ]
        ]
      },
      "id": "way/786103727"
    },
    {
      "type": "Feature",
      "properties": {
        "@id": "way/837183229",
        "building": "roof",
        "layer": "1"
      },
      "geometry": {
        "type": "Polygon",
        "coordinates": [
          [
            [
              -72.2882336,
              43.7010838
            ],
            [
              -72.2882296,
              43.7010067
            ],
            [
              -72.2881486,
              43.7010095
            ],
            [
              -72.2881518,
              43.7010863
            ],
            [
              -72.2882336,
              43.7010838
            ]
          ]
        ]
      },
      "id": "way/837183229"
    },
    {
      "type": "Feature",
      "properties": {
        "@id": "way/837183231",
        "addr:city": "Hanover",
        "addr:housenumber": "6",
        "addr:postcode": "03755",
        "addr:state": "NH",
        "addr:street": "East Wheelock Street",
        "air_conditioning": "yes",
        "building": "yes",
        "fee": "no",
        "museum": "art",
        "name": "Hood Museum of Art",
        "opening_hours": "We 11:00-17:00; Th,Fr 11:00-20:00; Sa 13:00-17:00",
        "phone": "+1-603-646-2808",
        "tourism": "museum",
        "website": "https://hoodmuseum.dartmouth.edu/",
        "wikidata": "Q3140304",
        "wikipedia": "en:Hood Museum of Art"
      },
      "geometry": {
        "type": "Polygon",
        "coordinates": [
          [
            [
              -72.287638,
              43.702055
            ],
            [
              -72.2876343,
              43.7019563
            ],
            [
              -72.2876017,
              43.7019568
            ],
            [
              -72.287559,
              43.7019575
            ],
            [
              -72.2875519,
              43.7017461
            ],
            [
              -72.2876095,
              43.7017441
            ],
            [
              -72.287652,
              43.7017425
            ],
            [
              -72.2877083,
              43.7017399
            ],
            [
              -72.2877089,
              43.7016663
            ],
            [
              -72.2878076,
              43.7015588
            ],
            [
              -72.2877375,
              43.7015251
            ],
            [
              -72.2876344,
              43.7016373
            ],
            [
              -72.2876087,
              43.7016378
            ],
            [
              -72.2875352,
              43.7016391
            ],
            [
              -72.2874331,
              43.7015822
            ],
            [
              -72.2874095,
              43.7016044
            ],
            [
              -72.2873756,
              43.7015855
            ],
            [
              -72.2873681,
              43.7014789
            ],
            [
              -72.2872523,
              43.7014832
            ],
            [
              -72.2872688,
              43.7017178
            ],
            [
              -72.2872213,
              43.7017195
            ],
            [
              -72.287227,
              43.7018
            ],
            [
              -72.287177,
              43.7018018
            ],
            [
              -72.2871687,
              43.7016843
            ],
            [
              -72.2871424,
              43.7016853
            ],
            [
              -72.2871417,
              43.7016761
            ],
            [
              -72.2869264,
              43.7016844
            ],
            [
              -72.286931,
              43.7017466
            ],
            [
              -72.2869513,
              43.7017606
            ],
            [
              -72.2869532,
              43.7017852
            ],
            [
              -72.2869729,
              43.7020444
            ],
            [
              -72.287192,
              43.7020331
            ],
            [
              -72.2871896,
              43.7019737
            ],
            [
              -72.2872226,
              43.7019738
            ],
            [
              -72.2872313,
              43.7020733
            ],
            [
              -72.2875147,
              43.7020605
            ],
            [
              -72.2876046,
              43.7020565
            ],
            [
              -72.287638,
              43.702055
            ]
          ]
        ]
      },
      "id": "way/837183231"
    },
    {
      "type": "Feature",
      "properties": {
        "@id": "way/837183237",
        "building": "university",
        "content": "fuel",
        "man_made": "storage_tank",
        "operator": "Dartmouth College"
      },
      "geometry": {
        "type": "Polygon",
        "coordinates": [
          [
            [
              -72.2863183,
              43.7015339
            ],
            [
              -72.2863047,
              43.7015272
            ],
            [
              -72.2862889,
              43.7015239
            ],
            [
              -72.2862725,
              43.7015245
            ],
            [
              -72.2862571,
              43.7015288
            ],
            [
              -72.2862441,
              43.7015368
            ],
            [
              -72.2862355,
              43.7015475
            ],
            [
              -72.2862323,
              43.7015597
            ],
            [
              -72.2862349,
              43.701572
            ],
            [
              -72.286243,
              43.7015829
            ],
            [
              -72.2862557,
              43.7015912
            ],
            [
              -72.2862714,
              43.7015961
            ],
            [
              -72.2862878,
              43.7015969
            ],
            [
              -72.2863038,
              43.7015938
            ],
            [
              -72.2863175,
              43.7015873
            ],
            [
              -72.2863276,
              43.7015779
            ],
            [
              -72.2863331,
              43.7015667
            ],
            [
              -72.2863332,
              43.7015548
            ],
            [
              -72.2863281,
              43.7015435
            ],
            [
              -72.2863183,
              43.7015339
            ]
          ]
        ]
      },
      "id": "way/837183237"
    },
    {
      "type": "Feature",
      "properties": {
        "@id": "way/837183238",
        "building": "university",
        "content": "fuel",
        "man_made": "storage_tank",
        "operator": "Dartmouth College"
      },
      "geometry": {
        "type": "Polygon",
        "coordinates": [
          [
            [
              -72.2861748,
              43.7015383
            ],
            [
              -72.2861612,
              43.7015315
            ],
            [
              -72.2861454,
              43.7015283
            ],
            [
              -72.2861289,
              43.7015288
            ],
            [
              -72.2861136,
              43.7015332
            ],
            [
              -72.2861006,
              43.7015412
            ],
            [
              -72.286092,
              43.7015519
            ],
            [
              -72.2860888,
              43.7015641
            ],
            [
              -72.2860914,
              43.7015763
            ],
            [
              -72.2860995,
              43.7015872
            ],
            [
              -72.2861121,
              43.7015956
            ],
            [
              -72.2861279,
              43.7016004
            ],
            [
              -72.2861443,
              43.7016012
            ],
            [
              -72.2861602,
              43.7015982
            ],
            [
              -72.286174,
              43.7015917
            ],
            [
              -72.2861841,
              43.7015823
            ],
            [
              -72.2861895,
              43.701571
            ],
            [
              -72.2861897,
              43.7015591
            ],
            [
              -72.2861846,
              43.7015478
            ],
            [
              -72.2861748,
              43.7015383
            ]
          ]
        ]
      },
      "id": "way/837183238"
    },
    {
      "type": "Feature",
      "properties": {
        "@id": "way/837183240",
        "addr:city": "Hanover",
        "addr:housenumber": "85",
        "addr:postcode": "03755",
        "addr:state": "NH",
        "addr:street": "Plant Drive",
        "building": "university",
        "name": "McKenzie Fuel Oil Facility"
      },
      "geometry": {
        "type": "Polygon",
        "coordinates": [
          [
            [
              -72.286354,
              43.7014708
            ],
            [
              -72.2860656,
              43.7014791
            ],
            [
              -72.2860676,
              43.7015158
            ],
            [
              -72.2860755,
              43.7015156
            ],
            [
              -72.2863482,
              43.7015076
            ],
            [
              -72.2863537,
              43.701606
            ],
            [
              -72.2863342,
              43.7016066
            ],
            [
              -72.2863344,
              43.7016107
            ],
            [
              -72.2863278,
              43.7016109
            ],
            [
              -72.2863281,
              43.7016163
            ],
            [
              -72.286362,
              43.7016153
            ],
            [
              -72.286354,
              43.7014708
            ]
          ]
        ]
      },
      "id": "way/837183240"
    },
    {
      "type": "Feature",
      "properties": {
        "@id": "way/838851884",
        "addr:city": "Hanover",
        "addr:postcode": "03755",
        "addr:state": "NH",
        "addr:street": "Tuck Mall",
        "building": "university",
        "name": "Hyphen Lounge"
      },
      "geometry": {
        "type": "Polygon",
        "coordinates": [
          [
            [
              -72.2908298,
              43.7056506
            ],
            [
              -72.29084,
              43.7056267
            ],
            [
              -72.290834,
              43.7055532
            ],
            [
              -72.2909308,
              43.7055491
            ],
            [
              -72.2909234,
              43.7054602
            ],
            [
              -72.2907721,
              43.7054657
            ],
            [
              -72.2907852,
              43.7056248
            ],
            [
              -72.290779,
              43.7056392
            ],
            [
              -72.2908298,
              43.7056506
            ]
          ]
        ]
      },
      "id": "way/838851884"
    },
    {
      "type": "Feature",
      "properties": {
        "@id": "way/838868528",
        "addr:city": "Hanover",
        "addr:housenumber": "11",
        "addr:postcode": "03755",
        "addr:state": "NH",
        "addr:street": "South Park Street",
        "building": "yes"
      },
      "geometry": {
        "type": "Polygon",
        "coordinates": [
          [
            [
              -72.2817574,
              43.7028811
            ],
            [
              -72.2817363,
              43.7027675
            ],
            [
              -72.2815053,
              43.70279
            ],
            [
              -72.2815115,
              43.7028236
            ],
            [
              -72.2814721,
              43.7028274
            ],
            [
              -72.2814801,
              43.7028756
            ],
            [
              -72.2814816,
              43.702883
            ],
            [
              -72.281584,
              43.702873
            ],
            [
              -72.2815871,
              43.7028896
            ],
            [
              -72.2816907,
              43.7028796
            ],
            [
              -72.2816922,
              43.7028875
            ],
            [
              -72.2817574,
              43.7028811
            ]
          ]
        ]
      },
      "id": "way/838868528"
    },
    {
      "type": "Feature",
      "properties": {
        "@id": "way/842819162",
        "addr:city": "Hanover",
        "addr:housenumber": "1",
        "addr:postcode": "03755",
        "addr:state": "NH",
        "addr:street": "Maple Street",
        "building": "garages"
      },
      "geometry": {
        "type": "Polygon",
        "coordinates": [
          [
            [
              -72.2918307,
              43.7005263
            ],
            [
              -72.2917109,
              43.7005233
            ],
            [
              -72.291708,
              43.7005828
            ],
            [
              -72.2918278,
              43.7005859
            ],
            [
              -72.2918307,
              43.7005263
            ]
          ]
        ]
      },
      "id": "way/842819162"
    },
    {
      "type": "Feature",
      "properties": {
        "@id": "way/873165758",
        "addr:city": "Hanover",
        "addr:housenumber": "25",
        "addr:postcode": "03755",
        "addr:state": "NH",
        "addr:street": "East Wheelock Street",
        "building": "apartments"
      },
      "geometry": {
        "type": "Polygon",
        "coordinates": [
          [
            [
              -72.2810179,
              43.7046065
            ],
            [
              -72.281038,
              43.7046016
            ],
            [
              -72.2810162,
              43.7045545
            ],
            [
              -72.2809928,
              43.7045601
            ],
            [
              -72.2809795,
              43.7045314
            ],
            [
              -72.2808871,
              43.7045537
            ],
            [
              -72.2808959,
              43.7045728
            ],
            [
              -72.2808763,
              43.7045775
            ],
            [
              -72.280906,
              43.7046417
            ],
            [
              -72.2809182,
              43.7046387
            ],
            [
              -72.2809361,
              43.7046776
            ],
            [
              -72.2809598,
              43.7046719
            ],
            [
              -72.2809715,
              43.7046971
            ],
            [
              -72.2810509,
              43.7046779
            ],
            [
              -72.2810179,
              43.7046065
            ]
          ]
        ]
      },
      "id": "way/873165758"
    },
    {
      "type": "Feature",
      "properties": {
        "@id": "way/873165759",
        "addr:city": "Hanover",
        "addr:housenumber": "25",
        "addr:postcode": "03755",
        "addr:state": "NH",
        "addr:street": "East Wheelock Street",
        "building": "garage"
      },
      "geometry": {
        "type": "Polygon",
        "coordinates": [
          [
            [
              -72.2809441,
              43.7047721
            ],
            [
              -72.2810103,
              43.704754
            ],
            [
              -72.2809947,
              43.704724
            ],
            [
              -72.2809285,
              43.7047421
            ],
            [
              -72.2809441,
              43.7047721
            ]
          ]
        ]
      },
      "id": "way/873165759"
    },
    {
      "type": "Feature",
      "properties": {
        "@id": "way/873165760",
        "addr:city": "Hanover",
        "addr:housenumber": "25",
        "addr:postcode": "03755",
        "addr:state": "NH",
        "addr:street": "East Wheelock Street",
        "building": "garage"
      },
      "geometry": {
        "type": "Polygon",
        "coordinates": [
          [
            [
              -72.2809517,
              43.7048554
            ],
            [
              -72.2810215,
              43.7048471
            ],
            [
              -72.2810143,
              43.7048155
            ],
            [
              -72.2809445,
              43.7048238
            ],
            [
              -72.2809517,
              43.7048554
            ]
          ]
        ]
      },
      "id": "way/873165760"
    },
    {
      "type": "Feature",
      "properties": {
        "@id": "way/873165761",
        "addr:city": "Hanover",
        "addr:housenumber": "25",
        "addr:postcode": "03755",
        "addr:state": "NH",
        "addr:street": "East Wheelock Street",
        "building": "garage"
      },
      "geometry": {
        "type": "Polygon",
        "coordinates": [
          [
            [
              -72.280893,
              43.7049398
            ],
            [
              -72.2808919,
              43.7048887
            ],
            [
              -72.2808476,
              43.7048892
            ],
            [
              -72.2808486,
              43.7049403
            ],
            [
              -72.280893,
              43.7049398
            ]
          ]
        ]
      },
      "id": "way/873165761"
    },
    {
      "type": "Feature",
      "properties": {
        "@id": "way/873165763",
        "addr:city": "Hanover",
        "addr:housenumber": "4",
        "addr:postcode": "03755",
        "addr:state": "NH",
        "addr:street": "North Balch Street",
        "building": "house"
      },
      "geometry": {
        "type": "Polygon",
        "coordinates": [
          [
            [
              -72.2812357,
              43.7051161
            ],
            [
              -72.2811465,
              43.7051221
            ],
            [
              -72.2811431,
              43.7050958
            ],
            [
              -72.2811771,
              43.7050936
            ],
            [
              -72.2811649,
              43.7049983
            ],
            [
              -72.2810479,
              43.7050061
            ],
            [
              -72.2810545,
              43.7050578
            ],
            [
              -72.2810601,
              43.7051012
            ],
            [
              -72.2811018,
              43.7050984
            ],
            [
              -72.281106,
              43.7051306
            ],
            [
              -72.2809974,
              43.7051379
            ],
            [
              -72.2810126,
              43.7052565
            ],
            [
              -72.2811176,
              43.7052495
            ],
            [
              -72.2811242,
              43.7053012
            ],
            [
              -72.2811419,
              43.7053121
            ],
            [
              -72.2811662,
              43.7053098
            ],
            [
              -72.2811809,
              43.7052962
            ],
            [
              -72.281175,
              43.7052493
            ],
            [
              -72.281252,
              43.7052442
            ],
            [
              -72.2812357,
              43.7051161
            ]
          ]
        ]
      },
      "id": "way/873165763"
    },
    {
      "type": "Feature",
      "properties": {
        "@id": "way/873165765",
        "addr:city": "Hanover",
        "addr:housenumber": "6",
        "addr:postcode": "03755",
        "addr:state": "NH",
        "addr:street": "North Balch Street",
        "building": "house"
      },
      "geometry": {
        "type": "Polygon",
        "coordinates": [
          [
            [
              -72.2811488,
              43.7056556
            ],
            [
              -72.2812887,
              43.7056411
            ],
            [
              -72.2812631,
              43.7055122
            ],
            [
              -72.2812341,
              43.7055152
            ],
            [
              -72.2812225,
              43.7054567
            ],
            [
              -72.2811934,
              43.7054598
            ],
            [
              -72.2811914,
              43.7054499
            ],
            [
              -72.2811778,
              43.7054514
            ],
            [
              -72.2811732,
              43.7054284
            ],
            [
              -72.2810982,
              43.7054362
            ],
            [
              -72.2811024,
              43.7054573
            ],
            [
              -72.2810623,
              43.7054615
            ],
            [
              -72.2810842,
              43.7055712
            ],
            [
              -72.2810978,
              43.7055698
            ],
            [
              -72.2811054,
              43.7056078
            ],
            [
              -72.2811386,
              43.7056044
            ],
            [
              -72.2811453,
              43.7056382
            ],
            [
              -72.2811488,
              43.7056556
            ]
          ]
        ]
      },
      "id": "way/873165765"
    },
    {
      "type": "Feature",
      "properties": {
        "@id": "way/873165766",
        "addr:city": "Hanover",
        "addr:housenumber": "8",
        "addr:postcode": "03755",
        "addr:state": "NH",
        "addr:street": "North Balch Street",
        "building": "house"
      },
      "geometry": {
        "type": "Polygon",
        "coordinates": [
          [
            [
              -72.2812289,
              43.7058745
            ],
            [
              -72.2812254,
              43.7058549
            ],
            [
              -72.281319,
              43.7058462
            ],
            [
              -72.2813164,
              43.7058321
            ],
            [
              -72.281377,
              43.7058264
            ],
            [
              -72.281364,
              43.7057535
            ],
            [
              -72.2812445,
              43.7057646
            ],
            [
              -72.2812417,
              43.705749
            ],
            [
              -72.2811522,
              43.7057574
            ],
            [
              -72.2811551,
              43.7057736
            ],
            [
              -72.2811411,
              43.7057749
            ],
            [
              -72.2811664,
              43.7059168
            ],
            [
              -72.2811693,
              43.7059332
            ],
            [
              -72.2812663,
              43.7059241
            ],
            [
              -72.281257,
              43.7058719
            ],
            [
              -72.2812289,
              43.7058745
            ]
          ]
        ]
      },
      "id": "way/873165766"
    },
    {
      "type": "Feature",
      "properties": {
        "@id": "way/873165768",
        "addr:city": "Hanover",
        "addr:housenumber": "7",
        "addr:postcode": "03755",
        "addr:state": "NH",
        "addr:street": "North Balch Street",
        "building": "house"
      },
      "geometry": {
        "type": "Polygon",
        "coordinates": [
          [
            [
              -72.2805704,
              43.7059985
            ],
            [
              -72.2805643,
              43.7059717
            ],
            [
              -72.2805498,
              43.7059078
            ],
            [
              -72.2806142,
              43.7059002
            ],
            [
              -72.2806025,
              43.7058487
            ],
            [
              -72.2805925,
              43.705805
            ],
            [
              -72.2804411,
              43.705823
            ],
            [
              -72.2804668,
              43.705936
            ],
            [
              -72.2804508,
              43.7059379
            ],
            [
              -72.2804674,
              43.7060107
            ],
            [
              -72.2805704,
              43.7059985
            ]
          ]
        ]
      },
      "id": "way/873165768"
    },
    {
      "type": "Feature",
      "properties": {
        "@id": "way/873165769",
        "addr:city": "Hanover",
        "addr:housenumber": "3",
        "addr:postcode": "03755",
        "addr:state": "NH",
        "addr:street": "North Balch Street",
        "building": "house"
      },
      "geometry": {
        "type": "Polygon",
        "coordinates": [
          [
            [
              -72.280373,
              43.7054095
            ],
            [
              -72.2805044,
              43.7053957
            ],
            [
              -72.2804962,
              43.7053549
            ],
            [
              -72.2805114,
              43.7053533
            ],
            [
              -72.2805084,
              43.7053381
            ],
            [
              -72.2805049,
              43.7053208
            ],
            [
              -72.2804861,
              43.7053228
            ],
            [
              -72.2804797,
              43.7052909
            ],
            [
              -72.2804629,
              43.7052927
            ],
            [
              -72.2804506,
              43.7052319
            ],
            [
              -72.2803549,
              43.705242
            ],
            [
              -72.2803645,
              43.7052899
            ],
            [
              -72.2803522,
              43.7052912
            ],
            [
              -72.2803585,
              43.705322
            ],
            [
              -72.2803143,
              43.7053267
            ],
            [
              -72.2803217,
              43.7053638
            ],
            [
              -72.2803629,
              43.7053595
            ],
            [
              -72.280373,
              43.7054095
            ]
          ]
        ]
      },
      "id": "way/873165769"
    },
    {
      "type": "Feature",
      "properties": {
        "@id": "way/873165770",
        "addr:city": "Hanover",
        "addr:housenumber": "3",
        "addr:postcode": "03755",
        "addr:state": "NH",
        "addr:street": "North Balch Street",
        "building": "garage"
      },
      "geometry": {
        "type": "Polygon",
        "coordinates": [
          [
            [
              -72.2802626,
              43.7054124
            ],
            [
              -72.2802704,
              43.7054511
            ],
            [
              -72.2804195,
              43.7054354
            ],
            [
              -72.2804175,
              43.7054251
            ],
            [
              -72.2804146,
              43.7054108
            ],
            [
              -72.2803503,
              43.7054176
            ],
            [
              -72.2803474,
              43.7054034
            ],
            [
              -72.2802626,
              43.7054124
            ]
          ]
        ]
      },
      "id": "way/873165770"
    },
    {
      "type": "Feature",
      "properties": {
        "@id": "way/873165771",
        "addr:city": "Hanover",
        "addr:housenumber": "5",
        "addr:postcode": "03755",
        "addr:state": "NH",
        "addr:street": "North Balch Street",
        "building": "house"
      },
      "geometry": {
        "type": "Polygon",
        "coordinates": [
          [
            [
              -72.2805405,
              43.7056688
            ],
            [
              -72.280528,
              43.7056111
            ],
            [
              -72.2805465,
              43.705609
            ],
            [
              -72.2805363,
              43.7055623
            ],
            [
              -72.2805235,
              43.7055032
            ],
            [
              -72.280411,
              43.705516
            ],
            [
              -72.2804185,
              43.7055503
            ],
            [
              -72.280375,
              43.7055553
            ],
            [
              -72.2803911,
              43.7056292
            ],
            [
              -72.2804248,
              43.7056254
            ],
            [
              -72.2804285,
              43.7056421
            ],
            [
              -72.2804731,
              43.705637
            ],
            [
              -72.2804815,
              43.7056755
            ],
            [
              -72.2805405,
              43.7056688
            ]
          ]
        ]
      },
      "id": "way/873165771"
    },
    {
      "type": "Feature",
      "properties": {
        "@id": "way/873165772",
        "addr:city": "Hanover",
        "addr:housenumber": "10",
        "addr:postcode": "03755",
        "addr:state": "NH",
        "addr:street": "North Balch Street",
        "building": "house"
      },
      "geometry": {
        "type": "Polygon",
        "coordinates": [
          [
            [
              -72.2814941,
              43.7061615
            ],
            [
              -72.2814829,
              43.7061074
            ],
            [
              -72.2813728,
              43.7061193
            ],
            [
              -72.2813487,
              43.7060024
            ],
            [
              -72.2812368,
              43.7060144
            ],
            [
              -72.2812409,
              43.7060345
            ],
            [
              -72.2812096,
              43.7060378
            ],
            [
              -72.281238,
              43.7061756
            ],
            [
              -72.2813573,
              43.7061627
            ],
            [
              -72.2813535,
              43.7061444
            ],
            [
              -72.2813806,
              43.7061415
            ],
            [
              -72.2813871,
              43.706173
            ],
            [
              -72.2814941,
              43.7061615
            ]
          ]
        ]
      },
      "id": "way/873165772"
    },
    {
      "type": "Feature",
      "properties": {
        "@id": "way/873165773",
        "building": "garage"
      },
      "geometry": {
        "type": "Polygon",
        "coordinates": [
          [
            [
              -72.2815668,
              43.7064507
            ],
            [
              -72.2815561,
              43.7064108
            ],
            [
              -72.2814692,
              43.7064229
            ],
            [
              -72.2814799,
              43.7064629
            ],
            [
              -72.2815668,
              43.7064507
            ]
          ]
        ]
      },
      "id": "way/873165773"
    },
    {
      "type": "Feature",
      "properties": {
        "@id": "way/873165774",
        "addr:city": "Hanover",
        "addr:housenumber": "12",
        "addr:postcode": "03755",
        "addr:state": "NH",
        "addr:street": "North Balch Street",
        "building": "house"
      },
      "geometry": {
        "type": "Polygon",
        "coordinates": [
          [
            [
              -72.2814734,
              43.7064061
            ],
            [
              -72.2814534,
              43.7063375
            ],
            [
              -72.2813797,
              43.7063487
            ],
            [
              -72.2813689,
              43.7063118
            ],
            [
              -72.2813478,
              43.706315
            ],
            [
              -72.2813404,
              43.7062895
            ],
            [
              -72.2812718,
              43.7063
            ],
            [
              -72.2812867,
              43.7063511
            ],
            [
              -72.2812637,
              43.7063546
            ],
            [
              -72.2812834,
              43.7064221
            ],
            [
              -72.2813266,
              43.7064155
            ],
            [
              -72.2813358,
              43.7064472
            ],
            [
              -72.2813382,
              43.7064554
            ],
            [
              -72.2814632,
              43.7064363
            ],
            [
              -72.2814552,
              43.7064089
            ],
            [
              -72.2814734,
              43.7064061
            ]
          ]
        ]
      },
      "id": "way/873165774"
    },
    {
      "type": "Feature",
      "properties": {
        "@id": "way/873165775",
        "addr:city": "Hanover",
        "addr:housenumber": "14",
        "addr:postcode": "03755",
        "addr:state": "NH",
        "addr:street": "North Balch Street",
        "building": "garage"
      },
      "geometry": {
        "type": "Polygon",
        "coordinates": [
          [
            [
              -72.2816753,
              43.7067131
            ],
            [
              -72.2817592,
              43.706704
            ],
            [
              -72.2817509,
              43.7066643
            ],
            [
              -72.2816671,
              43.7066734
            ],
            [
              -72.2816728,
              43.7067011
            ],
            [
              -72.2816753,
              43.7067131
            ]
          ]
        ]
      },
      "id": "way/873165775"
    },
    {
      "type": "Feature",
      "properties": {
        "@id": "way/873165776",
        "addr:city": "Hanover",
        "addr:housenumber": "14",
        "addr:postcode": "03755",
        "addr:state": "NH",
        "addr:street": "North Balch Street",
        "building": "house"
      },
      "geometry": {
        "type": "Polygon",
        "coordinates": [
          [
            [
              -72.2814552,
              43.7066066
            ],
            [
              -72.2814448,
              43.70656
            ],
            [
              -72.2815473,
              43.706548
            ],
            [
              -72.2815379,
              43.7065059
            ],
            [
              -72.28145,
              43.7065162
            ],
            [
              -72.2814471,
              43.7065032
            ],
            [
              -72.2813824,
              43.7065107
            ],
            [
              -72.2813871,
              43.7065318
            ],
            [
              -72.2813201,
              43.7065396
            ],
            [
              -72.2813503,
              43.7066752
            ],
            [
              -72.2814797,
              43.7066601
            ],
            [
              -72.2814731,
              43.7066307
            ],
            [
              -72.2815023,
              43.7066273
            ],
            [
              -72.2815493,
              43.7066495
            ],
            [
              -72.2815412,
              43.7066585
            ],
            [
              -72.2816095,
              43.7066908
            ],
            [
              -72.2816608,
              43.7066343
            ],
            [
              -72.2815879,
              43.7065998
            ],
            [
              -72.2815639,
              43.7066262
            ],
            [
              -72.2815091,
              43.7066003
            ],
            [
              -72.2814552,
              43.7066066
            ]
          ]
        ]
      },
      "id": "way/873165776"
    },
    {
      "type": "Feature",
      "properties": {
        "@id": "way/873165777",
        "addr:city": "Hanover",
        "addr:housenumber": "11",
        "addr:postcode": "03755",
        "addr:state": "NH",
        "addr:street": "North Balch Street",
        "building": "house"
      },
      "geometry": {
        "type": "Polygon",
        "coordinates": [
          [
            [
              -72.2807562,
              43.7066051
            ],
            [
              -72.2807434,
              43.7065536
            ],
            [
              -72.280729,
              43.7065555
            ],
            [
              -72.2807047,
              43.7064578
            ],
            [
              -72.2806595,
              43.7064637
            ],
            [
              -72.2806533,
              43.7064387
            ],
            [
              -72.2805039,
              43.7064581
            ],
            [
              -72.2805157,
              43.7065055
            ],
            [
              -72.2805924,
              43.7064955
            ],
            [
              -72.2806001,
              43.7065265
            ],
            [
              -72.2805433,
              43.7065339
            ],
            [
              -72.2805561,
              43.7065852
            ],
            [
              -72.2806281,
              43.7065759
            ],
            [
              -72.2806319,
              43.7065913
            ],
            [
              -72.2806672,
              43.7065867
            ],
            [
              -72.2806744,
              43.7066157
            ],
            [
              -72.2807562,
              43.7066051
            ]
          ]
        ]
      },
      "id": "way/873165777"
    },
    {
      "type": "Feature",
      "properties": {
        "@id": "way/873165778",
        "addr:city": "Hanover",
        "addr:housenumber": "9",
        "addr:postcode": "03755",
        "addr:state": "NH",
        "addr:street": "North Balch Street",
        "building": "house"
      },
      "geometry": {
        "type": "Polygon",
        "coordinates": [
          [
            [
              -72.2804765,
              43.7061567
            ],
            [
              -72.2803915,
              43.7061652
            ],
            [
              -72.2804003,
              43.7062114
            ],
            [
              -72.2804524,
              43.7062062
            ],
            [
              -72.28046,
              43.706246
            ],
            [
              -72.2805006,
              43.706242
            ],
            [
              -72.2805172,
              43.7063291
            ],
            [
              -72.2807052,
              43.7063104
            ],
            [
              -72.2806956,
              43.7062604
            ],
            [
              -72.28073,
              43.7062569
            ],
            [
              -72.2807195,
              43.7062018
            ],
            [
              -72.2805387,
              43.7062198
            ],
            [
              -72.2805349,
              43.7061996
            ],
            [
              -72.2804856,
              43.7062045
            ],
            [
              -72.2804813,
              43.7061822
            ],
            [
              -72.2804765,
              43.7061567
            ]
          ]
        ]
      },
      "id": "way/873165778"
    },
    {
      "type": "Feature",
      "properties": {
        "@id": "way/873165779",
        "addr:city": "Hanover",
        "addr:housenumber": "15",
        "addr:postcode": "03755",
        "addr:state": "NH",
        "addr:street": "North Balch Street",
        "building": "house"
      },
      "geometry": {
        "type": "Polygon",
        "coordinates": [
          [
            [
              -72.2802805,
              43.7072254
            ],
            [
              -72.2802826,
              43.7072343
            ],
            [
              -72.280207,
              43.7072436
            ],
            [
              -72.2801969,
              43.7072009
            ],
            [
              -72.2802063,
              43.7071997
            ],
            [
              -72.2801963,
              43.7071582
            ],
            [
              -72.2802183,
              43.7071555
            ],
            [
              -72.2802143,
              43.7071386
            ],
            [
              -72.2801922,
              43.7071414
            ],
            [
              -72.2801795,
              43.707089
            ],
            [
              -72.2799736,
              43.7071151
            ],
            [
              -72.2799922,
              43.7071918
            ],
            [
              -72.2800873,
              43.7071797
            ],
            [
              -72.2801058,
              43.7072559
            ],
            [
              -72.2800841,
              43.7072586
            ],
            [
              -72.2800964,
              43.7073097
            ],
            [
              -72.2802445,
              43.7072911
            ],
            [
              -72.2802424,
              43.7072821
            ],
            [
              -72.2802768,
              43.7072779
            ],
            [
              -72.2802795,
              43.7072895
            ],
            [
              -72.2804055,
              43.707274
            ],
            [
              -72.2803909,
              43.7072119
            ],
            [
              -72.2803379,
              43.7072184
            ],
            [
              -72.2802805,
              43.7072254
            ]
          ]
        ]
      },
      "id": "way/873165779"
    },
    {
      "type": "Feature",
      "properties": {
        "@id": "way/873165780",
        "addr:city": "Hanover",
        "addr:housenumber": "16",
        "addr:postcode": "03755",
        "addr:state": "NH",
        "addr:street": "North Balch Street",
        "building": "house"
      },
      "geometry": {
        "type": "Polygon",
        "coordinates": [
          [
            [
              -72.2814943,
              43.7069332
            ],
            [
              -72.2814759,
              43.7068527
            ],
            [
              -72.281562,
              43.7068424
            ],
            [
              -72.2815503,
              43.7067912
            ],
            [
              -72.2814457,
              43.7068037
            ],
            [
              -72.2814499,
              43.7068221
            ],
            [
              -72.2813296,
              43.7068365
            ],
            [
              -72.2813576,
              43.7069585
            ],
            [
              -72.2814567,
              43.7069467
            ],
            [
              -72.2814646,
              43.7069811
            ],
            [
              -72.2814717,
              43.7070123
            ],
            [
              -72.2815559,
              43.7070022
            ],
            [
              -72.2815389,
              43.7069279
            ],
            [
              -72.2814943,
              43.7069332
            ]
          ]
        ]
      },
      "id": "way/873165780"
    },
    {
      "type": "Feature",
      "properties": {
        "@id": "way/873165782",
        "addr:city": "Hanover",
        "addr:housenumber": "5",
        "addr:postcode": "03755",
        "addr:state": "NH",
        "addr:street": "Park Way",
        "building": "house"
      },
      "geometry": {
        "type": "Polygon",
        "coordinates": [
          [
            [
              -72.2816278,
              43.7072701
            ],
            [
              -72.2817217,
              43.7072587
            ],
            [
              -72.2817666,
              43.7072532
            ],
            [
              -72.2817504,
              43.7071835
            ],
            [
              -72.2815958,
              43.7072022
            ],
            [
              -72.2815988,
              43.7072151
            ],
            [
              -72.2814522,
              43.7072329
            ],
            [
              -72.2814742,
              43.7073277
            ],
            [
              -72.2816366,
              43.707308
            ],
            [
              -72.2816278,
              43.7072701
            ]
          ]
        ]
      },
      "id": "way/873165782"
    },
    {
      "type": "Feature",
      "properties": {
        "@id": "way/873165783",
        "addr:city": "Hanover",
        "addr:housenumber": "8",
        "addr:postcode": "03755",
        "addr:state": "NH",
        "addr:street": "Park Way",
        "building": "house"
      },
      "geometry": {
        "type": "Polygon",
        "coordinates": [
          [
            [
              -72.2816015,
              43.7078204
            ],
            [
              -72.2815563,
              43.7078249
            ],
            [
              -72.2815537,
              43.7078111
            ],
            [
              -72.2815167,
              43.7078148
            ],
            [
              -72.2815149,
              43.7078051
            ],
            [
              -72.2814841,
              43.7078081
            ],
            [
              -72.2814861,
              43.707819
            ],
            [
              -72.2814313,
              43.7078244
            ],
            [
              -72.2814328,
              43.7078322
            ],
            [
              -72.2813478,
              43.7078406
            ],
            [
              -72.2813546,
              43.7078769
            ],
            [
              -72.2813577,
              43.7078934
            ],
            [
              -72.2814451,
              43.7078848
            ],
            [
              -72.2814476,
              43.7078977
            ],
            [
              -72.2815646,
              43.7078862
            ],
            [
              -72.2815619,
              43.7078719
            ],
            [
              -72.2816103,
              43.7078671
            ],
            [
              -72.2816015,
              43.7078204
            ]
          ]
        ]
      },
      "id": "way/873165783"
    },
    {
      "type": "Feature",
      "properties": {
        "@id": "way/873165785",
        "addr:city": "Hanover",
        "addr:housenumber": "10",
        "addr:postcode": "03755",
        "addr:state": "NH",
        "addr:street": "Park Way",
        "building": "house"
      },
      "geometry": {
        "type": "Polygon",
        "coordinates": [
          [
            [
              -72.2808317,
              43.7080653
            ],
            [
              -72.2808149,
              43.7079965
            ],
            [
              -72.2808707,
              43.7079894
            ],
            [
              -72.280862,
              43.7079535
            ],
            [
              -72.280913,
              43.707947
            ],
            [
              -72.2809156,
              43.7079578
            ],
            [
              -72.2809417,
              43.7079545
            ],
            [
              -72.280948,
              43.7079803
            ],
            [
              -72.2810809,
              43.7079633
            ],
            [
              -72.281041,
              43.7078003
            ],
            [
              -72.2808795,
              43.7078209
            ],
            [
              -72.2808855,
              43.7078454
            ],
            [
              -72.2807677,
              43.7078605
            ],
            [
              -72.2807707,
              43.707873
            ],
            [
              -72.2807187,
              43.7078796
            ],
            [
              -72.2807321,
              43.7079343
            ],
            [
              -72.2807895,
              43.707927
            ],
            [
              -72.2807984,
              43.7079636
            ],
            [
              -72.2806856,
              43.707978
            ],
            [
              -72.2807106,
              43.7080807
            ],
            [
              -72.2808317,
              43.7080653
            ]
          ]
        ]
      },
      "id": "way/873165785"
    },
    {
      "type": "Feature",
      "properties": {
        "@id": "way/873165786",
        "addr:city": "Hanover",
        "addr:housenumber": "1",
        "addr:postcode": "03755",
        "addr:state": "NH",
        "addr:street": "Park Way",
        "building": "house"
      },
      "geometry": {
        "type": "Polygon",
        "coordinates": [
          [
            [
              -72.2802277,
              43.7076549
            ],
            [
              -72.2802347,
              43.7076289
            ],
            [
              -72.2802425,
              43.7075998
            ],
            [
              -72.2801521,
              43.7075871
            ],
            [
              -72.2801333,
              43.7075632
            ],
            [
              -72.2801644,
              43.7075504
            ],
            [
              -72.2801136,
              43.7074859
            ],
            [
              -72.280133,
              43.7074779
            ],
            [
              -72.2801454,
              43.7074403
            ],
            [
              -72.2800849,
              43.7074299
            ],
            [
              -72.2800764,
              43.7074558
            ],
            [
              -72.280059,
              43.7074368
            ],
            [
              -72.2800157,
              43.7074575
            ],
            [
              -72.2800367,
              43.7074804
            ],
            [
              -72.2799839,
              43.7075057
            ],
            [
              -72.2801048,
              43.7076377
            ],
            [
              -72.2802277,
              43.7076549
            ]
          ]
        ]
      },
      "id": "way/873165786"
    },
    {
      "type": "Feature",
      "properties": {
        "@id": "way/873165787",
        "addr:city": "Hanover",
        "addr:housenumber": "2",
        "addr:postcode": "03755",
        "addr:state": "NH",
        "addr:street": "Park Way",
        "building": "house"
      },
      "geometry": {
        "type": "Polygon",
        "coordinates": [
          [
            [
              -72.2827295,
              43.7075654
            ],
            [
              -72.2827386,
              43.707609
            ],
            [
              -72.2827137,
              43.7076117
            ],
            [
              -72.282722,
              43.7076517
            ],
            [
              -72.2827485,
              43.7076488
            ],
            [
              -72.2827552,
              43.7076813
            ],
            [
              -72.282729,
              43.7076841
            ],
            [
              -72.2827349,
              43.707713
            ],
            [
              -72.2828904,
              43.7076961
            ],
            [
              -72.2828604,
              43.7075513
            ],
            [
              -72.2827295,
              43.7075654
            ]
          ]
        ]
      },
      "id": "way/873165787"
    },
    {
      "type": "Feature",
      "properties": {
        "@id": "way/873165788",
        "addr:city": "Hanover",
        "addr:housenumber": "4",
        "addr:postcode": "03755",
        "addr:state": "NH",
        "addr:street": "Park Way",
        "building": "house"
      },
      "geometry": {
        "type": "Polygon",
        "coordinates": [
          [
            [
              -72.2824816,
              43.7077022
            ],
            [
              -72.282459,
              43.7077046
            ],
            [
              -72.2823733,
              43.7077136
            ],
            [
              -72.2823593,
              43.707644
            ],
            [
              -72.2823141,
              43.7076487
            ],
            [
              -72.2823121,
              43.7076387
            ],
            [
              -72.2822535,
              43.7076449
            ],
            [
              -72.2822553,
              43.7076537
            ],
            [
              -72.2821573,
              43.7076641
            ],
            [
              -72.2821721,
              43.7077376
            ],
            [
              -72.282259,
              43.7077284
            ],
            [
              -72.2822656,
              43.7077607
            ],
            [
              -72.2822774,
              43.7077595
            ],
            [
              -72.2822831,
              43.7077879
            ],
            [
              -72.2823284,
              43.7077832
            ],
            [
              -72.2823325,
              43.7078032
            ],
            [
              -72.2824213,
              43.7077938
            ],
            [
              -72.2824177,
              43.7077757
            ],
            [
              -72.2824948,
              43.7077675
            ],
            [
              -72.2824816,
              43.7077022
            ]
          ]
        ]
      },
      "id": "way/873165788"
    },
    {
      "type": "Feature",
      "properties": {
        "@id": "way/873165789",
        "addr:city": "Hanover",
        "addr:housenumber": "17",
        "addr:postcode": "03755",
        "addr:state": "NH",
        "addr:street": "North Park Street",
        "building": "house"
      },
      "geometry": {
        "type": "Polygon",
        "coordinates": [
          [
            [
              -72.2828339,
              43.7071531
            ],
            [
              -72.2828081,
              43.7070485
            ],
            [
              -72.2826281,
              43.7070718
            ],
            [
              -72.2826374,
              43.7071095
            ],
            [
              -72.282612,
              43.7071128
            ],
            [
              -72.2826045,
              43.7070826
            ],
            [
              -72.2825409,
              43.7070908
            ],
            [
              -72.2825435,
              43.7071012
            ],
            [
              -72.2824503,
              43.7071133
            ],
            [
              -72.2824717,
              43.7071999
            ],
            [
              -72.2825408,
              43.7071909
            ],
            [
              -72.2828339,
              43.7071531
            ]
          ]
        ]
      },
      "id": "way/873165789"
    },
    {
      "type": "Feature",
      "properties": {
        "@id": "way/873165790",
        "addr:city": "Hanover",
        "addr:housenumber": "3",
        "addr:postcode": "03755",
        "addr:state": "NH",
        "addr:street": "Park Way",
        "building": "house"
      },
      "geometry": {
        "type": "Polygon",
        "coordinates": [
          [
            [
              -72.2823503,
              43.7072105
            ],
            [
              -72.2823087,
              43.7070505
            ],
            [
              -72.2821369,
              43.7070738
            ],
            [
              -72.2821475,
              43.7071145
            ],
            [
              -72.282128,
              43.7071171
            ],
            [
              -72.2821373,
              43.7071526
            ],
            [
              -72.282115,
              43.7071557
            ],
            [
              -72.2821259,
              43.7071974
            ],
            [
              -72.2821649,
              43.7071921
            ],
            [
              -72.2821758,
              43.7072342
            ],
            [
              -72.2823503,
              43.7072105
            ]
          ]
        ]
      },
      "id": "way/873165790"
    },
    {
      "type": "Feature",
      "properties": {
        "@id": "way/873165791",
        "addr:city": "Hanover",
        "addr:housenumber": "3",
        "addr:postcode": "03755",
        "addr:state": "NH",
        "addr:street": "Park Way",
        "building": "garage"
      },
      "geometry": {
        "type": "Polygon",
        "coordinates": [
          [
            [
              -72.2823658,
              43.7069863
            ],
            [
              -72.2823502,
              43.706927
            ],
            [
              -72.2822692,
              43.7069381
            ],
            [
              -72.2822847,
              43.7069974
            ],
            [
              -72.2823446,
              43.7069892
            ],
            [
              -72.2823658,
              43.7069863
            ]
          ]
        ]
      },
      "id": "way/873165791"
    },
    {
      "type": "Feature",
      "properties": {
        "@id": "way/873165792",
        "addr:city": "Hanover",
        "addr:housenumber": "15",
        "addr:postcode": "03755",
        "addr:state": "NH",
        "addr:street": "North Park Street",
        "building": "garage"
      },
      "geometry": {
        "type": "Polygon",
        "coordinates": [
          [
            [
              -72.2822154,
              43.7069222
            ],
            [
              -72.2823306,
              43.7069081
            ],
            [
              -72.2823149,
              43.706841
            ],
            [
              -72.2821997,
              43.7068551
            ],
            [
              -72.2822154,
              43.7069222
            ]
          ]
        ]
      },
      "id": "way/873165792"
    },
    {
      "type": "Feature",
      "properties": {
        "@id": "way/873165793",
        "addr:city": "Hanover",
        "addr:housenumber": "15",
        "addr:postcode": "03755",
        "addr:state": "NH",
        "addr:street": "North Park Street",
        "building": "house"
      },
      "geometry": {
        "type": "Polygon",
        "coordinates": [
          [
            [
              -72.2824792,
              43.7068492
            ],
            [
              -72.2826685,
              43.7068241
            ],
            [
              -72.2826606,
              43.7067931
            ],
            [
              -72.2826914,
              43.7067891
            ],
            [
              -72.2826851,
              43.7067644
            ],
            [
              -72.2827111,
              43.7067609
            ],
            [
              -72.2827069,
              43.7067441
            ],
            [
              -72.2826867,
              43.7067468
            ],
            [
              -72.282681,
              43.7067244
            ],
            [
              -72.2826408,
              43.7067297
            ],
            [
              -72.282638,
              43.7067187
            ],
            [
              -72.2825053,
              43.7067364
            ],
            [
              -72.2825169,
              43.706782
            ],
            [
              -72.2824848,
              43.7067863
            ],
            [
              -72.2824922,
              43.7068157
            ],
            [
              -72.2824714,
              43.7068184
            ],
            [
              -72.2824792,
              43.7068492
            ]
          ]
        ]
      },
      "id": "way/873165793"
    },
    {
      "type": "Feature",
      "properties": {
        "@id": "way/873165794",
        "addr:city": "Hanover",
        "addr:housenumber": "13",
        "addr:postcode": "03755",
        "addr:state": "NH",
        "addr:street": "North Park Street",
        "building": "house"
      },
      "geometry": {
        "type": "Polygon",
        "coordinates": [
          [
            [
              -72.2824573,
              43.7065673
            ],
            [
              -72.2826116,
              43.7065486
            ],
            [
              -72.2826003,
              43.7065
            ],
            [
              -72.2825869,
              43.7064422
            ],
            [
              -72.2824799,
              43.7064552
            ],
            [
              -72.2824783,
              43.7064484
            ],
            [
              -72.2823924,
              43.7064588
            ],
            [
              -72.2823894,
              43.7064458
            ],
            [
              -72.2822396,
              43.7064641
            ],
            [
              -72.2822588,
              43.7065465
            ],
            [
              -72.282406,
              43.7065285
            ],
            [
              -72.2824036,
              43.706518
            ],
            [
              -72.2824447,
              43.706513
            ],
            [
              -72.2824573,
              43.7065673
            ]
          ]
        ]
      },
      "id": "way/873165794"
    },
    {
      "type": "Feature",
      "properties": {
        "@id": "way/873165800",
        "addr:city": "Hanover",
        "addr:housenumber": "3",
        "addr:postcode": "03755",
        "addr:state": "NH",
        "addr:street": "North Park Street",
        "building": "house"
      },
      "geometry": {
        "type": "Polygon",
        "coordinates": [
          [
            [
              -72.2815919,
              43.7047299
            ],
            [
              -72.2815966,
              43.7047506
            ],
            [
              -72.2814034,
              43.7047732
            ],
            [
              -72.2814169,
              43.7048334
            ],
            [
              -72.281472,
              43.704827
            ],
            [
              -72.281479,
              43.7048583
            ],
            [
              -72.2816209,
              43.7048417
            ],
            [
              -72.2816238,
              43.7048547
            ],
            [
              -72.2817095,
              43.7048447
            ],
            [
              -72.2816966,
              43.7047872
            ],
            [
              -72.2816814,
              43.7047194
            ],
            [
              -72.2815919,
              43.7047299
            ]
          ]
        ]
      },
      "id": "way/873165800"
    },
    {
      "type": "Feature",
      "properties": {
        "@id": "way/873165802",
        "addr:city": "Hanover",
        "addr:housenumber": "3.5",
        "addr:postcode": "03755",
        "addr:state": "NH",
        "addr:street": "North Park Street",
        "building": "house",
        "name": "North Park Faculty House",
        "operator": "Dartmouth College"
      },
      "geometry": {
        "type": "Polygon",
        "coordinates": [
          [
            [
              -72.2820134,
              43.7050084
            ],
            [
              -72.2820869,
              43.7050009
            ],
            [
              -72.2820849,
              43.7049901
            ],
            [
              -72.2821099,
              43.7049876
            ],
            [
              -72.2821081,
              43.7049775
            ],
            [
              -72.2821784,
              43.7049709
            ],
            [
              -72.2821729,
              43.7049405
            ],
            [
              -72.2821683,
              43.7049151
            ],
            [
              -72.2821478,
              43.704917
            ],
            [
              -72.2821417,
              43.7048831
            ],
            [
              -72.2821173,
              43.7048714
            ],
            [
              -72.2820634,
              43.7048775
            ],
            [
              -72.2820601,
              43.7048617
            ],
            [
              -72.2819879,
              43.7048697
            ],
            [
              -72.2819928,
              43.7048928
            ],
            [
              -72.2819739,
              43.7048949
            ],
            [
              -72.2819777,
              43.7049133
            ],
            [
              -72.2819279,
              43.7049187
            ],
            [
              -72.2819455,
              43.7050044
            ],
            [
              -72.2820112,
              43.7049974
            ],
            [
              -72.2820134,
              43.7050084
            ]
          ]
        ]
      },
      "id": "way/873165802"
    },
    {
      "type": "Feature",
      "properties": {
        "@id": "way/873165805",
        "addr:city": "Hanover",
        "addr:housenumber": "5",
        "addr:postcode": "03755",
        "addr:state": "NH",
        "addr:street": "North Park Street",
        "building": "house"
      },
      "geometry": {
        "type": "Polygon",
        "coordinates": [
          [
            [
              -72.2820513,
              43.7054626
            ],
            [
              -72.2823207,
              43.7054294
            ],
            [
              -72.2823116,
              43.7053907
            ],
            [
              -72.2823639,
              43.7053843
            ],
            [
              -72.2823599,
              43.7053673
            ],
            [
              -72.2823546,
              43.705345
            ],
            [
              -72.2823364,
              43.7053473
            ],
            [
              -72.2823231,
              43.7052908
            ],
            [
              -72.2822272,
              43.7053026
            ],
            [
              -72.2822231,
              43.7052854
            ],
            [
              -72.2821047,
              43.7053001
            ],
            [
              -72.2821074,
              43.7053116
            ],
            [
              -72.2820956,
              43.705313
            ],
            [
              -72.2820978,
              43.7053225
            ],
            [
              -72.2820205,
              43.705332
            ],
            [
              -72.2820513,
              43.7054626
            ]
          ]
        ]
      },
      "id": "way/873165805"
    },
    {
      "type": "Feature",
      "properties": {
        "@id": "way/873165806",
        "addr:city": "Hanover",
        "addr:housenumber": "7",
        "addr:postcode": "03755",
        "addr:state": "NH",
        "addr:street": "North Park Street",
        "building": "house"
      },
      "geometry": {
        "type": "Polygon",
        "coordinates": [
          [
            [
              -72.2824322,
              43.7057432
            ],
            [
              -72.2824028,
              43.7056186
            ],
            [
              -72.2823391,
              43.7056265
            ],
            [
              -72.2823409,
              43.7056344
            ],
            [
              -72.2822667,
              43.7056435
            ],
            [
              -72.2822729,
              43.7056699
            ],
            [
              -72.2821927,
              43.7056798
            ],
            [
              -72.2822119,
              43.7057614
            ],
            [
              -72.282285,
              43.7057524
            ],
            [
              -72.2822871,
              43.705761
            ],
            [
              -72.2824322,
              43.7057432
            ]
          ]
        ]
      },
      "id": "way/873165806"
    },
    {
      "type": "Feature",
      "properties": {
        "@id": "way/873165807",
        "addr:city": "Hanover",
        "addr:housenumber": "9",
        "addr:postcode": "03755",
        "addr:state": "NH",
        "addr:street": "North Park Street",
        "building": "house"
      },
      "geometry": {
        "type": "Polygon",
        "coordinates": [
          [
            [
              -72.2821313,
              43.7060739
            ],
            [
              -72.2823293,
              43.706047
            ],
            [
              -72.2823271,
              43.7060386
            ],
            [
              -72.2824761,
              43.7060184
            ],
            [
              -72.2824745,
              43.706012
            ],
            [
              -72.2824996,
              43.7060086
            ],
            [
              -72.2824866,
              43.7059586
            ],
            [
              -72.2824726,
              43.7059048
            ],
            [
              -72.2824476,
              43.7059082
            ],
            [
              -72.2824459,
              43.7059017
            ],
            [
              -72.2822429,
              43.7059293
            ],
            [
              -72.2822406,
              43.7059206
            ],
            [
              -72.2820989,
              43.7059399
            ],
            [
              -72.2821155,
              43.7060035
            ],
            [
              -72.282091,
              43.7060068
            ],
            [
              -72.2821052,
              43.706061
            ],
            [
              -72.2821272,
              43.706058
            ],
            [
              -72.2821313,
              43.7060739
            ]
          ]
        ]
      },
      "id": "way/873165807"
    },
    {
      "type": "Feature",
      "properties": {
        "@id": "way/873165809",
        "addr:city": "Hanover",
        "addr:housenumber": "11",
        "addr:postcode": "03755",
        "addr:state": "NH",
        "addr:street": "North Park Street",
        "building": "house"
      },
      "geometry": {
        "type": "Polygon",
        "coordinates": [
          [
            [
              -72.282552,
              43.7061814
            ],
            [
              -72.2823365,
              43.7062034
            ],
            [
              -72.2823459,
              43.7062517
            ],
            [
              -72.2824078,
              43.7062454
            ],
            [
              -72.2824146,
              43.7062804
            ],
            [
              -72.2825682,
              43.7062647
            ],
            [
              -72.2825623,
              43.7062342
            ],
            [
              -72.282552,
              43.7061814
            ]
          ]
        ]
      },
      "id": "way/873165809"
    },
    {
      "type": "Feature",
      "properties": {
        "@id": "way/873165810",
        "addr:city": "Hanover",
        "addr:housenumber": "11",
        "addr:postcode": "03755",
        "addr:state": "NH",
        "addr:street": "North Park Street",
        "building": "garage"
      },
      "geometry": {
        "type": "Polygon",
        "coordinates": [
          [
            [
              -72.2823143,
              43.7062096
            ],
            [
              -72.2822574,
              43.7062169
            ],
            [
              -72.2822721,
              43.7062774
            ],
            [
              -72.282329,
              43.7062702
            ],
            [
              -72.2823143,
              43.7062096
            ]
          ]
        ]
      },
      "id": "way/873165810"
    },
    {
      "type": "Feature",
      "properties": {
        "@id": "way/874153675",
        "amenity": "shelter",
        "bench": "yes",
        "building": "yes",
        "shelter_type": "public_transport"
      },
      "geometry": {
        "type": "Polygon",
        "coordinates": [
          [
            [
              -72.2884086,
              43.7023668
            ],
            [
              -72.2882621,
              43.7023727
            ],
            [
              -72.2882637,
              43.7023931
            ],
            [
              -72.2884102,
              43.7023873
            ],
            [
              -72.2884086,
              43.7023668
            ]
          ]
        ]
      },
      "id": "way/874153675"
    },
    {
      "type": "Feature",
      "properties": {
        "@id": "way/874487238",
        "building": "roof",
        "layer": "1"
      },
      "geometry": {
        "type": "Polygon",
        "coordinates": [
          [
            [
              -72.2897022,
              43.7027735
            ],
            [
              -72.2896922,
              43.7026367
            ],
            [
              -72.2896647,
              43.7026381
            ],
            [
              -72.2896377,
              43.702651
            ],
            [
              -72.289618,
              43.7026696
            ],
            [
              -72.2896077,
              43.7026919
            ],
            [
              -72.2896081,
              43.7027153
            ],
            [
              -72.289619,
              43.7027374
            ],
            [
              -72.2896394,
              43.7027557
            ],
            [
              -72.2896668,
              43.7027682
            ],
            [
              -72.2897022,
              43.7027735
            ]
          ]
        ]
      },
      "id": "way/874487238"
    },
    {
      "type": "Feature",
      "properties": {
        "@id": "way/881069396",
        "building": "yes",
        "name": "Davison Block",
        "short_name": "Davison"
      },
      "geometry": {
        "type": "Polygon",
        "coordinates": [
          [
            [
              -72.2897108,
              43.7019003
            ],
            [
              -72.2894921,
              43.7019067
            ],
            [
              -72.2894982,
              43.7020206
            ],
            [
              -72.2895049,
              43.7021485
            ],
            [
              -72.2897237,
              43.7021426
            ],
            [
              -72.2897227,
              43.7021184
            ],
            [
              -72.2898105,
              43.7021152
            ],
            [
              -72.2899956,
              43.7021093
            ],
            [
              -72.2899898,
              43.7020145
            ],
            [
              -72.289923,
              43.7020166
            ],
            [
              -72.2899216,
              43.7019902
            ],
            [
              -72.2899174,
              43.7018931
            ],
            [
              -72.2898597,
              43.7018942
            ],
            [
              -72.2898604,
              43.7019133
            ],
            [
              -72.2897116,
              43.7019157
            ],
            [
              -72.2897108,
              43.7019003
            ]
          ]
        ]
      },
      "id": "way/881069396"
    },
    {
      "type": "Feature",
      "properties": {
        "@id": "way/881069397",
        "alt_name": "Bridgman Building",
        "building": "yes",
        "name": "Bridgman Block",
        "short_name": "Bridgman"
      },
      "geometry": {
        "type": "Polygon",
        "coordinates": [
          [
            [
              -72.2898022,
              43.7018997
            ],
            [
              -72.2898084,
              43.7018328
            ],
            [
              -72.2898764,
              43.7018363
            ],
            [
              -72.289881,
              43.7017904
            ],
            [
              -72.2898129,
              43.7017869
            ],
            [
              -72.2898222,
              43.7016709
            ],
            [
              -72.2895166,
              43.7016526
            ],
            [
              -72.2895043,
              43.7017894
            ],
            [
              -72.2894921,
              43.7019067
            ],
            [
              -72.2897108,
              43.7019003
            ],
            [
              -72.2898022,
              43.7018997
            ]
          ]
        ]
      },
      "id": "way/881069397"
    },
    {
      "type": "Feature",
      "properties": {
        "@id": "way/882026018",
        "building": "yes",
        "height": "21.64",
        "man_made": "tower",
        "name": "Bartlett Tower",
        "tower:construction": "freestanding",
        "tower:type": "observation"
      },
      "geometry": {
        "type": "Polygon",
        "coordinates": [
          [
            [
              -72.2848636,
              43.7060032
            ],
            [
              -72.2848575,
              43.7060092
            ],
            [
              -72.2848546,
              43.7060163
            ],
            [
              -72.2848551,
              43.7060237
            ],
            [
              -72.284859,
              43.7060305
            ],
            [
              -72.2848659,
              43.706036
            ],
            [
              -72.2848742,
              43.7060394
            ],
            [
              -72.2848836,
              43.7060407
            ],
            [
              -72.2848931,
              43.7060399
            ],
            [
              -72.2849018,
              43.7060369
            ],
            [
              -72.2849087,
              43.7060321
            ],
            [
              -72.2849133,
              43.706026
            ],
            [
              -72.2849149,
              43.7060192
            ],
            [
              -72.2849136,
              43.7060123
            ],
            [
              -72.2849089,
              43.7060058
            ],
            [
              -72.2849015,
              43.7060007
            ],
            [
              -72.2848921,
              43.7059976
            ],
            [
              -72.2848819,
              43.7059971
            ],
            [
              -72.284872,
              43.705999
            ],
            [
              -72.2848636,
              43.7060032
            ]
          ]
        ]
      },
      "id": "way/882026018"
    },
    {
      "type": "Feature",
      "properties": {
        "@id": "way/898107520",
        "building": "yes",
        "source": "microsoft/BuildingFootprints"
      },
      "geometry": {
        "type": "Polygon",
        "coordinates": [
          [
            [
              -72.281305,
              43.700915
            ],
            [
              -72.281288,
              43.700785
            ],
            [
              -72.281155,
              43.700794
            ],
            [
              -72.281172,
              43.700924
            ],
            [
              -72.281305,
              43.700915
            ]
          ]
        ]
      },
      "id": "way/898107520"
    },
    {
      "type": "Feature",
      "properties": {
        "@id": "way/898107521",
        "building": "yes",
        "source": "microsoft/BuildingFootprints"
      },
      "geometry": {
        "type": "Polygon",
        "coordinates": [
          [
            [
              -72.281371,
              43.701284
            ],
            [
              -72.281222,
              43.701291
            ],
            [
              -72.281231,
              43.701392
            ],
            [
              -72.281274,
              43.70139
            ],
            [
              -72.281277,
              43.701427
            ],
            [
              -72.281469,
              43.701418
            ],
            [
              -72.281462,
              43.701334
            ],
            [
              -72.281376,
              43.701338
            ],
            [
              -72.281371,
              43.701284
            ]
          ]
        ]
      },
      "id": "way/898107521"
    },
    {
      "type": "Feature",
      "properties": {
        "@id": "way/898107522",
        "building": "yes",
        "source": "microsoft/BuildingFootprints"
      },
      "geometry": {
        "type": "Polygon",
        "coordinates": [
          [
            [
              -72.281192,
              43.701062
            ],
            [
              -72.281203,
              43.70118
            ],
            [
              -72.281305,
              43.701174
            ],
            [
              -72.281293,
              43.701057
            ],
            [
              -72.281192,
              43.701062
            ]
          ]
        ]
      },
      "id": "way/898107522"
    },
    {
      "type": "Feature",
      "properties": {
        "@id": "way/898107523",
        "building": "yes",
        "source": "microsoft/BuildingFootprints"
      },
      "geometry": {
        "type": "Polygon",
        "coordinates": [
          [
            [
              -72.281539,
              43.701517
            ],
            [
              -72.281398,
              43.701522
            ],
            [
              -72.281404,
              43.701611
            ],
            [
              -72.281546,
              43.701605
            ],
            [
              -72.281539,
              43.701517
            ]
          ]
        ]
      },
      "id": "way/898107523"
    },
    {
      "type": "Feature",
      "properties": {
        "@id": "way/898107524",
        "building": "yes",
        "source": "microsoft/BuildingFootprints"
      },
      "geometry": {
        "type": "Polygon",
        "coordinates": [
          [
            [
              -72.281485,
              43.701872
            ],
            [
              -72.281483,
              43.701843
            ],
            [
              -72.28135,
              43.701849
            ],
            [
              -72.281355,
              43.701901
            ],
            [
              -72.281403,
              43.701899
            ],
            [
              -72.281407,
              43.701941
            ],
            [
              -72.28148,
              43.701938
            ],
            [
              -72.281486,
              43.702
            ],
            [
              -72.281618,
              43.701994
            ],
            [
              -72.281607,
              43.701867
            ],
            [
              -72.281485,
              43.701872
            ]
          ]
        ]
      },
      "id": "way/898107524"
    },
    {
      "type": "Feature",
      "properties": {
        "@id": "way/898107525",
        "building": "yes",
        "source": "microsoft/BuildingFootprints"
      },
      "geometry": {
        "type": "Polygon",
        "coordinates": [
          [
            [
              -72.28171,
              43.702163
            ],
            [
              -72.28159,
              43.702172
            ],
            [
              -72.281571,
              43.70205
            ],
            [
              -72.281482,
              43.702057
            ],
            [
              -72.281511,
              43.702248
            ],
            [
              -72.281721,
              43.702231
            ],
            [
              -72.28171,
              43.702163
            ]
          ]
        ]
      },
      "id": "way/898107525"
    },
    {
      "type": "Feature",
      "properties": {
        "@id": "way/898107526",
        "building": "yes",
        "source": "microsoft/BuildingFootprints"
      },
      "geometry": {
        "type": "Polygon",
        "coordinates": [
          [
            [
              -72.281788,
              43.702459
            ],
            [
              -72.281588,
              43.702479
            ],
            [
              -72.281598,
              43.702531
            ],
            [
              -72.28173,
              43.702517
            ],
            [
              -72.281762,
              43.702681
            ],
            [
              -72.281897,
              43.702667
            ],
            [
              -72.281873,
              43.702546
            ],
            [
              -72.281806,
              43.702552
            ],
            [
              -72.281788,
              43.702459
            ]
          ]
        ]
      },
      "id": "way/898107526"
    },
    {
      "type": "Feature",
      "properties": {
        "@id": "way/898107528",
        "building": "yes",
        "source": "microsoft/BuildingFootprints"
      },
      "geometry": {
        "type": "Polygon",
        "coordinates": [
          [
            [
              -72.281666,
              43.700014
            ],
            [
              -72.281711,
              43.700003
            ],
            [
              -72.281692,
              43.699962
            ],
            [
              -72.281544,
              43.699997
            ],
            [
              -72.28159,
              43.700098
            ],
            [
              -72.281693,
              43.700074
            ],
            [
              -72.281666,
              43.700014
            ]
          ]
        ]
      },
      "id": "way/898107528"
    },
    {
      "type": "Feature",
      "properties": {
        "@id": "way/898107533",
        "building": "yes",
        "source": "microsoft/BuildingFootprints"
      },
      "geometry": {
        "type": "Polygon",
        "coordinates": [
          [
            [
              -72.280002,
              43.701846
            ],
            [
              -72.279933,
              43.701903
            ],
            [
              -72.280028,
              43.701963
            ],
            [
              -72.280098,
              43.701906
            ],
            [
              -72.280002,
              43.701846
            ]
          ]
        ]
      },
      "id": "way/898107533"
    },
    {
      "type": "Feature",
      "properties": {
        "@id": "way/898107534",
        "building": "yes",
        "source": "microsoft/BuildingFootprints"
      },
      "geometry": {
        "type": "Polygon",
        "coordinates": [
          [
            [
              -72.280229,
              43.702571
            ],
            [
              -72.280328,
              43.702638
            ],
            [
              -72.280433,
              43.702558
            ],
            [
              -72.280334,
              43.70249
            ],
            [
              -72.280229,
              43.702571
            ]
          ]
        ]
      },
      "id": "way/898107534"
    },
    {
      "type": "Feature",
      "properties": {
        "@id": "way/898107535",
        "building": "yes",
        "source": "microsoft/BuildingFootprints"
      },
      "geometry": {
        "type": "Polygon",
        "coordinates": [
          [
            [
              -72.279929,
              43.702766
            ],
            [
              -72.280004,
              43.702837
            ],
            [
              -72.280155,
              43.702754
            ],
            [
              -72.28008,
              43.702683
            ],
            [
              -72.279929,
              43.702766
            ]
          ]
        ]
      },
      "id": "way/898107535"
    },
    {
      "type": "Feature",
      "properties": {
        "@id": "way/898107541",
        "building": "yes",
        "source": "microsoft/BuildingFootprints"
      },
      "geometry": {
        "type": "Polygon",
        "coordinates": [
          [
            [
              -72.280053,
              43.702311
            ],
            [
              -72.280006,
              43.702237
            ],
            [
              -72.279809,
              43.702301
            ],
            [
              -72.279856,
              43.702376
            ],
            [
              -72.280053,
              43.702311
            ]
          ]
        ]
      },
      "id": "way/898107541"
    },
    {
      "type": "Feature",
      "properties": {
        "@id": "way/898107542",
        "building": "yes",
        "source": "microsoft/BuildingFootprints"
      },
      "geometry": {
        "type": "Polygon",
        "coordinates": [
          [
            [
              -72.281175,
              43.702602
            ],
            [
              -72.28113,
              43.702368
            ],
            [
              -72.281032,
              43.702378
            ],
            [
              -72.281077,
              43.702612
            ],
            [
              -72.281175,
              43.702602
            ]
          ]
        ]
      },
      "id": "way/898107542"
    },
    {
      "type": "Feature",
      "properties": {
        "@id": "way/910299376",
        "addr:city": "Hanover",
        "addr:housenumber": "33",
        "addr:postcode": "03755",
        "addr:state": "NH",
        "addr:street": "Tuck Mall",
        "building": "university",
        "name": "Irving Institute",
        "name1": "Arthur L. Irving Institute for Energy & Society"
      },
      "geometry": {
        "type": "Polygon",
        "coordinates": [
          [
            [
              -72.2950627,
              43.7048702
            ],
            [
              -72.2945233,
              43.7048756
            ],
            [
              -72.294534,
              43.7052489
            ],
            [
              -72.2946342,
              43.7052465
            ],
            [
              -72.2946329,
              43.7052203
            ],
            [
              -72.294752,
              43.7051332
            ],
            [
              -72.2947511,
              43.705113
            ],
            [
              -72.294976,
              43.7051076
            ],
            [
              -72.295071,
              43.7050359
            ],
            [
              -72.2950627,
              43.7048702
            ]
          ]
        ]
      },
      "id": "way/910299376"
    },
    {
      "type": "Feature",
      "properties": {
        "@id": "way/1130905272",
        "building": "house",
        "source": "microsoft/BuildingFootprints"
      },
      "geometry": {
        "type": "Polygon",
        "coordinates": [
          [
            [
              -72.2876593,
              43.7094658
            ],
            [
              -72.2877377,
              43.7094979
            ],
            [
              -72.2877866,
              43.7094353
            ],
            [
              -72.287635,
              43.7093734
            ],
            [
              -72.2876562,
              43.7093463
            ],
            [
              -72.2875801,
              43.7093152
            ],
            [
              -72.2875675,
              43.7093314
            ],
            [
              -72.2874606,
              43.7092877
            ],
            [
              -72.2874181,
              43.7093421
            ],
            [
              -72.2874803,
              43.7093675
            ],
            [
              -72.2874044,
              43.7094644
            ],
            [
              -72.2873516,
              43.7094428
            ],
            [
              -72.2872999,
              43.709509
            ],
            [
              -72.2875467,
              43.7096098
            ],
            [
              -72.2876593,
              43.7094658
            ]
          ]
        ]
      },
      "id": "way/1130905272"
    },
    {
      "type": "Feature",
      "properties": {
        "@id": "way/1237319357",
        "building": "yes",
        "building:levels": "1",
        "layer": "1"
      },
      "geometry": {
        "type": "Polygon",
        "coordinates": [
          [
            [
              -72.2905973,
              43.7073816
            ],
            [
              -72.2906024,
              43.707372
            ],
            [
              -72.290479,
              43.7073379
            ],
            [
              -72.2904739,
              43.7073475
            ],
            [
              -72.2905973,
              43.7073816
            ]
          ]
        ]
      },
      "id": "way/1237319357"
    },
    {
      "type": "Feature",
      "properties": {
        "@id": "way/1237319365",
        "building": "yes",
        "building:levels": "1",
        "layer": "1"
      },
      "geometry": {
        "type": "Polygon",
        "coordinates": [
          [
            [
              -72.2906928,
              43.7073073
            ],
            [
              -72.290752,
              43.7071891
            ],
            [
              -72.2907267,
              43.7071819
            ],
            [
              -72.2906672,
              43.7073006
            ],
            [
              -72.2906928,
              43.7073073
            ]
          ]
        ]
      },
      "id": "way/1237319365"
    },
    {
      "type": "Feature",
      "properties": {
        "@id": "way/1347559304",
        "building": "yes",
        "source": "microsoft/BuildingFootprints"
      },
      "geometry": {
        "type": "Polygon",
        "coordinates": [
          [
            [
              -72.2812374,
              43.700634
            ],
            [
              -72.2812318,
              43.70051
            ],
            [
              -72.281122,
              43.7005126
            ],
            [
              -72.2811269,
              43.7006203
            ],
            [
              -72.2811912,
              43.7006188
            ],
            [
              -72.2811919,
              43.7006351
            ],
            [
              -72.2812374,
              43.700634
            ]
          ]
        ]
      },
      "id": "way/1347559304"
    },
    {
      "type": "Feature",
      "properties": {
        "@id": "way/1347560677",
        "building": "yes",
        "source": "microsoft/BuildingFootprints"
      },
      "geometry": {
        "type": "Polygon",
        "coordinates": [
          [
            [
              -72.2810128,
              43.7027894
            ],
            [
              -72.2810234,
              43.7028709
            ],
            [
              -72.2811031,
              43.7028655
            ],
            [
              -72.2811048,
              43.7028782
            ],
            [
              -72.2813029,
              43.7028648
            ],
            [
              -72.2812844,
              43.7027214
            ],
            [
              -72.2811739,
              43.7027289
            ],
            [
              -72.2811803,
              43.7027781
            ],
            [
              -72.2810128,
              43.7027894
            ]
          ]
        ]
      },
      "id": "way/1347560677"
    }
  ]
}